id,data_inversa,dia_semana,horario,uf,br,km,municipio,causa_acidente,tipo_acidente,classificacao_acidente,fase_dia,sentido_via,condicao_metereologica,tipo_pista,tracado_via,uso_solo,pessoas,mortos,feridos_leves,feridos_graves,ilesos,ignorados,feridos,veiculos,latitude,longitude,regional,delegacia,uop
572773,2024-01-05,sexta-feira,13:10:00,SC,101,"37,4",JOINVILLE,Condutor deixou de manter distância do veículo da frente,Engavetamento,Com Vítimas Feridas,Pleno dia,Crescente,Céu Claro,Dupla,Reta,Não,6,0,3,0,2,2,3,5,"-26,25050176","-48,90863867",SPRF-SC,DEL03-SC,UOP01-DEL03-SC
572778,2024-01-05,sexta-feira,16:20:00,SP,116,223,GUARULHOS,Reação tardia ou ineficiente do condutor,Colisão lateral mesmo sentido,Com Vítimas Feridas,Pleno dia,Decrescente,Sol,Múltipla,Reta,Não,4,0,1,0,3,0,1,3,"-23,47559815","-46,5246609",SPRF-SP,DEL01-SP,UOP01-DEL01-SP
572779,2024-01-05,sexta-feira,10:45:00,BA,116,"893,9",CANDIDO SALES,Manobra de mudança de faixa,Colisão lateral sentido oposto,Com Vítimas Fatais,Pleno dia,Crescente,Céu Claro,Simples,Reta,Não,11,4,0,0,6,2,0,6,"-15,38437","-41,20159",SPRF-BA,DEL08-BA,UOP03-DEL08-BA
572787,2024-01-05,sexta-feira,14:30:00,PA,163,653,ITAITUBA,Avarias e/ou desgaste excessivo no pneu,Colisão frontal,Com Vítimas Feridas,Pleno dia,Decrescente,Nublado,Simples,Curva;Declive,Não,4,0,2,0,1,3,2,5,"-4,50624587","-55,86575279",SPRF-PA,DEL05-PA,UOP02-DEL05-PA
572793,2024-01-05,sexta-feira,17:30:00,RJ,101,437,MANGARATIBA,Avarias e/ou desgaste excessivo no pneu,Saída de leito carroçável,Com Vítimas Feridas,Pleno dia,Decrescente,Céu Claro,Simples,Curva,Não,3,0,3,0,0,0,3,1,"-22,94811517","-44,06549304",SPRF-RJ,DEL03-RJ,UOP02-DEL03-RJ
572795,2024-01-05,sexta-feira,16:31:00,MG,251,"522,6",MONTES CLAROS,Transitar no Acostamento,Colisão lateral mesmo sentido,Sem Vítimas,Pleno dia,Decrescente,Nublado,Simples,Declive;Reta,Não,4,0,0,0,3,1,0,3,"-16,6754567","-43,7987724",SPRF-MG,DEL12-MG,UOP01-DEL12-MG
572797,2024-01-05,sexta-feira,16:40:00,RJ,101,267,RIO BONITO,Demais falhas mecânicas ou elétricas,Colisão com objeto,Sem Vítimas,Pleno dia,Decrescente,Céu Claro,Dupla,Reta,Sim,2,0,0,0,2,0,0,2,"-22,70728329","-42,66059086",SPRF-RJ,DEL02-RJ,UOP03-DEL02-RJ
572799,2024-01-05,sexta-feira,18:20:00,SC,101,"179,2",BIGUACU,Manobra de mudança de faixa,Colisão traseira,Com Vítimas Feridas,Pleno dia,Crescente,Céu Claro,Dupla,Declive;Reta,Não,4,0,1,0,2,1,1,3,"-27,37281717","-48,63322708",SPRF-SC,DEL01-SC,UOP01-DEL01-SC
572801,2024-01-05,sexta-feira,17:50:00,PR,376,"307,7",MAUA DA SERRA,Velocidade Incompatível,Tombamento,Com Vítimas Feridas,Pleno dia,Decrescente,Céu Claro,Dupla,Curva,Não,2,0,1,0,0,1,1,2,"-23,95032206","-51,1190629",SPRF-PR,DEL07-PR,UOP02-DEL07-PR
572804,2024-01-05,sexta-feira,17:30:00,GO,60,"173,7",ABADIA DE GOIAS,Frear bruscamente,Colisão traseira,Com Vítimas Feridas,Pleno dia,Crescente,Chuva,Dupla,Declive;Reta,Sim,4,0,0,1,3,0,1,2,"-16,74630768","-49,42199707",SPRF-GO,DEL01-GO,UOP02-DEL01-GO
572805,2024-01-05,sexta-feira,17:10:00,GO,50,273,CATALAO,Carga excessiva e/ou mal acondicionada,Derramamento de carga,Sem Vítimas,Pleno dia,Crescente,Céu Claro,Simples,Interseção de Vias,Sim,1,0,0,0,1,0,0,1,"-18,1302","-47,9047",SPRF-GO,DEL06-GO,UOP01-DEL06-GO
572826,2024-01-05,sexta-feira,16:35:00,PR,376,308,ORTIGUEIRA,Reação tardia ou ineficiente do condutor,Engavetamento,Com Vítimas Feridas,Pleno dia,Decrescente,Céu Claro,Dupla,Reta;Declive,Não,6,0,0,1,4,2,1,5,"-23,97857518","-51,09540715",SPRF-PR,DEL07-PR,UOP02-DEL07-PR
572827,2024-01-05,sexta-feira,19:10:00,MT,364,118,ALTO GARCAS,Acostamento em desnível,Saída de leito carroçável,Com Vítimas Feridas,Plena Noite,Crescente,Céu Claro,Simples,Declive,Não,1,0,1,0,0,0,1,1,"-16,86779789","-53,88686657",SPRF-MT,DEL02-MT,UOP02-DEL02-MT
572843,2024-01-05,sexta-feira,21:00:00,SC,101,"12,2",GARUVA,Ingestão de álcool pelo condutor,Colisão com objeto,Sem Vítimas,Plena Noite,Decrescente,Nublado,Dupla,Declive;Reta,Não,1,0,0,0,1,0,0,1,"-26,09803515","-48,86773972",SPRF-SC,DEL03-SC,UOP01-DEL03-SC
572870,2024-01-06,sábado,04:00:00,GO,364,208,JATAI,Ausência de reação do condutor,Saída de leito carroçável,Com Vítimas Feridas,Plena Noite,Crescente,Céu Claro,Simples,Aclive;Curva,Não,1,0,0,1,0,0,1,1,"-17,904121","-51,828594",SPRF-GO,DEL05-GO,UOP01-DEL05-GO
572880,2024-01-06,sábado,05:40:00,AL,101,"165,9",TEOTONIO VILELA,Ausência de reação do condutor,Tombamento,Com Vítimas Feridas,Pleno dia,Crescente,Céu Claro,Dupla,Reta,Não,2,0,1,0,0,1,1,2,"-9,8996779","-36,283047",SPRF-AL,DEL02-AL,UOP02-DEL02-AL
572884,2024-01-06,sábado,05:50:00,MG,365,"441,6",GUIMARANIA,Reação tardia ou ineficiente do condutor,Colisão lateral sentido oposto,Com Vítimas Feridas,Amanhecer,Crescente,Céu Claro,Simples,Reta,Não,3,0,0,1,1,1,1,3,"-18,79969152","-46,75281307",SPRF-MG,DEL10-MG,UOP01-DEL10-MG
572892,2024-01-06,sábado,07:00:00,MG,116,199,CARAI,Pista Escorregadia,Colisão traseira,Com Vítimas Feridas,Pleno dia,Crescente,Garoa/Chuvisco,Simples,Reta,Não,5,0,1,0,3,1,1,4,"-17,23536898","-41,49650703",SPRF-MG,DEL11-MG,UOP01-DEL11-MG
572901,2024-01-06,sábado,05:45:00,GO,153,670,GOIATUBA,Condutor deixou de manter distância do veículo da frente,Saída de leito carroçável,Sem Vítimas,Amanhecer,Crescente,Céu Claro,Dupla,Reta,Não,1,0,0,0,1,0,0,1,"-18,1413","-49,2886",SPRF-GO,DEL03-GO,UOP02-DEL03-GO
572902,2024-01-06,sábado,02:25:00,MA,230,"83,4",SAO JOAO DOS PATOS,Condutor Dormindo,Tombamento,Com Vítimas Feridas,Plena Noite,Crescente,Céu Claro,Simples,Reta,Não,3,0,1,0,2,0,1,1,"-6,49053762","-43,62915604",SPRF-PI,DEL03-PI,UOP01-DEL03-PI
572903,2024-01-06,sábado,06:00:00,BA,101,230,CONCEICAO DO ALMEIDA,Acumulo de água sobre o pavimento,Saída de leito carroçável,Com Vítimas Feridas,Amanhecer,Crescente,Chuva,Simples,Declive;Curva,Não,2,0,1,0,0,1,1,2,"-12,83551106","-39,20129659",SPRF-BA,DEL01-BA,UOP02-DEL01-BA
572908,2024-01-06,sábado,09:45:00,SP,381,57,MAIRIPORA,Ausência de reação do condutor,Colisão traseira,Sem Vítimas,Pleno dia,Crescente,Céu Claro,Dupla,Reta,Não,3,0,0,0,2,1,0,3,"-23,2658219","-46,5839857",SPRF-SP,DEL03-SP,UOP01-DEL03-SP
572911,2024-01-06,sábado,08:50:00,SC,116,"218,5",CORREIA PINTO,Reação tardia ou ineficiente do condutor,Colisão traseira,Com Vítimas Feridas,Pleno dia,Crescente,Nublado,Simples,Reta,Não,5,0,4,0,1,0,4,2,"-27,57407","-50,37174",SPRF-SC,DEL05-SC,UOP03-DEL05-SC
572916,2024-01-06,sábado,08:30:00,BA,116,909,CANDIDO SALES,Problema com o freio,Colisão traseira,Com Vítimas Feridas,Pleno dia,Decrescente,Céu Claro,Simples,Declive;Reta;Ponte,Não,7,0,2,2,3,0,4,2,"-15,51216036","-41,23666763",SPRF-BA,DEL08-BA,UOP03-DEL08-BA
572925,2024-01-06,sábado,08:26:00,GO,364,"379,7",SANTA RITA DO ARAGUAIA,Reação tardia ou ineficiente do condutor,Tombamento,Sem Vítimas,Pleno dia,Decrescente,Céu Claro,Simples,Reta,Não,2,0,0,0,1,3,0,4,"-17,361963","-53,149731",SPRF-GO,DEL05-GO,UOP01-DEL05-GO
572928,2024-01-06,sábado,10:55:00,RS,392,"673,7",SALVADOR DAS MISSOES,Acesso irregular,Colisão transversal,Com Vítimas Feridas,Pleno dia,Decrescente,Céu Claro,Simples,Reta;Interseção de Vias;Em Obras,Sim,4,0,2,0,1,1,2,3,"-28,11989652","-54,84627664",SPRF-RS,DEL10-RS,UOP01-DEL10-RS
572936,2024-01-06,sábado,10:20:00,MA,10,119,ESTREITO,Manobra de mudança de faixa,Colisão frontal,Sem Vítimas,Pleno dia,Crescente,Céu Claro,Simples,Reta,Não,3,0,0,0,3,0,0,2,"-6,6282912","-47,42359132",SPRF-MA,DEL04-MA,UOP02-DEL04-MA
572938,2024-01-06,sábado,07:30:00,BA,235,60,JEREMOABO,Ausência de reação do condutor,Saída de leito carroçável,Com Vítimas Feridas,Pleno dia,Crescente,Céu Claro,Simples,Curva,Não,2,0,1,0,0,1,1,2,"-10,08929173","-38,18273974",SPRF-SE,DEL01-SE,UOP02-DEL01-SE
572939,2024-01-06,sábado,13:20:00,MG,381,444,SANTA LUZIA,Avarias e/ou desgaste excessivo no pneu,Colisão traseira,Com Vítimas Fatais,Pleno dia,Crescente,Céu Claro,Simples,Reta,Não,4,1,1,2,0,0,3,3,"-19,82360393","-43,82539293",SPRF-MG,DEL01-MG,UOP01-DEL01-MG
572945,2024-01-06,sábado,12:40:00,CE,222,62,SAO GONCALO DO AMARANTE,Condutor deixou de manter distância do veículo da frente,Colisão traseira,Sem Vítimas,Pleno dia,Crescente,Céu Claro,Simples,Reta,Não,3,0,0,0,1,4,0,5,"-3,67147075","-39,09840501",SPRF-CE,DEL01-CE,UOP03-DEL01-CE
572947,2024-01-06,sábado,13:00:00,PE,232,139,CARUARU,Carga excessiva e/ou mal acondicionada,Tombamento,Com Vítimas Feridas,Pleno dia,Decrescente,Céu Claro,Dupla,Aclive;Retorno Regulamentado,Não,2,0,2,0,0,0,2,1,"-8,31947086","-36,06799801",SPRF-PE,DEL02-PE,UOP01-DEL02-PE
572955,2024-01-06,sábado,14:00:00,SP,381,43,ATIBAIA,Demais falhas mecânicas ou elétricas,Colisão com objeto,Com Vítimas Feridas,Pleno dia,Decrescente,Céu Claro,Dupla,Reta;Aclive,Sim,2,0,1,0,0,1,1,2,"-23,15597105","-46,5740155",SPRF-SP,DEL03-SP,UOP01-DEL03-SP
572958,2024-01-06,sábado,12:30:00,MG,381,483,BETIM,Condutor deixou de manter distância do veículo da frente,Colisão traseira,Sem Vítimas,Pleno dia,Crescente,Nublado,Dupla,Declive;Reta,Não,2,0,0,0,1,1,0,2,"-19,95963614","-44,08476988",SPRF-MG,DEL01-MG,UOP03-DEL01-MG
572960,2024-01-06,sábado,13:30:00,RJ,116,55,TERESOPOLIS,Reação tardia ou ineficiente do condutor,Colisão frontal,Com Vítimas Feridas,Pleno dia,Crescente,Céu Claro,Simples,Curva;Declive,Não,4,0,2,0,1,1,2,3,"-22,20348855","-42,88843108",SPRF-RJ,DEL04-RJ,UOP01-DEL04-RJ
572962,2024-01-06,sábado,16:15:00,RS,392,119,CANGUCU,Ausência de reação do condutor,Tombamento,Com Vítimas Fatais,Pleno dia,Crescente,Céu Claro,Simples,Curva;Declive,Não,4,1,0,0,1,3,0,5,"-31,39884811","-52,68472032",SPRF-RS,DEL07-RS,UOP01-DEL07-RS
572966,2024-01-06,sábado,14:20:00,AL,101,"86,6",RIO LARGO,Condutor Dormindo,Colisão traseira,Com Vítimas Feridas,Pleno dia,Crescente,Céu Claro,Dupla,Reta;Aclive,Não,3,0,1,0,1,1,1,3,"-9,47238667","-35,88083026",SPRF-AL,DEL01-AL,UOP01-DEL01-AL
572970,2024-01-06,sábado,15:00:00,TO,235,187,TUPIRAMA,Conversão proibida,Colisão transversal,Com Vítimas Fatais,Pleno dia,Decrescente,Nublado,Simples,Reta,Não,3,1,0,0,2,0,0,2,"-8,97492336","-48,358959",SPRF-TO,DEL02-TO,UOP02-DEL02-TO
572983,2024-01-06,sábado,16:45:00,RJ,116,285,BARRA MANSA,Reação tardia ou ineficiente do condutor,Colisão com objeto,Com Vítimas Feridas,Pleno dia,Decrescente,Céu Claro,Dupla,Reta,Não,3,0,0,1,1,2,1,4,"-22,50496778","-44,22509483",SPRF-RJ,DEL07-RJ,UOP02-DEL07-RJ
572989,2024-01-06,sábado,17:00:00,PR,277,"413,9",CANTAGALO,Condutor Dormindo,Saída de leito carroçável,Com Vítimas Feridas,Pleno dia,Crescente,Sol,Simples,Aclive;Reta,Não,5,0,1,0,4,0,1,1,"-25,41534","-52,074921",SPRF-PR,DEL04-PR,UOP02-DEL04-PR
572990,2024-01-06,sábado,17:00:00,MG,262,381,MATEUS LEME,Velocidade Incompatível,Colisão traseira,Com Vítimas Feridas,Pleno dia,Crescente,Céu Claro,Dupla,Curva;Declive,Sim,3,0,0,1,1,2,1,4,"-19,940622","-44,386969",SPRF-MG,DEL01-MG,UOP03-DEL01-MG
572997,2024-01-06,sábado,15:20:00,MG,381,"432,8",CAETE,Mal súbito do condutor,Colisão frontal,Com Vítimas Feridas,Pleno dia,Crescente,Céu Claro,Simples,Curva,Não,10,0,8,0,1,1,8,5,"-19,786624","-43,714648",SPRF-MG,DEL01-MG,UOP01-DEL01-MG
573000,2024-01-06,sábado,16:00:00,BA,242,245,ITABERABA,Reação tardia ou ineficiente do condutor,Tombamento,Com Vítimas Feridas,Pleno dia,Crescente,Sol,Simples,Curva,Não,1,0,0,1,0,0,1,1,"-12,501217","-40,428325",SPRF-BA,DEL06-BA,UOP02-DEL06-BA
573004,2024-01-06,sábado,16:50:00,RO,364,530,ARIQUEMES,Manobra de mudança de faixa,Colisão lateral mesmo sentido,Sem Vítimas,Pleno dia,Decrescente,Céu Claro,Simples,Reta,Não,3,0,0,0,2,4,0,6,"-9,798182","-63,08591499",SPRF-RO,DEL03-RO,UOP01-DEL03-RO
573010,2024-01-06,sábado,18:35:00,PB,230,"256,2",ASSUNCAO,Acessar a via sem observar a presença dos outros veículos,Colisão transversal,Sem Vítimas,Plena Noite,Decrescente,Céu Claro,Simples,Retorno Regulamentado;Reta;Interseção de Vias,Não,6,0,0,0,6,0,0,2,"-7,0177","-36,6742",SPRF-PB,DEL03-PB,UOP01-DEL03-PB
573023,2024-01-06,sábado,20:00:00,MT,163,838,SINOP,Acesso irregular,Colisão lateral mesmo sentido,Sem Vítimas,Plena Noite,Decrescente,Céu Claro,Dupla,Retorno Regulamentado;Reta,Sim,7,0,0,0,6,1,0,3,"-11,83003306","-55,48726559",SPRF-MT,DEL06-MT,UOP02-DEL06-MT
573024,2024-01-06,sábado,19:00:00,MA,316,567,CAXIAS,Ingestão de álcool pelo condutor,Colisão lateral sentido oposto,Sem Vítimas,Plena Noite,Crescente,Céu Claro,Simples,Reta,Não,3,0,0,0,3,0,0,3,"-4,911043","-43,225277",SPRF-MA,DEL03-MA,UOP02-DEL03-MA
573039,2024-01-06,sábado,21:20:00,SP,116,513,CAJATI,Reação tardia ou ineficiente do condutor,Tombamento,Com Vítimas Feridas,Plena Noite,Decrescente,Nublado,Dupla,Curva;Declive,Não,2,0,1,0,0,1,1,2,"-24,85109616","-48,21802405",SPRF-SP,DEL05-SP,UOP02-DEL05-SP
573046,2024-01-06,sábado,21:00:00,RO,364,14,VILHENA,Ausência de reação do condutor,Colisão com objeto,Com Vítimas Feridas,Plena Noite,Crescente,Garoa/Chuvisco,Dupla,Reta,Sim,3,0,0,1,1,2,1,4,"-12,73898138","-60,13911417",SPRF-RO,DEL04-RO,UOP01-DEL04-RO
573047,2024-01-06,sábado,22:00:00,MG,365,622,UBERLANDIA,Ausência de reação do condutor,Colisão traseira,Com Vítimas Feridas,Plena Noite,Decrescente,Céu Claro,Dupla,Reta,Sim,3,0,1,0,2,0,1,2,"-18,89589256","-48,27156544",SPRF-MG,DEL15-MG,UOP01-DEL15-MG
573053,2024-01-06,sábado,11:45:00,MT,364,136,PEDRA PRETA,Velocidade Incompatível,Tombamento,Com Vítimas Feridas,Pleno dia,Decrescente,Céu Claro,Simples,Curva,Não,2,0,0,1,0,1,1,2,"-16,8143072","-54,07950613",SPRF-MT,DEL02-MT,UOP01-DEL02-MT
573058,2024-01-06,sábado,22:40:00,MG,40,"505,4",RIBEIRAO DAS NEVES,Ingestão de álcool pelo condutor,Colisão lateral mesmo sentido,Sem Vítimas,Plena Noite,Decrescente,Nublado,Dupla,Aclive;Reta,Não,2,0,0,0,2,0,0,2,"-19,74053","-44,14891",SPRF-MG,DEL02-MG,UOP01-DEL02-MG
573062,2024-01-06,sábado,23:40:00,MS,163,678,RIO VERDE DE MATO GROSSO,Ausência de reação do condutor,Colisão traseira,Com Vítimas Feridas,Plena Noite,Decrescente,Céu Claro,Simples,Reta;Aclive,Não,3,0,0,2,1,0,2,2,"-18,94110596","-54,82984864",SPRF-MS,DEL06-MS,UOP02-DEL06-MS
573073,2024-01-07,domingo,01:20:00,PR,163,"294,5",MARECHAL CANDIDO RONDON,Condutor Dormindo,Colisão transversal,Com Vítimas Feridas,Pleno dia,Crescente,Céu Claro,Simples,Curva,Não,3,0,0,1,1,1,1,3,"-24,500189","-54,125806",SPRF-PR,DEL06-PR,UOP02-DEL06-PR
573075,2024-01-07,domingo,01:45:00,TO,153,"428,8",MIRACEMA DO TOCANTINS,Manobra de mudança de faixa,Colisão lateral mesmo sentido,Com Vítimas Feridas,Plena Noite,Crescente,Nublado,Simples,Reta;Declive,Não,8,0,2,0,4,2,2,4,"-9,65283","-48,64251",SPRF-TO,DEL01-TO,UOP01-DEL01-TO
573083,2024-01-07,domingo,01:32:00,MA,10,316,ACAILANDIA,Ingestão de álcool pelo condutor,Colisão lateral sentido oposto,Sem Vítimas,Plena Noite,Decrescente,Céu Claro,Simples,Reta,Não,3,0,0,0,1,4,0,5,"-4,982702","-47,522224",SPRF-MA,DEL04-MA,UOP03-DEL04-MA
573107,2024-01-07,domingo,06:22:00,TO,153,"716,2",CARIRI DO TOCANTINS,Avarias e/ou desgaste excessivo no pneu,Colisão lateral sentido oposto,Com Vítimas Feridas,Pleno dia,Crescente,Céu Claro,Simples,Reta,Não,6,0,6,0,0,0,6,2,"-12,09169576","-49,19398785",SPRF-TO,DEL01-TO,UOP02-DEL01-TO
573119,2024-01-07,domingo,05:50:00,MG,116,"221,7",CATUJI,Reação tardia ou ineficiente do condutor,Tombamento,Com Vítimas Fatais,Amanhecer,Decrescente,Nublado,Simples,Declive;Curva,Não,2,2,0,0,0,0,0,1,"-17,41543302","-41,51420574",SPRF-MG,DEL11-MG,UOP01-DEL11-MG
573127,2024-01-06,sábado,20:55:00,RS,158,"211,2",CRUZ ALTA,Ingestão de álcool pelo condutor,Saída de leito carroçável,Sem Vítimas,Plena Noite,Decrescente,Céu Claro,Simples,Reta,Não,2,0,0,0,1,1,0,2,"-28,78294784","-53,59925344",SPRF-RS,DEL10-RS,UOP02-DEL10-RS
573136,2024-01-07,domingo,11:00:00,MG,381,"864,5",POUSO ALEGRE,Condutor Dormindo,Colisão traseira,Com Vítimas Feridas,Pleno dia,Crescente,Céu Claro,Dupla,Reta;Aclive,Não,2,0,1,0,1,0,1,2,"-22,38483528","-45,95062148",SPRF-MG,DEL16-MG,UOP01-DEL16-MG
573141,2024-01-07,domingo,10:20:00,GO,153,653,GOIATUBA,Condutor Dormindo,Colisão traseira,Com Vítimas Feridas,Pleno dia,Decrescente,Céu Claro,Dupla,Reta,Não,4,0,1,0,2,2,1,4,"-17,9926","-49,2601",SPRF-GO,DEL03-GO,UOP01-DEL03-GO
573148,2024-01-07,domingo,09:50:00,MA,222,652,ACAILANDIA,Transitar na contramão,Tombamento,Com Vítimas Feridas,Pleno dia,Crescente,Nublado,Simples,Curva;Aclive,Não,10,0,3,1,5,1,4,4,"-4,83750775","-47,28653915",SPRF-MA,DEL04-MA,UOP03-DEL04-MA
573157,2024-01-07,domingo,12:30:00,GO,364,248,JATAI,Acostamento em desnível,Tombamento,Com Vítimas Feridas,Pleno dia,Decrescente,Céu Claro,Simples,Reta,Não,8,0,2,0,5,1,2,3,"-17,734665","-52,137199",SPRF-GO,DEL05-GO,UOP01-DEL05-GO
573160,2024-01-07,domingo,12:00:00,SP,116,364,MIRACATU,Demais falhas mecânicas ou elétricas,Tombamento,Com Vítimas Feridas,Pleno dia,Decrescente,Sol,Dupla,Reta,Não,5,0,4,0,0,1,4,2,"-24,13881806","-47,27310246",SPRF-SP,DEL04-SP,UOP02-DEL04-SP
573162,2024-01-07,domingo,13:00:00,MG,251,"471,5",FRANCISCO SA,Velocidade Incompatível,Colisão traseira,Com Vítimas Feridas,Pleno dia,Crescente,Chuva,Simples,Declive;Reta,Não,4,0,1,0,2,1,1,3,"-16,46801304","-43,43121303",SPRF-MG,DEL12-MG,UOP01-DEL12-MG
573164,2024-01-07,domingo,13:25:00,RS,386,"110,2",SARANDI,Curva acentuada,Saída de leito carroçável,Com Vítimas Feridas,Pleno dia,Decrescente,Céu Claro,Simples,Curva,Não,2,0,1,0,0,1,1,2,"-27,79747664","-53,05267811",SPRF-RS,DEL08-RS,UOP01-DEL08-RS
573192,2024-01-07,domingo,16:20:00,RJ,393,151,TRES RIOS,Velocidade Incompatível,Tombamento,Com Vítimas Feridas,Pleno dia,Crescente,Céu Claro,Simples,Curva,Não,2,0,1,0,0,1,1,2,"-22,06019504","-43,02885795",SPRF-RJ,DEL05-RJ,UOP01-DEL05-RJ
573195,2024-01-07,domingo,17:20:00,GO,364,199,JATAI,Ingestão de álcool pelo condutor,Colisão traseira,Sem Vítimas,Pleno dia,Decrescente,Céu Claro,Dupla,Declive,Não,3,0,0,0,2,3,0,5,"-17,920801","-51,748596",SPRF-GO,DEL05-GO,UOP01-DEL05-GO
573216,2024-01-07,domingo,17:30:00,BA,101,"396,2",IBIRAPITANGA,Reação tardia ou ineficiente do condutor,Saída de leito carroçável,Com Vítimas Feridas,Anoitecer,Crescente,Nublado,Simples,Curva,Não,2,0,1,0,0,1,1,2,"-13,988666","-39,4644",SPRF-BA,DEL05-BA,UOP03-DEL05-BA
573218,2024-01-07,domingo,16:50:00,RO,364,"12,8",VILHENA,Ingestão de álcool pelo condutor,Colisão lateral sentido oposto,Sem Vítimas,Pleno dia,Decrescente,Céu Claro,Dupla,Reta,Sim,3,0,0,0,2,3,0,5,"-12,74370233","-60,12147609",SPRF-RO,DEL04-RO,UOP01-DEL04-RO
573225,2024-01-07,domingo,20:30:00,MG,40,426,PARAOPEBA,Acessar a via sem observar a presença dos outros veículos,Colisão traseira,Com Vítimas Feridas,Plena Noite,Crescente,Nublado,Dupla,Reta,Não,2,0,0,1,0,1,1,2,"-19,16811528","-44,51542722",SPRF-MG,DEL02-MG,UOP01-DEL02-MG
573228,2024-01-07,domingo,17:20:00,GO,20,"143,9",FLORES DE GOIAS,Ingestão de substâncias psicoativas pelo condutor,Colisão frontal,Com Vítimas Fatais,Pleno dia,Decrescente,Nublado,Simples,Curva,Não,7,1,1,2,1,3,3,5,"-14,751895","-46,65666",SPRF-DF,DEL02-DF,UOP03-DEL02-DF
573234,2024-01-07,domingo,19:30:00,PR,376,"181,9",MARINGA,Manobra de mudança de faixa,Colisão lateral mesmo sentido,Com Vítimas Feridas,Plena Noite,Decrescente,Céu Claro,Dupla,Rotatória,Sim,4,0,1,0,2,1,1,3,"-23,43111902","-51,88842773",SPRF-PR,DEL09-PR,UOP01-DEL09-PR
573268,2024-01-07,domingo,23:30:00,MG,381,"525,5",BRUMADINHO,Problema com o freio,Colisão traseira,Com Vítimas Feridas,Plena Noite,Crescente,Céu Claro,Dupla,Curva;Declive,Não,2,0,2,0,0,0,2,2,"-20,16710798","-44,33422398",SPRF-MG,DEL04-MG,UOP03-DEL04-MG
573273,2024-01-07,domingo,21:00:00,GO,452,"154,5",BOM JESUS DE GOIAS,Mal súbito do condutor,Saída de leito carroçável,Com Vítimas Feridas,Plena Noite,Crescente,Céu Claro,Simples,Ponte,Não,2,0,1,0,0,2,1,3,"-18,29856164","-49,55412505",SPRF-GO,DEL03-GO,UOP02-DEL03-GO
573275,2024-01-08,segunda-feira,00:46:00,MG,381,"524,5",BRUMADINHO,Problema com o freio,Colisão traseira,Com Vítimas Feridas,Plena Noite,Crescente,Nublado,Dupla,Reta,Não,3,0,0,1,1,2,1,4,"-20,160736","-44,329843",SPRF-MG,DEL04-MG,UOP03-DEL04-MG
573279,2024-01-08,segunda-feira,01:10:00,MG,381,358,JOAO MONLEVADE,Ingestão de álcool pelo condutor,Colisão lateral mesmo sentido,Sem Vítimas,Plena Noite,Crescente,Nublado,Simples,Reta,Sim,4,0,0,0,3,2,0,4,"-19,8381719","-43,18513155",SPRF-MG,DEL03-MG,UOP01-DEL03-MG
573299,2024-01-08,segunda-feira,06:30:00,MG,50,136,UBERABA,Demais falhas mecânicas ou elétricas,Saída de leito carroçável,Com Vítimas Feridas,Pleno dia,Decrescente,Céu Claro,Dupla,Reta,Não,3,0,2,0,0,3,2,5,"-19,44189098","-48,06412595",SPRF-MG,DEL13-MG,UOP01-DEL13-MG
573306,2024-01-08,segunda-feira,07:30:00,MG,354,"710,6",CAXAMBU,Velocidade Incompatível,Saída de leito carroçável,Com Vítimas Feridas,Pleno dia,Crescente,Nublado,Simples,Aclive;Curva,Sim,3,0,1,0,1,2,1,4,"-22,03251698","-44,92520109",SPRF-MG,DEL17-MG,UOP01-DEL17-MG
573311,2024-01-08,segunda-feira,07:00:00,ES,101,"271,8",SERRA,Condutor deixou de manter distância do veículo da frente,Colisão traseira,Com Vítimas Feridas,Pleno dia,Crescente,Sol,Dupla,Reta,Sim,2,0,1,0,1,0,1,2,"-20,23267","-40,27658",SPRF-ES,DEL02-ES,UOP01-DEL02-ES
573325,2024-01-08,segunda-feira,08:46:00,MG,40,"638,2",CONSELHEIRO LAFAIETE,Conversão proibida,Colisão transversal,Com Vítimas Feridas,Pleno dia,Crescente,Céu Claro,Simples,Reta,Não,3,0,1,0,1,1,1,3,"-20,73016759","-43,80036592",SPRF-MG,DEL05-MG,UOP02-DEL05-MG
573330,2024-01-08,segunda-feira,09:05:00,PR,373,"228,1",IMBITUVA,Ausência de reação do condutor,Colisão traseira,Com Vítimas Feridas,Pleno dia,Crescente,Sol,Simples,Aclive;Reta,Não,3,0,1,0,1,2,1,4,"-25,174608","-50,639412",SPRF-PR,DEL03-PR,UOP01-DEL03-PR
573332,2024-01-08,segunda-feira,10:00:00,PA,316,"36,4",SANTA IZABEL DO PARA,Desvio temporário,Colisão transversal,Com Vítimas Feridas,Pleno dia,Crescente,Céu Claro,Dupla,Reta;Em Obras;Desvio Temporário,Sim,4,0,0,3,1,0,3,2,"-1,29009976","-48,15602469",SPRF-PA,DEL01-PA,UOP01-DEL01-PA
573335,2024-01-08,segunda-feira,10:40:00,PI,316,7,TERESINA,Condutor deixou de manter distância do veículo da frente,Colisão traseira,Com Vítimas Feridas,Pleno dia,Crescente,Sol,Dupla,Reta;Declive,Sim,5,0,2,2,1,0,4,2,"-5,15584638","-42,77173332",SPRF-PI,DEL01-PI,UOP02-DEL01-PI