id,data_inversa,dia_semana,horario,uf,br,km,municipio,causa_acidente,tipo_acidente,classificacao_acidente,fase_dia,sentido_via,condicao_metereologica,tipo_pista,tracado_via,uso_solo,pessoas,mortos,feridos_leves,feridos_graves,ilesos,ignorados,feridos,veiculos,latitude,longitude,regional,delegacia,uop
574927,2024-01-15,segunda-feira,16:00:00,ES,101,"286,7",CARIACICA,Reação tardia ou ineficiente do condutor,Colisão lateral mesmo sentido,Com Vítimas Feridas,Pleno dia,Crescente,Céu Claro,Múltipla,Reta,Não,2,0,1,0,0,1,1,2,"-20,25902175","-40,37753412",SPRF-ES,DEL01-ES,UOP01-DEL01-ES
574928,2024-01-15,segunda-feira,15:50:00,MG,262,476,BOM DESPACHO,Desrespeitar a preferência no cruzamento,Colisão transversal,Com Vítimas Feridas,Pleno dia,Crescente,Céu Claro,Simples,Interseção de Vias,Não,3,0,2,0,1,0,2,2,"-19,7879943","-45,21134295",SPRF-MG,DEL08-MG,UOP03-DEL08-MG
574935,2024-01-15,segunda-feira,15:30:00,MT,163,831,SINOP,Velocidade Incompatível,Colisão traseira,Com Vítimas Feridas,Pleno dia,Decrescente,Céu Claro,Dupla,Reta;Retorno Regulamentado;Interseção de Vias;Rotatória,Sim,4,0,1,0,2,5,1,7,"-12,022768","-55,51723",SPRF-MT,DEL06-MT,UOP02-DEL06-MT
574939,2024-01-15,segunda-feira,13:00:00,PR,476,82,BOCAIUVA DO SUL,Avarias e/ou desgaste excessivo no pneu,Colisão lateral sentido oposto,Com Vítimas Feridas,Pleno dia,Crescente,Chuva,Simples,Curva,Não,5,0,1,0,3,2,1,4,"-25,13823342","-49,10689116",SPRF-PR,DEL01-PR,UOP01-DEL01-PR
574944,2024-01-15,segunda-feira,16:40:00,RJ,101,46,CAMPOS DOS GOYTACAZES,Desrespeitar a preferência no cruzamento,Colisão transversal,Com Vítimas Feridas,Pleno dia,Decrescente,Céu Claro,Simples,Reta;Retorno Regulamentado;Interseção de Vias,Sim,3,0,1,0,1,1,1,3,"-21,59839998","-41,3168335",SPRF-RJ,DEL08-RJ,UOP01-DEL08-RJ
574945,2024-01-15,segunda-feira,16:00:00,PR,376,"242,7",APUCARANA,Ausência de reação do condutor,Tombamento,Com Vítimas Fatais,Pleno dia,Crescente,Nublado,Dupla,Curva,Não,3,1,0,1,0,1,1,2,"-23,580437","-51,436026",SPRF-PR,DEL07-PR,UOP03-DEL07-PR
574949,2024-01-15,segunda-feira,17:40:00,GO,153,"506,8",APARECIDA DE GOIANIA,Condutor deixou de manter distância do veículo da frente,Colisão traseira,Com Vítimas Feridas,Pleno dia,Decrescente,Céu Claro,Múltipla,Aclive,Sim,2,0,1,0,1,0,1,2,"-16,76068022","-49,24016476",SPRF-GO,DEL01-GO,UOP01-DEL01-GO
574950,2024-01-15,segunda-feira,17:40:00,TO,10,456,PALMAS,Ingestão de álcool pelo condutor,Colisão lateral mesmo sentido,Sem Vítimas,Pleno dia,Decrescente,Céu Claro,Múltipla,Reta,Sim,2,0,0,0,2,0,0,2,"-10,295737","-48,297578",SPRF-TO,DEL01-TO,UOP03-DEL01-TO
574963,2024-01-15,segunda-feira,16:20:00,MS,158,221,SELVIRIA,Demais falhas mecânicas ou elétricas,Incêndio,Sem Vítimas,Pleno dia,Decrescente,Céu Claro,Simples,Reta,Não,2,0,0,0,1,2,0,3,"-20,51786834","-51,5795013",SPRF-MS,DEL07-MS,UOP01-DEL07-MS
574966,2024-01-15,segunda-feira,18:30:00,MG,40,507,RIBEIRAO DAS NEVES,Transitar no Acostamento,Colisão lateral mesmo sentido,Com Vítimas Feridas,Plena Noite,Crescente,Céu Claro,Dupla,Reta,Sim,2,0,0,1,1,0,1,2,"-19,75431705","-44,14152606",SPRF-MG,DEL02-MG,UOP01-DEL02-MG
574969,2024-01-15,segunda-feira,13:19:00,RJ,40,72,PETROPOLIS,Velocidade Incompatível,Colisão com objeto,Com Vítimas Feridas,Pleno dia,Decrescente,Céu Claro,Dupla,Reta,Não,2,0,1,0,0,1,1,2,"-22,4585308","-43,21600514",SPRF-RJ,DEL01-RJ,UOP01-DEL01-RJ
574971,2024-01-15,segunda-feira,13:33:00,MG,381,646,SANTO ANTONIO DO AMPARO,Ausência de reação do condutor,Saída de leito carroçável,Com Vítimas Feridas,Pleno dia,Crescente,Chuva,Dupla,Curva;Declive,Não,3,0,1,0,1,1,1,3,"-20,94471289","-44,88107085",SPRF-MG,DEL04-MG,UOP02-DEL04-MG
574972,2024-01-15,segunda-feira,19:11:00,PE,101,10,GOIANA,Ingestão de álcool pelo condutor,Colisão transversal,Com Vítimas Feridas,Plena Noite,Decrescente,Céu Claro,Dupla,Curva,Não,3,0,1,0,1,1,1,3,"-7,58679204","-34,98736241",SPRF-PE,DEL01-PE,UOP02-DEL01-PE
574974,2024-01-15,segunda-feira,18:20:00,PI,343,86,BURITI DOS LOPES,Reação tardia ou ineficiente do condutor,Colisão lateral mesmo sentido,Com Vítimas Feridas,Anoitecer,Crescente,Céu Claro,Simples,Reta,Não,3,0,1,1,1,0,2,2,"-3,459998","-41,745869",SPRF-PI,DEL05-PI,UOP01-DEL05-PI
574976,2024-01-15,segunda-feira,16:00:00,ES,262,63,MARECHAL FLORIANO,Velocidade Incompatível,Tombamento,Sem Vítimas,Pleno dia,Crescente,Céu Claro,Simples,Declive;Curva,Não,2,0,0,0,1,3,0,4,"-20,418443","-40,816225",SPRF-ES,DEL01-ES,UOP02-DEL01-ES
574984,2024-01-15,segunda-feira,19:45:00,RS,290,549,ALEGRETE,Demais falhas mecânicas ou elétricas,Incêndio,Sem Vítimas,Plena Noite,Decrescente,Céu Claro,Simples,Aclive;Reta,Não,2,0,0,0,1,1,0,2,"-29,94013","-55,500866",SPRF-RS,DEL13-RS,UOP02-DEL13-RS
574989,2024-01-15,segunda-feira,21:40:00,SP,116,"229,1",SAO PAULO,Condutor Dormindo,Engavetamento,Com Vítimas Fatais,Plena Noite,Decrescente,Nublado,Múltipla,Reta,Sim,9,3,0,2,3,4,2,8,"-23,512397","-46,575819",SPRF-SP,DEL01-SP,UOP01-DEL01-SP
574993,2024-01-15,segunda-feira,15:45:00,MA,135,415,JATOBA,Ausência de reação do condutor,Colisão traseira,Com Vítimas Fatais,Pleno dia,Crescente,Céu Claro,Simples,Declive;Reta,Sim,7,1,1,1,3,1,2,3,"-5,90437707","-44,29721116",SPRF-MA,DEL06-MA,UOP01-DEL06-MA
574994,2024-01-15,segunda-feira,20:45:00,RJ,101,177,MACAE,Ausência de reação do condutor,Colisão lateral sentido oposto,Com Vítimas Feridas,Plena Noite,Crescente,Nublado,Simples,Curva,Não,3,0,1,0,1,1,1,3,"-22,38696304","-41,98541396",SPRF-RJ,DEL08-RJ,UOP04-DEL08-RJ
574997,2024-01-15,segunda-feira,21:20:00,PR,476,"224,4",LAPA,Demais falhas mecânicas ou elétricas,Tombamento,Sem Vítimas,Plena Noite,Crescente,Céu Claro,Simples,Declive;Reta,Não,2,0,0,0,1,1,0,2,"-25,848568","-49,941429",SPRF-PR,DEL01-PR,UOP06-DEL01-PR
574998,2024-01-15,segunda-feira,21:15:00,MT,163,602,NOVA MUTUM,Velocidade Incompatível,Colisão transversal,Com Vítimas Feridas,Plena Noite,Crescente,Céu Claro,Simples,Reta,Não,3,0,0,1,1,5,1,7,"-13,89007603","-56,08964479",SPRF-MT,DEL01-MT,UOP01-DEL01-MT
575001,2024-01-15,segunda-feira,23:30:00,PR,369,"416,2",JURANDA,Acessar a via sem observar a presença dos outros veículos,Colisão lateral sentido oposto,Com Vítimas Fatais,Plena Noite,Crescente,Nublado,Simples,Reta,Sim,3,1,0,0,2,0,0,2,"-24,47431825","-52,87474036",SPRF-PR,DEL04-PR,UOP03-DEL04-PR
575003,2024-01-15,segunda-feira,15:30:00,PR,277,"502,9",GUARANIACU,Condutor Dormindo,Colisão frontal,Com Vítimas Feridas,Pleno dia,Decrescente,Garoa/Chuvisco,Simples,Declive;Reta,Não,6,0,1,2,2,2,3,4,"-25,15665106","-52,69694215",SPRF-PR,DEL04-PR,UOP04-DEL04-PR
575006,2024-01-16,terça-feira,01:45:00,RN,101,"129,8",SAO JOSE DE MIPIBU,Animais na Pista,Atropelamento de Animal,Com Vítimas Feridas,Plena Noite,Decrescente,Céu Claro,Dupla,Retorno Regulamentado,Não,2,0,1,0,0,1,1,2,"-6,112119","-35,233627",SPRF-RN,DEL01-RN,UOP01-DEL01-RN
575008,2024-01-16,terça-feira,02:35:00,MT,364,"392,2",CUIABA,Condutor Dormindo,Saída de leito carroçável,Com Vítimas Feridas,Plena Noite,Decrescente,Céu Claro,Dupla,Reta,Não,1,0,1,0,0,0,1,1,"-15,68824488","-55,91002464",SPRF-MT,DEL01-MT,UOP02-DEL01-MT
575009,2024-01-16,terça-feira,03:30:00,ES,101,"317,5",VILA VELHA,Condutor Dormindo,Tombamento,Com Vítimas Feridas,Plena Noite,Decrescente,Céu Claro,Dupla,Reta;Declive,Não,1,0,1,0,0,0,1,1,"-20,48575596","-40,47626411",SPRF-ES,DEL01-ES,UOP01-DEL01-ES
575019,2024-01-08,segunda-feira,13:25:00,PB,101,83,BAYEUX,Acessar a via sem observar a presença dos outros veículos,Tombamento,Com Vítimas Feridas,Pleno dia,Crescente,Céu Claro,Dupla,Reta,Sim,4,0,1,0,3,0,1,4,"-7,1337703","-34,92963914",SPRF-PB,DEL01-PB,UOP01-DEL01-PB
575021,2024-01-16,terça-feira,07:00:00,SC,470,169,POUSO REDONDO,Acessar a via sem observar a presença dos outros veículos,Colisão transversal,Com Vítimas Feridas,Pleno dia,Crescente,Céu Claro,Simples,Rotatória;Reta;Interseção de Vias,Sim,3,0,0,1,1,2,1,4,"-27,26552112","-49,88151312",SPRF-SC,DEL04-SC,UOP02-DEL04-SC
575032,2024-01-16,terça-feira,08:30:00,RS,290,123,ELDORADO DO SUL,Condutor Dormindo,Colisão lateral sentido oposto,Com Vítimas Feridas,Pleno dia,Crescente,Céu Claro,Simples,Reta,Não,8,0,1,0,6,2,1,6,"-30,05328","-51,438354",SPRF-RS,DEL02-RS,UOP01-DEL02-RS
575040,2024-01-16,terça-feira,09:40:00,RJ,101,78,CAMPOS DOS GOYTACAZES,Ausência de reação do condutor,Colisão traseira,Com Vítimas Feridas,Pleno dia,Crescente,Céu Claro,Simples,Reta,Não,3,0,0,1,2,0,1,2,"-21,83525792","-41,41878002",SPRF-RJ,DEL08-RJ,UOP02-DEL08-RJ
575042,2024-01-16,terça-feira,09:30:00,PR,376,673,GUARATUBA,Ausência de reação do condutor,Saída de leito carroçável,Com Vítimas Feridas,Pleno dia,Crescente,Nublado,Dupla,Reta,Não,2,0,1,1,0,0,2,1,"-25,90092097","-48,92572096",SPRF-PR,DEL01-PR,UOP04-DEL01-PR
575043,2024-01-16,terça-feira,08:55:00,AL,316,"214,9",ATALAIA,Pista Escorregadia,Saída de leito carroçável,Com Vítimas Fatais,Pleno dia,Decrescente,Céu Claro,Simples,Curva;Declive,Não,3,1,2,0,0,0,2,1,"-9,51559115","-36,22746693",SPRF-AL,DEL01-AL,UOP01-DEL01-AL
575048,2024-01-16,terça-feira,07:05:00,RN,304,115,ACU,Acessar a via sem observar a presença dos outros veículos,Colisão lateral mesmo sentido,Com Vítimas Feridas,Pleno dia,Decrescente,Sol,Simples,Reta,Não,2,0,1,0,0,1,1,2,"-5,61387215","-36,89679107",SPRF-RN,DEL04-RN,UOP01-DEL04-RN
575050,2024-01-16,terça-feira,10:37:00,RJ,116,74,TERESOPOLIS,Reação tardia ou ineficiente do condutor,Colisão traseira,Com Vítimas Feridas,Pleno dia,Crescente,Céu Claro,Simples,Reta,Sim,4,0,1,0,2,1,1,3,"-22,35343905","-42,94244164",SPRF-RJ,DEL04-RJ,UOP01-DEL04-RJ
575052,2024-01-16,terça-feira,11:12:00,PR,376,1,APUCARANA,Acessar a via sem observar a presença dos outros veículos,Colisão transversal,Com Vítimas Feridas,Pleno dia,Crescente,Céu Claro,Dupla,Reta,Sim,2,0,0,1,1,0,1,2,"-23,5513","-51,461266",SPRF-PR,DEL07-PR,UOP03-DEL07-PR
575055,2024-01-16,terça-feira,10:40:00,RS,116,247,SAO LEOPOLDO,Objeto estático sobre o leito carroçável,Queda de ocupante de veículo,Com Vítimas Feridas,Pleno dia,Decrescente,Céu Claro,Dupla,Reta,Sim,2,0,1,0,0,1,1,2,"-29,76733091","-51,1535296",SPRF-RS,DEL01-RS,UOP02-DEL01-RS
575058,2024-01-16,terça-feira,10:35:00,PR,376,"244,9",APUCARANA,Acessar a via sem observar a presença dos outros veículos,Colisão lateral mesmo sentido,Com Vítimas Feridas,Pleno dia,Crescente,Céu Claro,Dupla,Aclive,Não,3,0,1,0,1,2,1,4,"-23,596168","-51,4113587",SPRF-PR,DEL07-PR,UOP03-DEL07-PR
575065,2024-01-16,terça-feira,05:40:00,PR,376,"45,6",NOVA LONDRINA,Acessar a via sem observar a presença dos outros veículos,Colisão transversal,Com Vítimas Feridas,Amanhecer,Decrescente,Céu Claro,Simples,Interseção de Vias,Não,5,0,2,1,1,1,3,3,"-22,86041762","-52,96613932",SPRF-PR,DEL09-PR,UOP02-DEL09-PR
575073,2024-01-16,terça-feira,09:30:00,PR,376,307,MAUA DA SERRA,Ausência de reação do condutor,Tombamento,Com Vítimas Feridas,Pleno dia,Decrescente,Sol,Dupla,Curva,Não,2,0,0,1,0,1,1,2,"-23,9743171","-51,1035821",SPRF-PR,DEL07-PR,UOP02-DEL07-PR
575076,2024-01-16,terça-feira,13:15:00,GO,60,264,INDIARA,Condutor Dormindo,Colisão traseira,Com Vítimas Feridas,Pleno dia,Decrescente,Céu Claro,Dupla,Reta,Não,2,0,0,1,1,0,1,2,"-17,17369127","-50,05759846",SPRF-GO,DEL01-GO,UOP02-DEL01-GO
575078,2024-01-16,terça-feira,13:28:00,RS,386,"354,6",ESTRELA,Reação tardia ou ineficiente do condutor,Colisão com objeto,Com Vítimas Fatais,Pleno dia,Decrescente,Sol,Dupla,Reta;Ponte,Não,6,1,2,0,2,2,2,5,"-29,50594252","-51,94369197",SPRF-RS,DEL04-RS,UOP01-DEL04-RS
575081,2024-01-16,terça-feira,07:45:00,MG,262,"494,4",MOEMA,Ultrapassagem Indevida,Saída de leito carroçável,Com Vítimas Feridas,Pleno dia,Crescente,Céu Claro,Simples,Reta,Não,2,0,1,0,1,0,1,2,"-19,78590815","-45,37959199",SPRF-MG,DEL08-MG,UOP03-DEL08-MG
575086,2024-01-16,terça-feira,10:00:00,CE,20,"28,3",PARAMBU,Reação tardia ou ineficiente do condutor,Colisão lateral mesmo sentido,Com Vítimas Feridas,Pleno dia,Crescente,Céu Claro,Simples,Reta,Não,3,0,0,1,1,3,1,5,"-6,33755995","-40,63091732",SPRF-CE,DEL02-CE,UOP02-DEL02-CE
575094,2024-01-16,terça-feira,11:20:00,BA,116,"890,2",CANDIDO SALES,Reação tardia ou ineficiente do condutor,Colisão traseira,Com Vítimas Feridas,Pleno dia,Decrescente,Céu Claro,Simples,Reta,Não,3,0,1,0,1,1,1,3,"-15,28578591","-41,13352714",SPRF-BA,DEL08-BA,UOP03-DEL08-BA
575096,2024-01-16,terça-feira,13:10:00,RS,290,102,PORTO ALEGRE,Ausência de reação do condutor,Colisão traseira,Sem Vítimas,Pleno dia,Crescente,Céu Claro,Múltipla,Aclive;Ponte;Reta,Não,2,0,0,0,2,0,0,2,"-29,987228","-51,25613",SPRF-RS,DEL01-RS,UOP01-DEL01-RS
575100,2024-01-16,terça-feira,11:40:00,MG,381,199,PERIQUITO,Ultrapassagem Indevida,Colisão frontal,Com Vítimas Feridas,Pleno dia,Crescente,Céu Claro,Simples,Reta,Não,4,0,2,1,1,0,3,2,"-19,16696108","-42,24582388",SPRF-MG,DEL06-MG,UOP01-DEL06-MG
575103,2024-01-16,terça-feira,14:50:00,RJ,101,99,CAMPOS DOS GOYTACAZES,Carga excessiva e/ou mal acondicionada,Tombamento,Com Vítimas Feridas,Pleno dia,Decrescente,Céu Claro,Dupla,Curva,Não,2,0,1,0,0,1,1,2,"-21,8758198","-41,5832851",SPRF-RJ,DEL08-RJ,UOP02-DEL08-RJ
575112,2024-01-16,terça-feira,15:05:00,RS,116,308,GUAIBA,Ingestão de álcool pelo condutor,Colisão traseira,Com Vítimas Feridas,Pleno dia,Crescente,Céu Claro,Simples,Reta;Em Obras,Não,3,0,1,0,2,0,1,2,"-30,18291689","-51,39555744",SPRF-RS,DEL02-RS,UOP01-DEL02-RS
575114,2024-01-16,terça-feira,14:50:00,GO,20,"19,7",FORMOSA,Condutor Dormindo,Colisão frontal,Com Vítimas Fatais,Pleno dia,Crescente,Céu Claro,Simples,Reta;Declive,Não,5,3,0,0,1,1,0,3,"-15,553887","-47,18708",SPRF-DF,DEL02-DF,UOP02-DEL02-DF
575115,2024-01-16,terça-feira,15:30:00,PR,163,"162,8",LINDOESTE,Velocidade Incompatível,Saída de leito carroçável,Com Vítimas Feridas,Pleno dia,Crescente,Céu Claro,Dupla,Aclive;Curva,Não,2,0,1,0,0,1,1,2,"-25,31897491","-53,59171426",SPRF-PR,DEL05-PR,UOP05-DEL05-PR
575117,2024-01-16,terça-feira,12:20:00,RO,364,487,ARIQUEMES,Condutor deixou de manter distância do veículo da frente,Colisão lateral mesmo sentido,Com Vítimas Feridas,Pleno dia,Decrescente,Céu Claro,Simples,Reta,Não,7,0,1,0,5,1,1,3,"-10,1121516","-62,92105484",SPRF-RO,DEL03-RO,UOP01-DEL03-RO
575123,2024-01-06,sábado,15:45:00,RS,290,"56,7",GLORINHA,Reação tardia ou ineficiente do condutor,Colisão traseira,Com Vítimas Feridas,Pleno dia,Crescente,Céu Claro,Dupla,Reta,Não,3,0,2,0,1,0,2,2,"-29,915447","-50,818508",SPRF-RS,DEL03-RS,UOP01-DEL03-RS
575130,2024-01-16,terça-feira,12:20:00,GO,153,664,GOIATUBA,Reação tardia ou ineficiente do condutor,Colisão traseira,Com Vítimas Feridas,Pleno dia,Decrescente,Sol,Dupla,Reta;Aclive,Não,3,0,1,0,1,1,1,3,"-18,0901","-49,271",SPRF-GO,DEL03-GO,UOP02-DEL03-GO
575131,2024-01-16,terça-feira,14:15:00,RS,471,"175,5",RIO PARDO,Acessar a via sem observar a presença dos outros veículos,Colisão transversal,Com Vítimas Feridas,Pleno dia,Crescente,Sol,Simples,Interseção de Vias;Reta,Não,5,0,1,3,1,0,4,2,"-29,99307662","-52,36828566",SPRF-RS,DEL02-RS,UOP03-DEL02-RS
575134,2024-01-16,terça-feira,15:20:00,PR,277,"312,6",GUARAPUAVA,Condutor deixou de manter distância do veículo da frente,Colisão lateral mesmo sentido,Sem Vítimas,Pleno dia,Crescente,Céu Claro,Simples,Curva,Não,8,0,0,0,7,2,0,4,"-25,32395317","-51,19272709",SPRF-PR,DEL08-PR,UOP01-DEL08-PR
575135,2024-01-16,terça-feira,16:15:00,PB,230,26,JOAO PESSOA,Velocidade Incompatível,Colisão traseira,Com Vítimas Feridas,Pleno dia,Crescente,Céu Claro,Dupla,Reta,Sim,2,0,1,0,1,0,1,2,"-7,1693","-34,8782",SPRF-PB,DEL01-PB,UOP01-DEL01-PB
575140,2024-01-16,terça-feira,15:30:00,TO,153,129,WANDERLANDIA,Ultrapassagem Indevida,Colisão frontal,Com Vítimas Feridas,Pleno dia,Decrescente,Céu Claro,Simples,Reta,Não,6,0,1,0,2,3,1,5,"-7,09135326","-48,16831112",SPRF-TO,DEL02-TO,UOP01-DEL02-TO
575146,2024-01-16,terça-feira,17:00:00,SC,101,89,BARRA VELHA,Ausência de reação do condutor,Colisão traseira,Com Vítimas Feridas,Pleno dia,Decrescente,Nublado,Dupla,Reta,Sim,3,0,1,1,1,0,2,2,"-26,65175997","-48,68721921",SPRF-SC,DEL03-SC,UOP02-DEL03-SC
575147,2024-01-16,terça-feira,17:40:00,ES,101,241,SERRA,Condutor deixou de manter distância do veículo da frente,Colisão traseira,Com Vítimas Feridas,Anoitecer,Crescente,Céu Claro,Dupla,Aclive,Não,2,0,0,1,0,1,1,2,"-20,02389596","-40,39998096",SPRF-ES,DEL02-ES,UOP01-DEL02-ES
575148,2024-01-16,terça-feira,09:30:00,PA,308,193,BRAGANCA,Reação tardia ou ineficiente do condutor,Saída de leito carroçável,Com Vítimas Feridas,Pleno dia,Crescente,Céu Claro,Simples,Reta,Não,2,0,1,0,0,2,1,3,"-1,07541058","-46,85633484",SPRF-PA,DEL01-PA,UOP03-DEL01-PA
575154,2024-01-16,terça-feira,18:15:00,PR,376,185,SARANDI,Ausência de reação do condutor,Colisão lateral mesmo sentido,Com Vítimas Feridas,Pleno dia,Crescente,Céu Claro,Dupla,Reta,Sim,6,0,1,0,3,4,1,7,"-23,45147413","-51,85361808",SPRF-PR,DEL09-PR,UOP01-DEL09-PR
575156,2024-01-16,terça-feira,18:45:00,BA,324,614,SALVADOR,Ultrapassagem Indevida,Colisão frontal,Com Vítimas Fatais,Plena Noite,Decrescente,Céu Claro,Dupla,Reta,Sim,2,1,0,0,1,0,0,2,"-12,87305463","-38,42778509",SPRF-BA,DEL01-BA,UOP01-DEL01-BA
575157,2024-01-16,terça-feira,13:00:00,RS,287,350,JAGUARI,Velocidade Incompatível,Saída de leito carroçável,Com Vítimas Feridas,Pleno dia,Decrescente,Nublado,Simples,Interseção de Vias;Declive,Sim,1,0,0,1,0,0,1,1,"-29,51133302","-54,67711984",SPRF-RS,DEL12-RS,UOP02-DEL12-RS
575159,2024-01-16,terça-feira,17:00:00,PB,230,360,MALTA,Transitar na contramão,Colisão frontal,Com Vítimas Feridas,Pleno dia,Decrescente,Céu Claro,Simples,Declive,Não,3,0,2,0,1,0,2,2,"-6,9172","-37,4635",SPRF-PB,DEL03-PB,UOP02-DEL03-PB
575162,2024-01-16,terça-feira,17:00:00,RJ,101,205,CASIMIRO DE ABREU,Conversão proibida,Colisão transversal,Com Vítimas Feridas,Anoitecer,Crescente,Céu Claro,Simples,Reta,Não,2,0,1,0,1,0,1,2,"-22,475714","-42,19184",SPRF-RJ,DEL08-RJ,UOP04-DEL08-RJ
575164,2024-01-16,terça-feira,19:20:00,SP,116,396,MIRACATU,Demais falhas mecânicas ou elétricas,Incêndio,Sem Vítimas,Plena Noite,Decrescente,Céu Claro,Dupla,Reta,Não,2,0,0,0,1,1,0,2,"-24,29194738","-47,46959192",SPRF-SP,DEL04-SP,UOP02-DEL04-SP
575171,2024-01-16,terça-feira,19:00:00,PR,373,217,IMBITUVA,Carga excessiva e/ou mal acondicionada,Colisão com objeto,Sem Vítimas,Plena Noite,Crescente,Céu Claro,Múltipla,Em Obras;Reta,Não,3,0,0,0,2,1,0,2,"-25,15942947","-50,55152074",SPRF-PR,DEL03-PR,UOP01-DEL03-PR
575175,2024-01-16,terça-feira,20:00:00,CE,20,400,CAUCAIA,Suicídio (presumido),Colisão frontal,Com Vítimas Feridas,Plena Noite,Crescente,Céu Claro,Simples,Reta,Não,2,0,1,0,1,0,1,2,"-3,79855422","-38,71579485",SPRF-CE,DEL01-CE,UOP01-DEL01-CE
575176,2024-01-16,terça-feira,21:30:00,SP,116,228,SAO PAULO,Ausência de reação do condutor,Colisão traseira,Com Vítimas Feridas,Plena Noite,Crescente,Nublado,Múltipla,Reta,Sim,3,0,1,0,2,0,1,3,"-23,50343484","-46,56638712",SPRF-SP,DEL01-SP,UOP01-DEL01-SP
575177,2024-01-16,terça-feira,17:30:00,PI,316,42,LAGOA DO PIAUI,Mal súbito do condutor,Colisão frontal,Com Vítimas Fatais,Anoitecer,Decrescente,Céu Claro,Simples,Curva,Não,2,1,0,0,1,0,0,2,"-5,41952403","-42,64045707",SPRF-PI,DEL01-PI,UOP02-DEL01-PI
575178,2024-01-16,terça-feira,13:45:00,MG,262,"479,8",BOM DESPACHO,Reação tardia ou ineficiente do condutor,Colisão frontal,Com Vítimas Feridas,Pleno dia,Crescente,Sol,Simples,Reta;Declive,Sim,2,0,1,0,1,0,1,2,"-19,78628062","-45,23887303",SPRF-MG,DEL08-MG,UOP03-DEL08-MG
575180,2024-01-16,terça-feira,14:53:00,BA,242,491,OLIVEIRA DOS BREJINHOS,Velocidade Incompatível,Saída de leito carroçável,Com Vítimas Feridas,Pleno dia,Crescente,Céu Claro,Simples,Curva;Declive,Não,1,0,0,1,0,0,1,1,"-12,40158974","-42,37914499",SPRF-BA,DEL06-BA,UOP01-DEL06-BA
575184,2024-01-16,terça-feira,20:30:00,PR,277,"513,5",GUARANIACU,Reação tardia ou ineficiente do condutor,Colisão transversal,Com Vítimas Feridas,Plena Noite,Decrescente,Céu Claro,Simples,Reta,Não,2,0,0,1,1,0,1,2,"-25,12147286","-52,785734",SPRF-PR,DEL04-PR,UOP04-DEL04-PR
575187,2024-01-16,terça-feira,20:05:00,SC,470,7,NAVEGANTES,Acessar a via sem observar a presença dos outros veículos,Colisão transversal,Com Vítimas Feridas,Plena Noite,Decrescente,Nublado,Simples,Viaduto,Sim,3,0,0,1,1,4,1,6,"-26,84499","-48,71505",SPRF-SC,DEL04-SC,UOP04-DEL04-SC
575199,2024-01-16,terça-feira,23:30:00,PR,277,128,CAMPO LARGO,Condutor Dormindo,Colisão traseira,Com Vítimas Feridas,Plena Noite,Decrescente,Céu Claro,Dupla,Reta,Não,3,0,1,0,1,1,1,3,"-25,44518045","-49,4985659",SPRF-PR,DEL03-PR,UOP03-DEL03-PR
575207,2024-01-17,quarta-feira,00:15:00,SC,282,134,BOM RETIRO,Transitar na contramão,Colisão frontal,Com Vítimas Feridas,Plena Noite,Decrescente,Nublado,Simples,Reta,Não,6,0,2,0,3,1,2,3,"-27,813074","-49,540077",SPRF-SC,DEL05-SC,UOP01-DEL05-SC
575208,2024-01-12,sexta-feira,12:00:00,TO,153,128,WANDERLANDIA,Ultrapassagem Indevida,Colisão lateral mesmo sentido,Sem Vítimas,Pleno dia,Crescente,Céu Claro,Simples,Reta;Declive,Não,2,0,0,0,2,0,0,2,"-7,08522898","-48,15467901",SPRF-TO,DEL02-TO,UOP01-DEL02-TO
575210,2024-01-17,quarta-feira,05:20:00,SC,101,"207,8",SAO JOSE,Reação tardia ou ineficiente do condutor,Colisão traseira,Com Vítimas Feridas,Amanhecer,Crescente,Chuva,Múltipla,Reta,Sim,5,0,3,0,1,2,3,4,"-27,60001226","-48,6226467",SPRF-SC,DEL01-SC,UOP01-DEL01-SC
575217,2024-01-16,terça-feira,23:40:00,MA,222,670,ACAILANDIA,Manobra de mudança de faixa,Colisão frontal,Com Vítimas Fatais,Plena Noite,Decrescente,Céu Claro,Simples,Reta,Não,2,1,0,0,1,0,0,2,"-4,936465","-47,457562",SPRF-MA,DEL04-MA,UOP03-DEL04-MA
575222,2024-01-17,quarta-feira,06:20:00,PB,101,"86,2",JOAO PESSOA,Manobra de mudança de faixa,Colisão lateral mesmo sentido,Com Vítimas Feridas,Pleno dia,Decrescente,Céu Claro,Dupla,Curva,Sim,3,0,1,0,1,1,1,3,"-7,15118983","-34,91012184",SPRF-PB,DEL01-PB,UOP01-DEL01-PB