id,data_inversa,dia_semana,horario,uf,br,km,municipio,causa_acidente,tipo_acidente,classificacao_acidente,fase_dia,sentido_via,condicao_metereologica,tipo_pista,tracado_via,uso_solo,pessoas,mortos,feridos_leves,feridos_graves,ilesos,ignorados,feridos,veiculos,latitude,longitude,regional,delegacia,uop
575986,2024-01-20,sábado,16:30:00,SP,116,225,GUARULHOS,Reação tardia ou ineficiente do condutor,Colisão transversal,Com Vítimas Feridas,Anoitecer,Crescente,Nublado,Múltipla,Reta,Sim,2,0,2,0,0,0,2,2,"-23,48586772","-46,54075317",SPRF-SP,DEL01-SP,UOP01-DEL01-SP
575987,2024-01-20,sábado,16:03:00,RN,101,147,GOIANINHA,Carga excessiva e/ou mal acondicionada,Tombamento,Sem Vítimas,Pleno dia,Crescente,Céu Claro,Dupla,Interseção de Vias,Sim,2,0,0,0,1,2,0,3,"-6,27024233","-35,20920753",SPRF-RN,DEL01-RN,UOP01-DEL01-RN
575996,2024-01-20,sábado,14:00:00,PR,369,"375,2",MAMBORE,Acessar a via sem observar a presença dos outros veículos,Colisão transversal,Com Vítimas Feridas,Pleno dia,Decrescente,Chuva,Simples,Curva;Interseção de Vias,Sim,3,0,0,1,1,2,1,4,"-24,28203933","-52,54571915",SPRF-PR,DEL09-PR,UOP03-DEL09-PR
575999,2024-01-20,sábado,15:30:00,MG,381,654,SANTO ANTONIO DO AMPARO,Ausência de reação do condutor,Colisão com objeto,Sem Vítimas,Pleno dia,Crescente,Nublado,Dupla,Curva;Declive,Não,2,0,0,0,1,1,0,2,"-20,99437964","-44,96041633",SPRF-MG,DEL04-MG,UOP02-DEL04-MG
576015,2024-01-20,sábado,16:00:00,MS,158,86,PARANAIBA,Demais falhas mecânicas ou elétricas,Incêndio,Sem Vítimas,Pleno dia,Decrescente,Sol,Simples,Reta;Em Obras,Não,2,0,0,0,1,1,0,2,"-19,61221998","-51,21593191",SPRF-MS,DEL08-MS,UOP01-DEL08-MS
576017,2024-01-20,sábado,17:40:00,RJ,40,114,DUQUE DE CAXIAS,Reação tardia ou ineficiente do condutor,Colisão com objeto,Com Vítimas Feridas,Pleno dia,Crescente,Chuva,Dupla,Reta,Não,2,0,1,0,0,1,1,2,"-22,71853604","-43,28993324",SPRF-RJ,DEL01-RJ,UOP02-DEL01-RJ
576018,2024-01-20,sábado,16:50:00,AL,316,"265,8",SATUBA,Ingestão de álcool pelo condutor,Colisão com objeto,Com Vítimas Feridas,Pleno dia,Crescente,Céu Claro,Simples,Declive;Curva,Não,2,0,1,0,0,1,1,2,"-9,5871392","-35,86110997",SPRF-AL,DEL02-AL,UOP01-DEL02-AL
576020,2024-01-20,sábado,18:30:00,PE,407,117,PETROLINA,Ingestão de álcool pelo condutor,Colisão lateral mesmo sentido,Sem Vítimas,Plena Noite,Decrescente,Céu Claro,Simples,Reta,Não,2,0,0,0,2,0,0,2,"-9,314647","-40,57336",SPRF-PE,DEL06-PE,UOP01-DEL06-PE
576024,2024-01-20,sábado,17:45:00,GO,153,493,GOIANIA,Acumulo de areia ou detritos sobre o pavimento,Colisão com objeto,Com Vítimas Feridas,Pleno dia,Crescente,Céu Claro,Dupla,Reta,Sim,3,0,0,1,2,0,1,2,"-16,6537","-49,2172",SPRF-GO,DEL01-GO,UOP01-DEL01-GO
576040,2024-01-20,sábado,18:15:00,GO,153,203,URUACU,Frear bruscamente,Capotamento,Com Vítimas Feridas,Pleno dia,Crescente,Céu Claro,Simples,Reta,Não,2,0,1,0,1,0,1,2,"-14,537633","-49,161839",SPRF-GO,DEL07-GO,UOP02-DEL07-GO
576049,2024-01-20,sábado,20:15:00,GO,70,20,COCALZINHO DE GOIAS,Ingestão de álcool pelo condutor,Colisão transversal,Com Vítimas Feridas,Plena Noite,Crescente,Céu Claro,Simples,Reta;Declive,Não,3,0,1,0,1,1,1,3,"-15,74242903","-48,37509426",SPRF-DF,DEL03-DF,UOP02-DEL03-DF
576067,2024-01-20,sábado,21:30:00,MG,459,"17,4",CALDAS,Velocidade Incompatível,Colisão lateral sentido oposto,Sem Vítimas,Plena Noite,Decrescente,Chuva,Simples,Curva,Não,2,0,0,0,2,0,0,2,"-21,84671","-46,438238",SPRF-MG,DEL09-MG,UOP01-DEL09-MG
576074,2024-01-20,sábado,18:05:00,MG,116,"785,7",LEOPOLDINA,Transitar na contramão,Colisão frontal,Com Vítimas Feridas,Plena Noite,Crescente,Ignorado,Simples,Curva,Não,5,0,0,3,1,1,3,3,"-21,63945948","-42,71309186",SPRF-MG,DEL07-MG,UOP01-DEL07-MG
576078,2024-01-20,sábado,23:25:00,SC,101,"202,4",SAO JOSE,Entrada inopinada do pedestre,Atropelamento de Pedestre,Com Vítimas Feridas,Plena Noite,Crescente,Nublado,Múltipla,Reta,Sim,6,0,0,1,2,3,1,6,"-27,55711595","-48,61897889",SPRF-SC,DEL01-SC,UOP01-DEL01-SC
576093,2024-01-21,domingo,01:20:00,AL,101,"175,9",TEOTONIO VILELA,Ingestão de álcool pelo condutor,Colisão frontal,Com Vítimas Feridas,Plena Noite,Decrescente,Céu Claro,Dupla,Reta,Sim,3,0,0,1,1,1,1,3,"-9,89834517","-36,3666691",SPRF-AL,DEL02-AL,UOP02-DEL02-AL
576100,2024-01-20,sábado,21:40:00,RS,101,"3,3",TORRES,Entrada inopinada do pedestre,Atropelamento de Pedestre,Com Vítimas Fatais,Plena Noite,Decrescente,Garoa/Chuvisco,Dupla,Reta,Sim,4,1,1,0,1,1,1,4,"-29,32474865","-49,77922041",SPRF-RS,DEL03-RS,UOP02-DEL03-RS
576103,2024-01-20,sábado,20:30:00,PA,230,"83,5",SAO JOAO DO ARAGUAIA,Acessar a via sem observar a presença dos outros veículos,Colisão transversal,Com Vítimas Fatais,Plena Noite,Crescente,Nublado,Simples,Reta,Não,3,1,0,0,1,1,0,3,"-5,47532475","-48,82253688",SPRF-PA,DEL03-PA,UOP01-DEL03-PA
576109,2024-01-21,domingo,02:05:00,MG,40,"69,9",PARACATU,Ausência de reação do condutor,Colisão traseira,Com Vítimas Feridas,Plena Noite,Decrescente,Céu Claro,Simples,Reta,Não,3,0,1,0,1,1,1,3,"-17,39371065","-46,73333352",SPRF-MG,DEL14-MG,UOP01-DEL14-MG
576114,2024-01-21,domingo,03:40:00,BA,116,"910,3",CANDIDO SALES,Reação tardia ou ineficiente do condutor,Colisão traseira,Com Vítimas Feridas,Plena Noite,Crescente,Garoa/Chuvisco,Simples,Curva,Sim,3,0,1,0,2,0,1,2,"-15,43802789","-41,22283929",SPRF-BA,DEL08-BA,UOP03-DEL08-BA
576116,2024-01-21,domingo,01:30:00,CE,222,"182,1",SOBRAL,Condutor Dormindo,Saída de leito carroçável,Com Vítimas Feridas,Anoitecer,Crescente,Céu Claro,Simples,Curva,Não,2,0,0,1,0,1,1,2,"-3,760037","-40,067568",SPRF-CE,DEL04-CE,UOP01-DEL04-CE
576139,2024-01-21,domingo,03:00:00,PA,230,70,SAO DOMINGOS DO ARAGUAIA,Manobra de mudança de faixa,Colisão frontal,Com Vítimas Fatais,Plena Noite,Decrescente,Nublado,Simples,Curva,Não,2,1,0,0,1,0,0,2,"-5,5079345","-48,71546613",SPRF-PA,DEL03-PA,UOP01-DEL03-PA
576140,2024-01-21,domingo,05:10:00,BA,242,429,SEABRA,Velocidade Incompatível,Colisão lateral sentido oposto,Com Vítimas Feridas,Pleno dia,Decrescente,Céu Claro,Simples,Reta,Não,3,0,0,1,1,2,1,4,"-12,39566602","-41,88133602",SPRF-BA,DEL06-BA,UOP01-DEL06-BA
576141,2024-01-21,domingo,07:00:00,SP,116,511,CAJATI,Velocidade Incompatível,Tombamento,Com Vítimas Feridas,Pleno dia,Decrescente,Céu Claro,Dupla,Reta,Não,2,0,0,1,0,1,1,2,"-24,83558399","-48,2223738",SPRF-SP,DEL05-SP,UOP02-DEL05-SP
576146,2024-01-21,domingo,05:20:00,RO,364,"226,5",CACOAL,Reação tardia ou ineficiente do condutor,Colisão lateral mesmo sentido,Com Vítimas Feridas,Pleno dia,Decrescente,Sol,Simples,Reta;Declive,Não,3,0,1,0,1,3,1,5,"-11,50326836","-61,36777537",SPRF-RO,DEL02-RO,UOP02-DEL02-RO
576148,2024-01-21,domingo,07:20:00,PR,163,216,CASCAVEL,Reação tardia ou ineficiente do condutor,Colisão traseira,Sem Vítimas,Pleno dia,Crescente,Nevoeiro/Neblina,Dupla,Reta,Não,2,0,0,0,2,0,0,2,"-24,9955871","-53,55699127",SPRF-PR,DEL04-PR,UOP01-DEL04-PR
576158,2024-01-21,domingo,06:20:00,AL,423,"95,9",DELMIRO GOUVEIA,Demais falhas mecânicas ou elétricas,Tombamento,Sem Vítimas,Pleno dia,Decrescente,Céu Claro,Simples,Ponte;Reta;Declive,Não,2,0,0,0,1,2,0,3,"-9,37554737","-38,11448387",SPRF-BA,DEL07-BA,UOP01-DEL07-BA
576159,2024-01-21,domingo,04:50:00,MG,40,"247,5",SAO GONCALO DO ABAETE,Demais falhas mecânicas ou elétricas,Incêndio,Sem Vítimas,Plena Noite,Crescente,Céu Claro,Simples,Declive,Não,2,0,0,0,1,2,0,3,"-18,10887028","-45,4657742",SPRF-MG,DEL14-MG,UOP02-DEL14-MG
576160,2024-01-21,domingo,06:20:00,RO,364,"239,9",CACOAL,Reação tardia ou ineficiente do condutor,Colisão traseira,Com Vítimas Feridas,Amanhecer,Crescente,Céu Claro,Simples,Reta,Sim,5,0,0,3,1,1,3,3,"-11,43425083","-61,46267289",SPRF-RO,DEL02-RO,UOP02-DEL02-RO
576166,2024-01-21,domingo,08:00:00,MG,153,"5,8",ARAPORA,Reação tardia ou ineficiente do condutor,Saída de leito carroçável,Com Vítimas Fatais,Pleno dia,Crescente,Nublado,Dupla,Reta,Não,7,1,0,4,1,2,4,4,"-18,46041004","-49,1880633",SPRF-MG,DEL15-MG,UOP03-DEL15-MG
576168,2024-01-21,domingo,08:40:00,PR,376,"12,6",MARINGA,Ausência de reação do condutor,Colisão traseira,Com Vítimas Feridas,Pleno dia,Decrescente,Sol,Dupla,Declive;Reta,Não,6,0,4,0,1,1,4,3,"-23,39146095","-51,8928051",SPRF-PR,DEL09-PR,UOP01-DEL09-PR
576175,2024-01-21,domingo,10:10:00,PB,230,"27,9",JOAO PESSOA,Manobra de mudança de faixa,Colisão lateral mesmo sentido,Com Vítimas Feridas,Pleno dia,Crescente,Céu Claro,Múltipla,Curva,Sim,3,0,1,0,1,1,1,3,"-7,165318","-34,898401",SPRF-PB,DEL01-PB,UOP01-DEL01-PB
576182,2024-01-21,domingo,12:00:00,SP,116,380,MIRACATU,Pista Escorregadia,Colisão transversal,Com Vítimas Feridas,Pleno dia,Decrescente,Chuva,Dupla,Curva,Não,4,0,4,0,0,0,4,3,"-24,21753686","-47,36651776",SPRF-SP,DEL04-SP,UOP02-DEL04-SP
576186,2024-01-21,domingo,09:40:00,MG,50,55,UBERLANDIA,Velocidade Incompatível,Tombamento,Com Vítimas Feridas,Pleno dia,Decrescente,Céu Claro,Dupla,Curva;Declive,Não,6,0,5,0,0,2,5,4,"-18,77290538","-48,24124319",SPRF-MG,DEL15-MG,UOP02-DEL15-MG
576191,2024-01-21,domingo,11:00:00,MS,158,9,TRES LAGOAS,Condutor desrespeitou a iluminação vermelha do semáforo,Colisão transversal,Com Vítimas Feridas,Pleno dia,Crescente,Céu Claro,Dupla,Reta,Sim,4,0,1,0,2,2,1,4,"-20,80376326","-51,68631186",SPRF-MS,DEL08-MS,UOP01-DEL08-MS
576196,2024-01-21,domingo,10:40:00,PI,343,255,CAMPO MAIOR,Acesso irregular,Colisão lateral mesmo sentido,Com Vítimas Fatais,Pleno dia,Decrescente,Céu Claro,Simples,Reta,Não,4,1,2,0,1,0,2,2,"-4,77181119","-42,11400001",SPRF-PI,DEL01-PI,UOP03-DEL01-PI
576199,2024-01-21,domingo,13:05:00,SP,153,"76,6",BADY BASSITT,Ausência de reação do condutor,Colisão com objeto,Sem Vítimas,Pleno dia,Crescente,Nublado,Dupla,Reta,Não,3,0,0,0,1,2,0,2,"-20,89941041","-49,4431879",SPRF-SP,DEL09-SP,UOP01-DEL09-SP
576210,2024-01-21,domingo,14:50:00,GO,153,505,APARECIDA DE GOIANIA,Chuva,Colisão traseira,Com Vítimas Feridas,Pleno dia,Crescente,Chuva,Múltipla,Curva,Sim,4,0,0,1,2,1,1,4,"-16,7537","-49,2411",SPRF-GO,DEL01-GO,UOP01-DEL01-GO
576217,2024-01-21,domingo,13:27:00,PI,316,72,MONSENHOR GIL,Velocidade Incompatível,Saída de leito carroçável,Com Vítimas Feridas,Pleno dia,Decrescente,Céu Claro,Simples,Curva,Não,2,0,1,0,0,1,1,2,"-5,67458801","-42,59603009",SPRF-PI,DEL01-PI,UOP02-DEL01-PI
576222,2024-01-21,domingo,14:30:00,PR,476,"319,7",PAULO FRONTIN,Demais falhas mecânicas ou elétricas,Colisão traseira,Com Vítimas Feridas,Pleno dia,Decrescente,Céu Claro,Simples,Aclive;Reta,Não,3,0,1,0,1,4,1,6,"-26,061335","-50,72171",SPRF-PR,DEL02-PR,UOP03-DEL02-PR
576224,2024-01-21,domingo,15:45:00,MG,381,"919,8",CAMANDUCAIA,Reação tardia ou ineficiente do condutor,Colisão lateral mesmo sentido,Com Vítimas Feridas,Pleno dia,Decrescente,Céu Claro,Dupla,Curva,Sim,4,0,1,0,2,1,1,3,"-22,7716591","-46,19193618",SPRF-MG,DEL16-MG,UOP03-DEL16-MG
576233,2024-01-21,domingo,14:00:00,RJ,101,326,NITEROI,Ausência de reação do condutor,Colisão traseira,Com Vítimas Feridas,Pleno dia,Crescente,Nublado,Múltipla,Ponte;Reta,Não,2,0,0,1,1,0,1,2,"-22,87206203","-43,146105",SPRF-RJ,DEL02-RJ,UOP01-DEL02-RJ
576234,2024-01-21,domingo,16:00:00,SC,101,95,BARRA VELHA,Pedestre andava na pista,Atropelamento de Pedestre,Com Vítimas Feridas,Pleno dia,Crescente,Nublado,Múltipla,Reta,Não,2,0,0,1,1,0,1,2,"-26,70876413","-48,70221065",SPRF-SC,DEL03-SC,UOP02-DEL03-SC
576247,2024-01-21,domingo,14:30:00,RO,364,515,ARIQUEMES,Acesso irregular,Colisão transversal,Com Vítimas Feridas,Pleno dia,Crescente,Céu Claro,Simples,Rotatória;Interseção de Vias,Não,4,0,1,0,2,3,1,5,"-9,92497302","-63,05491046",SPRF-RO,DEL03-RO,UOP01-DEL03-RO
576256,2024-01-21,domingo,17:30:00,RS,386,"100,4",SAO JOSE DAS MISSOES,Reação tardia ou ineficiente do condutor,Saída de leito carroçável,Com Vítimas Feridas,Pleno dia,Crescente,Céu Claro,Simples,Interseção de Vias,Não,4,0,2,1,0,1,3,2,"-27,75826924","-53,12028453",SPRF-RS,DEL08-RS,UOP01-DEL08-RS
576261,2024-01-21,domingo,19:00:00,CE,116,"542,9",PENAFORTE,Deficiência do Sistema de Iluminação/Sinalização,Colisão traseira,Com Vítimas Fatais,Plena Noite,Decrescente,Céu Claro,Simples,Reta,Não,3,1,0,1,1,0,1,2,"-7,81344","-39,083396",SPRF-CE,DEL05-CE,UOP03-DEL05-CE
576273,2024-01-21,domingo,16:40:00,BA,116,302,TUCANO,Condutor Dormindo,Tombamento,Com Vítimas Feridas,Pleno dia,Crescente,Céu Claro,Simples,Reta,Não,2,0,1,0,0,2,1,3,"-11,19154404","-38,86778691",SPRF-BA,DEL02-BA,UOP01-DEL02-BA
576286,2024-01-21,domingo,19:30:00,MS,262,435,DOIS IRMAOS DO BURITI,Transitar na contramão,Colisão lateral sentido oposto,Com Vítimas Feridas,Plena Noite,Crescente,Céu Claro,Simples,Reta,Não,3,0,1,1,1,0,2,3,"-20,50079591","-55,31960003",SPRF-MS,DEL03-MS,UOP01-DEL03-MS
576297,2024-01-21,domingo,14:30:00,MG,251,268,SALINAS,Transitar na contramão,Colisão frontal,Com Vítimas Fatais,Pleno dia,Decrescente,Céu Claro,Simples,Reta,Não,7,3,1,1,1,1,2,4,"-15,99368303","-42,01807201",SPRF-MG,DEL12-MG,UOP02-DEL12-MG
576304,2024-01-21,domingo,18:30:00,RJ,116,248,PIRAI,Velocidade Incompatível,Engavetamento,Com Vítimas Feridas,Anoitecer,Decrescente,Nublado,Dupla,Declive,Não,10,0,2,3,4,1,5,6,"-22,59976123","-43,94042912",SPRF-RJ,DEL07-RJ,UOP01-DEL07-RJ
576316,2024-01-21,domingo,10:40:00,MT,70,693,CACERES,Problema com o freio,Colisão frontal,Com Vítimas Fatais,Pleno dia,Crescente,Céu Claro,Simples,Curva,Não,3,2,0,0,0,2,0,4,"-16,20283274","-57,38693613",SPRF-MT,DEL03-MT,UOP01-DEL03-MT
576332,2024-01-22,segunda-feira,03:55:00,GO,60,328,ACREUNA,Velocidade Incompatível,Colisão traseira,Com Vítimas Feridas,Plena Noite,Crescente,Chuva,Dupla,Reta,Não,4,0,0,1,2,1,1,3,"-17,54347","-50,509539",SPRF-GO,DEL04-GO,UOP02-DEL04-GO
576336,2024-01-22,segunda-feira,05:15:00,SC,470,"46,3",GASPAR,Transitar na contramão,Colisão frontal,Com Vítimas Fatais,Amanhecer,Crescente,Céu Claro,Simples,Em Obras;Reta,Não,5,1,1,0,0,3,1,4,"-26,8612324","-49,04087663",SPRF-SC,DEL04-SC,UOP01-DEL04-SC
576338,2024-01-21,domingo,22:35:00,RS,158,361,DILERMANDO DE AGUIAR,Transitar na contramão,Colisão transversal,Sem Vítimas,Plena Noite,Crescente,Céu Claro,Simples,Aclive;Reta,Não,3,0,0,0,2,1,0,3,"-29,78336289","-54,10892665",SPRF-RS,DEL09-RS,UOP01-DEL09-RS
576349,2024-01-22,segunda-feira,07:10:00,MA,10,130,ESTREITO,Reação tardia ou ineficiente do condutor,Colisão lateral mesmo sentido,Com Vítimas Feridas,Pleno dia,Decrescente,Céu Claro,Simples,Interseção de Vias;Reta,Sim,2,0,1,0,1,0,1,2,"-6,553709","-47,440681",SPRF-MA,DEL04-MA,UOP02-DEL04-MA
576351,2024-01-22,segunda-feira,07:00:00,SP,116,545,BARRA DO TURVO,Velocidade Incompatível,Tombamento,Com Vítimas Feridas,Pleno dia,Crescente,Céu Claro,Simples,Declive;Curva,Não,2,0,1,0,0,1,1,2,"-24,95016699","-48,42400302",SPRF-SP,DEL05-SP,UOP02-DEL05-SP
576354,2024-01-22,segunda-feira,07:05:00,CE,116,16,FORTALEZA,Reação tardia ou ineficiente do condutor,Colisão traseira,Com Vítimas Feridas,Pleno dia,Decrescente,Céu Claro,Dupla,Reta,Não,5,0,1,0,4,0,1,4,"-3,88732794","-38,50185439",SPRF-CE,DEL01-CE,UOP02-DEL01-CE
576361,2024-01-22,segunda-feira,07:30:00,PR,376,2,SAO JOSE DOS PINHAIS,Retorno proibido,Colisão transversal,Com Vítimas Feridas,Pleno dia,Decrescente,Nublado,Dupla,Em Obras;Desvio Temporário,Sim,5,0,2,1,1,1,3,3,"-25,5307","-49,1958",SPRF-PR,DEL01-PR,UOP04-DEL01-PR
576368,2024-01-22,segunda-feira,08:00:00,RS,290,"236,2",PANTANO GRANDE,Transitar na contramão,Colisão frontal,Com Vítimas Fatais,Pleno dia,Crescente,Céu Claro,Simples,Aclive;Reta,Não,4,2,1,0,0,1,1,3,"-30,217392","-52,581612",SPRF-RS,DEL02-RS,UOP03-DEL02-RS
576370,2024-01-22,segunda-feira,05:40:00,MG,251,"377,2",GRAO MOGOL,Neblina,Colisão frontal,Com Vítimas Feridas,Amanhecer,Decrescente,Nevoeiro/Neblina,Simples,Reta,Não,3,0,1,0,1,1,1,3,"-16,29829114","-42,74703201",SPRF-MG,DEL12-MG,UOP01-DEL12-MG
576373,2024-01-22,segunda-feira,08:00:00,MS,163,496,CAMPO GRANDE,Demais falhas mecânicas ou elétricas,Incêndio,Sem Vítimas,Pleno dia,Crescente,Céu Claro,Simples,Reta,Não,2,0,0,0,1,1,0,2,"-20,35985581","-54,52552831",SPRF-MS,DEL01-MS,UOP02-DEL01-MS
576393,2024-01-22,segunda-feira,10:19:00,GO,60,"6,7",SANTO ANTONIO DO DESCOBERTO,Chuva,Saída de leito carroçável,Com Vítimas Feridas,Pleno dia,Crescente,Chuva,Dupla,Aclive;Curva,Não,1,0,1,0,0,0,1,1,"-16,102975","-48,310772",SPRF-DF,DEL03-DF,UOP01-DEL03-DF
576399,2024-01-21,domingo,20:30:00,PA,163,500,TRAIRAO,Curva acentuada,Colisão lateral sentido oposto,Com Vítimas Feridas,Plena Noite,Crescente,Chuva,Simples,Declive;Curva,Não,3,0,1,0,1,5,1,7,"-5,50289987","-55,83120751",SPRF-PA,DEL05-PA,UOP02-DEL05-PA
576402,2024-01-22,segunda-feira,10:35:00,MT,364,279,JACIARA,Reação tardia ou ineficiente do condutor,Colisão traseira,Com Vítimas Feridas,Pleno dia,Crescente,Nublado,Dupla,Reta,Não,4,0,0,2,1,2,2,4,"-15,94251105","-55,01446001",SPRF-MT,DEL05-MT,UOP02-DEL05-MT
576404,2024-01-22,segunda-feira,11:10:00,PR,116,166,QUITANDINHA,Desrespeitar a preferência no cruzamento,Colisão transversal,Com Vítimas Feridas,Pleno dia,Decrescente,Nublado,Simples,Rotatória,Não,5,0,2,0,3,0,2,2,"-25,86521941","-49,44583693",SPRF-PR,DEL01-PR,UOP03-DEL01-PR
576406,2024-01-22,segunda-feira,11:00:00,SC,280,20,ARAQUARI,Chuva,Colisão transversal,Com Vítimas Feridas,Pleno dia,Crescente,Chuva,Simples,Reta,Não,5,0,2,0,2,1,2,4,"-26,36990477","-48,68224301",SPRF-SC,DEL03-SC,UOP03-DEL03-SC
576422,2024-01-22,segunda-feira,13:00:00,MG,381,507,SAO JOAQUIM DE BICAS,Mal súbito do condutor,Colisão com objeto,Com Vítimas Feridas,Pleno dia,Decrescente,Céu Claro,Dupla,Declive;Curva,Não,2,0,1,0,0,1,1,2,"-20,05643192","-44,28663308",SPRF-MG,DEL01-MG,UOP03-DEL01-MG
576423,2024-01-22,segunda-feira,09:15:00,BA,367,"50,6",PORTO SEGURO,Acessar a via sem observar a presença dos outros veículos,Colisão transversal,Com Vítimas Feridas,Pleno dia,Decrescente,Céu Claro,Simples,Interseção de Vias,Não,4,0,0,3,1,0,3,2,"-16,37330881","-39,29852716",SPRF-BA,DEL09-BA,UOP03-DEL09-BA
576428,2024-01-22,segunda-feira,13:00:00,SP,116,"513,3",CAJATI,Reação tardia ou ineficiente do condutor,Tombamento,Com Vítimas Fatais,Pleno dia,Decrescente,Nublado,Simples,Curva;Declive,Não,3,1,0,0,1,1,0,2,"-24,84870719","-48,21109772",SPRF-SP,DEL05-SP,UOP02-DEL05-SP
576436,2024-01-02,terça-feira,12:30:00,AL,101,"62,8",MESSIAS,Ultrapassagem Indevida,Saída de leito carroçável,Com Vítimas Feridas,Pleno dia,Decrescente,Céu Claro,Dupla,Curva,Não,3,0,1,0,0,2,1,3,"-9,30924999","-35,82452501",SPRF-AL,DEL01-AL,UOP02-DEL01-AL
576437,2024-01-22,segunda-feira,12:30:00,PR,277,32,MORRETES,Manobra de mudança de faixa,Colisão com objeto,Com Vítimas Feridas,Pleno dia,Decrescente,Chuva,Dupla,Curva;Declive,Não,4,0,2,1,0,1,3,2,"-25,547373","-48,790559",SPRF-PR,DEL01-PR,UOP05-DEL01-PR
576441,2024-01-22,segunda-feira,10:50:00,BA,101,79,ALAGOINHAS,Ultrapassagem Indevida,Colisão lateral sentido oposto,Com Vítimas Feridas,Pleno dia,Crescente,Sol,Múltipla,Aclive;Reta,Não,6,0,2,0,2,3,2,5,"-12,01196305","-38,26882996",SPRF-BA,DEL01-BA,UOP04-DEL01-BA
576442,2024-01-22,segunda-feira,14:00:00,AL,316,"242,9",ATALAIA,Manobra de mudança de faixa,Colisão lateral mesmo sentido,Com Vítimas Feridas,Pleno dia,Crescente,Céu Claro,Simples,Declive;Reta,Não,5,0,1,2,2,0,3,3,"-9,50727405","-36,02113501",SPRF-AL,DEL01-AL,UOP01-DEL01-AL
576444,2024-01-22,segunda-feira,08:00:00,PA,316,35,SANTA IZABEL DO PARA,Acessar a via sem observar a presença dos outros veículos,Colisão transversal,Com Vítimas Feridas,Pleno dia,Decrescente,Céu Claro,Dupla,Reta,Sim,3,0,0,2,1,0,2,2,"-1,29146197","-48,164561",SPRF-PA,DEL01-PA,UOP01-DEL01-PA
576453,2024-01-22,segunda-feira,12:00:00,MA,226,"3,2",TIMON,Transitar na contramão,Colisão transversal,Com Vítimas Fatais,Pleno dia,Crescente,Céu Claro,Dupla,Reta,Sim,3,2,0,0,1,0,0,2,"-5,13817871","-42,84456968",SPRF-MA,DEL03-MA,UOP02-DEL03-MA
576466,2024-01-02,terça-feira,14:05:00,PR,163,"147,6",SANTA LUCIA,Velocidade Incompatível,Colisão transversal,Com Vítimas Feridas,Pleno dia,Decrescente,Chuva,Simples,Reta,Não,3,0,0,1,1,3,1,5,"-25,44415695","-53,57850109",SPRF-PR,DEL05-PR,UOP05-DEL05-PR
576470,2024-01-22,segunda-feira,14:30:00,MT,163,1047,MATUPA,Ausência de reação do condutor,Colisão traseira,Com Vítimas Feridas,Pleno dia,Decrescente,Nublado,Simples,Reta,Não,6,0,3,0,1,2,3,3,"-10,04840183","-54,90943457",SPRF-MT,DEL06-MT,UOP03-DEL06-MT
576472,2024-01-22,segunda-feira,15:10:00,MG,262,"36,3",MANHUACU,Ultrapassagem Indevida,Colisão lateral mesmo sentido,Com Vítimas Feridas,Pleno dia,Decrescente,Céu Claro,Simples,Curva,Sim,4,0,1,0,3,0,1,2,"-20,25932046","-42,02298331",SPRF-MG,DEL06-MG,UOP03-DEL06-MG
576476,2024-01-22,segunda-feira,18:23:00,PE,232,"136,5",CARUARU,Pedestre andava na pista,Atropelamento de Pedestre,Com Vítimas Fatais,Plena Noite,Crescente,Céu Claro,Dupla,Reta;Declive,Não,3,1,0,0,0,2,0,2,"-8,31339932","-36,04175591",SPRF-PE,DEL02-PE,UOP01-DEL02-PE
576477,2024-01-22,segunda-feira,15:00:00,RS,116,"131,9",CAXIAS DO SUL,Problema com o freio,Colisão com objeto,Com Vítimas Fatais,Pleno dia,Decrescente,Nublado,Simples,Declive;Curva,Não,3,1,0,1,0,1,1,2,"-29,04243793","-51,09118821",SPRF-RS,DEL05-RS,UOP01-DEL05-RS
576479,2024-01-22,segunda-feira,15:40:00,RJ,116,"98,9",GUAPIMIRIM,Pista Escorregadia,Colisão lateral sentido oposto,Com Vítimas Feridas,Pleno dia,Decrescente,Chuva,Simples,Curva,Não,3,0,0,1,1,1,1,3,"-22,48285706","-42,99723936",SPRF-RJ,DEL04-RJ,UOP01-DEL04-RJ
576483,2024-01-22,segunda-feira,12:00:00,BA,110,321,ALAGOINHAS,Velocidade Incompatível,Capotamento,Com Vítimas Feridas,Pleno dia,Crescente,Céu Claro,Simples,Curva,Não,2,0,0,1,0,1,1,2,"-12,07521394","-38,34597792",SPRF-BA,DEL01-BA,UOP04-DEL01-BA
576484,2024-01-22,segunda-feira,16:35:00,PR,277,405,CANDOI,Ausência de reação do condutor,Colisão lateral mesmo sentido,Sem Vítimas,Pleno dia,Decrescente,Nublado,Simples,Aclive;Curva,Não,5,0,0,0,3,2,0,3,"-25,42476038","-52,01405811",SPRF-PR,DEL04-PR,UOP02-DEL04-PR