id,data_inversa,dia_semana,horario,uf,br,km,municipio,causa_acidente,tipo_acidente,classificacao_acidente,fase_dia,sentido_via,condicao_metereologica,tipo_pista,tracado_via,uso_solo,pessoas,mortos,feridos_leves,feridos_graves,ilesos,ignorados,feridos,veiculos,latitude,longitude,regional,delegacia,uop
579998,2024-02-06,terça-feira,07:10:00,RS,290,150,ARROIO DOS RATOS,Ausência de reação do condutor,Colisão frontal,Com Vítimas Feridas,Pleno dia,Crescente,Céu Claro,Simples,Reta,Não,3,0,1,0,1,2,1,4,"-30,105978","-51,706875",SPRF-RS,DEL02-RS,UOP01-DEL02-RS
580004,2024-02-09,sexta-feira,13:15:00,MG,381,"497,9",BETIM,Velocidade Incompatível,Colisão com objeto,Com Vítimas Feridas,Pleno dia,Decrescente,Céu Claro,Múltipla,Declive;Curva,Sim,3,0,0,1,1,1,1,3,"-19,9861071","-44,2031123",SPRF-MG,DEL01-MG,UOP03-DEL01-MG
580005,2024-02-09,sexta-feira,07:20:00,CE,116,"192,8",LIMOEIRO DO NORTE,Velocidade Incompatível,Saída de leito carroçável,Sem Vítimas,Pleno dia,Decrescente,Nublado,Simples,Curva,Não,2,0,0,0,1,1,0,2,"-5,13121505","-38,15484932",SPRF-CE,DEL03-CE,UOP01-DEL03-CE
580006,2024-02-09,sexta-feira,12:30:00,MG,381,"574,4",ITAGUARA,Demais falhas mecânicas ou elétricas,Incêndio,Sem Vítimas,Pleno dia,Decrescente,Sol,Dupla,Reta,Não,2,0,0,0,2,0,0,1,"-20,46631134","-44,57958977",SPRF-MG,DEL04-MG,UOP01-DEL04-MG
580007,2024-01-29,segunda-feira,11:30:00,ES,101,297,VIANA,Manobra de mudança de faixa,Colisão lateral mesmo sentido,Com Vítimas Feridas,Pleno dia,Crescente,Céu Claro,Dupla,Reta,Sim,3,0,0,1,2,0,1,3,"-20,34529844","-40,41026774",SPRF-ES,DEL01-ES,UOP01-DEL01-ES
580010,2024-02-09,sexta-feira,13:45:00,PR,277,8,PARANAGUA,Manobra de mudança de faixa,Colisão lateral mesmo sentido,Sem Vítimas,Pleno dia,Crescente,Céu Claro,Dupla,Reta,Não,4,0,0,0,3,1,0,3,"-25,562845","-48,591792",SPRF-PR,DEL01-PR,UOP05-DEL01-PR
580012,2024-02-09,sexta-feira,11:20:00,PR,369,68,SANTA MARIANA,Transitar na contramão,Colisão lateral sentido oposto,Com Vítimas Feridas,Pleno dia,Decrescente,Sol,Simples,Reta,Não,5,0,2,0,1,2,2,5,"-23,135126","-50,477948",SPRF-PR,DEL07-PR,UOP05-DEL07-PR
580019,2024-02-09,sexta-feira,07:00:00,MG,262,185,SAO DOMINGOS DO PRATA,Condutor Dormindo,Tombamento,Sem Vítimas,Amanhecer,Decrescente,Céu Claro,Simples,Curva,Não,2,0,0,0,1,1,0,2,"-19,88347238","-43,04926873",SPRF-MG,DEL03-MG,UOP01-DEL03-MG
580020,2024-02-09,sexta-feira,14:30:00,MG,381,"908,8",CAMBUI,Retorno proibido,Colisão transversal,Com Vítimas Feridas,Pleno dia,Decrescente,Sol,Dupla,Reta,Não,2,0,1,1,0,0,2,2,"-22,71744092","-46,12652111",SPRF-MG,DEL16-MG,UOP03-DEL16-MG
580021,2024-02-09,sexta-feira,13:40:00,MS,158,"61,4",PARANAIBA,Reação tardia ou ineficiente do condutor,Colisão frontal,Com Vítimas Feridas,Pleno dia,Crescente,Chuva,Simples,Curva,Não,3,0,1,1,1,0,2,2,"-19,44059596","-51,36226295",SPRF-MS,DEL08-MS,UOP01-DEL08-MS
580038,2024-02-09,sexta-feira,13:10:00,BA,116,29,BOA NOVA,Reação tardia ou ineficiente do condutor,Colisão traseira,Com Vítimas Feridas,Pleno dia,Crescente,Céu Claro,Simples,Reta,Não,4,0,1,0,2,1,1,3,"-14,30543","-40,31922",SPRF-PE,DEL05-PE,UOP03-DEL05-PE
580043,2024-02-09,sexta-feira,13:40:00,SP,116,"116,4",TAUBATE,Condutor deixou de manter distância do veículo da frente,Colisão lateral mesmo sentido,Com Vítimas Feridas,Pleno dia,Crescente,Sol,Dupla,Reta,Sim,2,0,1,0,1,0,1,2,"-23,05376319","-45,6088049",SPRF-SP,DEL02-SP,UOP02-DEL02-SP
580049,2024-02-09,sexta-feira,17:20:00,SP,116,220,GUARULHOS,Trafegar com motocicleta (ou similar) entre as faixas,Queda de ocupante de veículo,Com Vítimas Fatais,Pleno dia,Decrescente,Céu Claro,Múltipla,Reta,Não,3,1,0,0,1,1,0,3,"-23,46759","-46,50599",SPRF-SP,DEL01-SP,UOP01-DEL01-SP
580055,2024-02-09,sexta-feira,16:38:00,PE,101,64,RECIFE,Manobra de mudança de faixa,Colisão traseira,Com Vítimas Feridas,Anoitecer,Decrescente,Céu Claro,Simples,Reta,Não,3,0,0,2,1,0,2,2,"-8,0162921","-34,94045886",SPRF-PE,DEL01-PE,UOP01-DEL01-PE
580060,2024-02-09,sexta-feira,14:55:00,MG,381,"679,4",PERDOES,Ausência de reação do condutor,Colisão traseira,Com Vítimas Feridas,Pleno dia,Decrescente,Céu Claro,Dupla,Retorno Regulamentado;Curva,Não,3,0,1,0,1,1,1,3,"-21,14734508","-45,10983682",SPRF-MG,DEL04-MG,UOP02-DEL04-MG
580063,2024-02-09,sexta-feira,17:30:00,BA,116,"835,9",VITORIA DA CONQUISTA,Transitar na contramão,Colisão frontal,Com Vítimas Fatais,Anoitecer,Crescente,Chuva,Simples,Reta,Não,13,4,2,5,2,0,7,2,"-14,955726","-40,902855",SPRF-BA,DEL08-BA,UOP01-DEL08-BA
580071,2024-02-09,sexta-feira,15:00:00,PB,0,0,SANTA RITA,Acesso irregular,Colisão com objeto,Com Vítimas Feridas,Pleno dia,Não Informado,Céu Claro,Simples,Ponte;Curva,Não,2,0,1,0,0,2,1,3,"-7,11158168","-34,96210098",SPRF-PB,DEL01-PB,UOP04-DEL01-PB
580081,2024-02-02,sexta-feira,10:34:00,SC,101,"212,6",PALHOCA,Manobra de mudança de faixa,Colisão lateral mesmo sentido,Sem Vítimas,Pleno dia,Crescente,Céu Claro,Dupla,Reta,Sim,3,0,0,0,3,0,0,3,"-27,62996929","-48,65903871",SPRF-SC,DEL01-SC,UOP02-DEL01-SC
580096,2024-02-09,sexta-feira,19:20:00,MS,262,762,LADARIO,Reação tardia ou ineficiente do condutor,Colisão com objeto,Com Vítimas Feridas,Plena Noite,Crescente,Céu Claro,Simples,Rotatória,Não,2,0,1,0,0,1,1,2,"-19,12764098","-57,62375735",SPRF-MS,DEL03-MS,UOP03-DEL03-MS
580098,2024-02-09,sexta-feira,18:50:00,PA,163,844,PLACAS,Reação tardia ou ineficiente do condutor,Tombamento,Com Vítimas Feridas,Anoitecer,Crescente,Chuva,Simples,Declive,Não,2,0,1,0,0,2,1,3,"-3,68577791","-54,82389988",SPRF-PA,DEL05-PA,UOP01-DEL05-PA
580103,2024-02-09,sexta-feira,07:30:00,MA,10,330,ACAILANDIA,Ultrapassagem Indevida,Colisão frontal,Com Vítimas Feridas,Pleno dia,Crescente,Céu Claro,Simples,Reta,Não,6,0,2,2,1,1,4,4,"-4,864507","-47,515343",SPRF-MA,DEL04-MA,UOP03-DEL04-MA
580105,2024-02-09,sexta-feira,20:30:00,GO,40,"11,9",LUZIANIA,Transitar no Acostamento,Atropelamento de Pedestre,Com Vítimas Fatais,Plena Noite,Crescente,Chuva,Dupla,Reta,Sim,3,1,0,0,1,1,0,3,"-16,145123","-47,945382",SPRF-DF,DEL01-DF,UOP01-DEL01-DF
580107,2024-02-09,sexta-feira,14:20:00,PA,316,98,IGARAPE-ACU,Manobra de mudança de faixa,Tombamento,Com Vítimas Feridas,Pleno dia,Crescente,Nublado,Simples,Reta,Não,2,0,1,0,0,1,1,2,"-1,33188337","-47,62160007",SPRF-PA,DEL01-PA,UOP02-DEL01-PA
580113,2024-02-09,sexta-feira,20:12:00,SC,101,"441,5",SANTA ROSA DO SUL,Estacionar ou parar em local proibido,Colisão traseira,Com Vítimas Feridas,Plena Noite,Crescente,Céu Claro,Múltipla,Reta;Declive;Interseção de Vias,Não,2,0,0,1,1,0,1,2,"-29,131307","-49,693191",SPRF-SC,DEL02-SC,UOP02-DEL02-SC
580115,2024-02-09,sexta-feira,22:00:00,PR,277,609,SANTA TEREZA DO OESTE,Acessar a via sem observar a presença dos outros veículos,Colisão transversal,Com Vítimas Feridas,Plena Noite,Crescente,Céu Claro,Simples,Rotatória,Sim,6,0,3,0,2,1,3,3,"-25,05068814","-53,62014234",SPRF-PR,DEL05-PR,UOP02-DEL05-PR
580123,2024-02-09,sexta-feira,21:40:00,MT,163,844,SINOP,Acessar a via sem observar a presença dos outros veículos,Colisão transversal,Com Vítimas Feridas,Plena Noite,Decrescente,Nublado,Simples,Interseção de Vias,Sim,5,0,1,0,3,1,1,3,"-11,77795","-55,47355",SPRF-MT,DEL06-MT,UOP02-DEL06-MT
580135,2024-02-09,sexta-feira,21:35:00,GO,153,278,NOVA GLORIA,Reação tardia ou ineficiente do condutor,Saída de leito carroçável,Com Vítimas Feridas,Plena Noite,Crescente,Céu Claro,Simples,Reta,Não,2,0,1,0,1,0,1,1,"-15,131915","-49,514952",SPRF-GO,DEL07-GO,UOP02-DEL07-GO
580136,2024-02-09,sexta-feira,23:10:00,MS,163,325,RIO BRILHANTE,Demais falhas mecânicas ou elétricas,Incêndio,Sem Vítimas,Plena Noite,Decrescente,Céu Claro,Simples,Reta,Não,1,0,0,0,1,0,0,1,"-21,7538","-54,519471",SPRF-MS,DEL02-MS,UOP02-DEL02-MS
580138,2024-02-09,sexta-feira,23:40:00,PR,277,42,MORRETES,Demais falhas mecânicas ou elétricas,Incêndio,Sem Vítimas,Plena Noite,Crescente,Nublado,Dupla,Reta,Não,3,0,0,0,2,2,0,3,"-25,57361239","-48,84469597",SPRF-PR,DEL01-PR,UOP01-DEL01-PR
580144,2024-02-10,sábado,00:25:00,PR,476,176,CONTENDA,Ingestão de álcool pelo condutor,Colisão frontal,Com Vítimas Feridas,Plena Noite,Crescente,Céu Claro,Simples,Reta,Não,2,0,1,0,1,0,1,2,"-25,694412","-49,553158",SPRF-PR,DEL01-PR,UOP06-DEL01-PR
580146,2024-02-09,sexta-feira,22:30:00,PA,10,70,ULIANOPOLIS,Deficiência do Sistema de Iluminação/Sinalização,Colisão traseira,Com Vítimas Feridas,Plena Noite,Crescente,Céu Claro,Simples,Reta,Não,4,0,1,1,2,0,2,2,"-3,8350438","-47,51638456",SPRF-PA,DEL02-PA,UOP02-DEL02-PA
580158,2024-02-09,sexta-feira,22:30:00,MT,364,349,SANTO ANTONIO DO LEVERGER,Ausência de reação do condutor,Saída de leito carroçável,Com Vítimas Fatais,Plena Noite,Crescente,Céu Claro,Dupla,Declive;Curva,Não,1,1,0,0,0,0,0,1,"-15,80502622","-55,5546431",SPRF-MT,DEL05-MT,UOP02-DEL05-MT
580162,2024-02-10,sábado,01:30:00,MT,364,"247,7",JUSCIMEIRA,Reação tardia ou ineficiente do condutor,Saída de leito carroçável,Com Vítimas Feridas,Plena Noite,Decrescente,Céu Claro,Dupla,Reta,Não,3,0,2,0,0,1,2,2,"-16,13537488","-54,83069792",SPRF-MT,DEL02-MT,UOP01-DEL02-MT
580166,2024-02-10,sábado,03:30:00,PR,277,168,PORTO AMAZONAS,Manobra de mudança de faixa,Colisão lateral mesmo sentido,Sem Vítimas,Plena Noite,Decrescente,Céu Claro,Simples,Reta;Rotatória,Sim,3,0,0,0,2,1,0,3,"-25,46413908","-49,91312702",SPRF-PR,DEL03-PR,UOP03-DEL03-PR
580167,2024-02-10,sábado,03:35:00,PE,232,"173,9",BELO JARDIM,Ultrapassagem Indevida,Colisão frontal,Sem Vítimas,Plena Noite,Decrescente,Nublado,Simples,Reta,Não,2,0,0,0,1,1,0,2,"-8,33916255","-36,36917103",SPRF-PE,DEL03-PE,UOP02-DEL03-PE
580171,2024-02-10,sábado,04:00:00,MG,381,"837,5",SAO SEBASTIAO DA BELA VISTA,Demais falhas mecânicas ou elétricas,Incêndio,Sem Vítimas,Plena Noite,Crescente,Nublado,Dupla,Curva,Não,2,0,0,0,1,1,0,2,"-22,14133447","-45,81655455",SPRF-MG,DEL16-MG,UOP01-DEL16-MG
580174,2024-02-10,sábado,04:00:00,RJ,116,190,NOVA IGUACU,Ingestão de álcool pelo condutor,Colisão traseira,Com Vítimas Feridas,Amanhecer,Decrescente,Céu Claro,Dupla,Reta,Sim,4,0,1,0,2,1,1,4,"-22,74123776","-43,5007311",SPRF-RJ,DEL06-RJ,UOP01-DEL06-RJ
580179,2024-02-06,terça-feira,23:45:00,RJ,101,328,RIO DE JANEIRO,Ausência de reação do condutor,Colisão traseira,Com Vítimas Feridas,Plena Noite,Crescente,Céu Claro,Múltipla,Reta;Declive,Não,4,0,1,0,3,0,1,2,"-22,87028692","-43,16579699",SPRF-RJ,DEL02-RJ,UOP01-DEL02-RJ
580180,2024-02-10,sábado,05:10:00,SC,101,"198,4",SAO JOSE,Ausência de reação do condutor,Colisão lateral mesmo sentido,Com Vítimas Fatais,Amanhecer,Decrescente,Céu Claro,Múltipla,Reta,Sim,2,1,0,0,1,0,0,2,"-27,5300902","-48,6325387",SPRF-SC,DEL01-SC,UOP01-DEL01-SC
580181,2024-02-10,sábado,04:30:00,PI,402,68,LUIS CORREIA,Transitar na contramão,Colisão lateral sentido oposto,Sem Vítimas,Plena Noite,Crescente,Céu Claro,Simples,Reta,Não,3,0,0,0,2,1,0,2,"-3,09729973","-41,51393695",SPRF-PI,DEL05-PI,UOP01-DEL05-PI
580182,2024-02-10,sábado,05:00:00,MT,163,979,TERRA NOVA DO NORTE,Transitar na contramão,Colisão frontal,Com Vítimas Feridas,Amanhecer,Crescente,Chuva,Simples,Aclive;Reta,Não,4,0,2,1,0,2,3,4,"-10,76508986","-55,15165735",SPRF-MT,DEL06-MT,UOP03-DEL06-MT
580194,2024-02-10,sábado,07:00:00,RJ,116,"112,8",GUAPIMIRIM,Reação tardia ou ineficiente do condutor,Colisão com objeto,Com Vítimas Feridas,Pleno dia,Decrescente,Sol,Dupla,Em Obras;Curva,Sim,3,0,1,0,1,1,1,3,"-22,57214","-43,007291",SPRF-RJ,DEL04-RJ,UOP02-DEL04-RJ
580197,2024-01-16,terça-feira,17:10:00,PR,277,126,CAMPO LARGO,Reação tardia ou ineficiente do condutor,Engavetamento,Com Vítimas Feridas,Pleno dia,Decrescente,Nublado,Dupla,Reta,Não,3,0,1,1,1,0,2,3,"-25,4702437","-49,60515976",SPRF-PR,DEL03-PR,UOP03-DEL03-PR
580201,2024-02-10,sábado,06:50:00,SC,116,5,MAFRA,Acesso irregular,Colisão transversal,Com Vítimas Feridas,Pleno dia,Decrescente,Céu Claro,Simples,Reta,Sim,4,0,1,1,1,1,2,4,"-26,14094396","-49,81508303",SPRF-SC,DEL06-SC,UOP01-DEL06-SC
580203,2024-02-10,sábado,04:15:00,MG,381,163,GOVERNADOR VALADARES,Condutor Dormindo,Colisão lateral sentido oposto,Com Vítimas Feridas,Plena Noite,Decrescente,Nublado,Simples,Reta,Não,2,0,0,1,1,0,1,2,"-18,93550625","-42,0516298",SPRF-MG,DEL06-MG,UOP01-DEL06-MG
580207,2024-02-10,sábado,07:32:00,SC,101,121,ITAJAI,Reação tardia ou ineficiente do condutor,Colisão traseira,Com Vítimas Feridas,Pleno dia,Crescente,Céu Claro,Dupla,Reta,Não,4,0,1,0,3,0,1,4,"-26,92103178","-48,70856446",SPRF-SC,DEL04-SC,UOP04-DEL04-SC
580220,2024-02-10,sábado,08:00:00,MG,381,"636,9",SANTO ANTONIO DO AMPARO,Velocidade Incompatível,Saída de leito carroçável,Com Vítimas Feridas,Pleno dia,Decrescente,Nublado,Dupla,Declive;Curva,Não,2,0,1,0,0,1,1,2,"-20,89141186","-44,8525565",SPRF-MG,DEL04-MG,UOP01-DEL04-MG
580221,2024-02-10,sábado,06:48:00,MG,262,"575,6",CORREGO DANTA,Velocidade Incompatível,Tombamento,Com Vítimas Feridas,Pleno dia,Decrescente,Sol,Simples,Curva,Não,2,0,0,1,0,1,1,2,"-19,69297478","-46,03637682",SPRF-MG,DEL08-MG,UOP02-DEL08-MG
580222,2024-02-10,sábado,09:45:00,SC,101,"209,7",SAO JOSE,Velocidade Incompatível,Colisão traseira,Com Vítimas Feridas,Pleno dia,Decrescente,Céu Claro,Múltipla,Reta,Sim,4,0,1,0,2,1,1,4,"-27,61000542","-48,63895057",SPRF-SC,DEL01-SC,UOP01-DEL01-SC
580228,2024-02-10,sábado,10:05:00,PI,343,15,PARNAIBA,Desrespeitar a preferência no cruzamento,Colisão transversal,Sem Vítimas,Pleno dia,Crescente,Chuva,Dupla,Reta;Interseção de Vias,Sim,2,0,0,0,2,0,0,2,"-2,93659","-41,754936",SPRF-PI,DEL05-PI,UOP01-DEL05-PI
580230,2024-01-16,terça-feira,10:50:00,PR,376,185,SARANDI,Ultrapassagem Indevida,Colisão lateral mesmo sentido,Com Vítimas Feridas,Pleno dia,Decrescente,Céu Claro,Múltipla,Reta,Sim,3,0,1,0,1,1,1,3,"-23,45147413","-51,85361808",SPRF-PR,DEL09-PR,UOP01-DEL09-PR
580237,2024-02-10,sábado,07:20:00,MT,174,122,CACERES,Condutor Dormindo,Saída de leito carroçável,Com Vítimas Feridas,Pleno dia,Crescente,Céu Claro,Simples,Reta,Não,2,0,0,1,0,3,1,4,"-15,82935414","-58,06396499",SPRF-MT,DEL03-MT,UOP01-DEL03-MT
580247,2024-02-10,sábado,12:30:00,MG,50,"191,4",UBERABA,Problema com o freio,Colisão traseira,Com Vítimas Feridas,Pleno dia,Decrescente,Céu Claro,Dupla,Declive;Reta,Não,17,0,5,4,7,2,9,10,"-19,862761","-47,865264",SPRF-MG,DEL13-MG,UOP01-DEL13-MG
580259,2024-02-10,sábado,10:20:00,CE,116,17,ITAITINGA,Ausência de reação do condutor,Colisão com objeto,Sem Vítimas,Pleno dia,Crescente,Chuva,Dupla,Curva,Não,2,0,0,0,1,1,0,2,"-3,89617918","-38,50336042",SPRF-CE,DEL01-CE,UOP02-DEL01-CE
580272,2024-02-10,sábado,14:15:00,SC,101,164,TIJUCAS,Ausência de reação do condutor,Colisão traseira,Com Vítimas Feridas,Pleno dia,Decrescente,Sol,Dupla,Aclive;Ponte;Reta,Sim,2,0,1,0,1,0,1,2,"-27,243868","-48,6309",SPRF-SC,DEL04-SC,UOP03-DEL04-SC
580273,2024-02-10,sábado,11:30:00,RS,386,"393,5",TRIUNFO,Manobra de mudança de faixa,Colisão lateral mesmo sentido,Com Vítimas Feridas,Pleno dia,Crescente,Céu Claro,Dupla,Reta,Sim,5,0,2,0,3,0,2,3,"-29,71176","-51,64938",SPRF-RS,DEL04-RS,UOP02-DEL04-RS
580276,2024-02-10,sábado,11:00:00,GO,452,5,RIO VERDE,Condutor deixou de manter distância do veículo da frente,Engavetamento,Sem Vítimas,Pleno dia,Decrescente,Céu Claro,Simples,Aclive;Reta,Não,5,0,0,0,5,0,0,5,"-17,810072","-50,861195",SPRF-GO,DEL04-GO,UOP01-DEL04-GO
580277,2024-02-10,sábado,14:00:00,AL,101,135,SAO MIGUEL DOS CAMPOS,Acostamento em desnível,Tombamento,Sem Vítimas,Pleno dia,Crescente,Nublado,Simples,Curva,Não,2,0,0,0,1,2,0,3,"-9,78834902","-36,10509283",SPRF-AL,DEL02-AL,UOP01-DEL02-AL
580284,2024-02-10,sábado,14:00:00,RS,116,241,NOVO HAMBURGO,Condutor deixou de manter distância do veículo da frente,Engavetamento,Com Vítimas Feridas,Pleno dia,Crescente,Céu Claro,Dupla,Reta,Sim,7,0,2,0,5,0,2,4,"-29,71396796","-51,1476744",SPRF-RS,DEL01-RS,UOP02-DEL01-RS
580287,2024-02-10,sábado,09:30:00,SC,282,625,IRACEMINHA,Carga excessiva e/ou mal acondicionada,Colisão frontal,Com Vítimas Feridas,Pleno dia,Decrescente,Sol,Simples,Curva,Não,2,0,1,0,0,1,1,2,"-26,800232","-53,351334",SPRF-SC,DEL07-SC,UOP02-DEL07-SC
580290,2024-02-10,sábado,13:30:00,TO,153,552,OLIVEIRA DE FATIMA,Transitar na contramão,Colisão frontal,Com Vítimas Feridas,Pleno dia,Crescente,Chuva,Simples,Reta;Aclive,Não,3,0,0,1,1,1,1,3,"-10,66675097","-48,90822853",SPRF-TO,DEL01-TO,UOP01-DEL01-TO
580293,2024-02-10,sábado,14:00:00,RN,304,231,RIACHUELO,Condutor Dormindo,Saída de leito carroçável,Com Vítimas Feridas,Pleno dia,Decrescente,Céu Claro,Simples,Reta,Não,2,0,2,0,0,0,2,1,"-5,752643","-35,8957",SPRF-RN,DEL01-RN,UOP02-DEL01-RN
580298,2024-02-10,sábado,09:20:00,SC,282,"450,6",PONTE SERRADA,Mal súbito do condutor,Saída de leito carroçável,Com Vítimas Fatais,Pleno dia,Decrescente,Céu Claro,Simples,Declive;Curva,Não,2,1,0,0,0,1,0,2,"-26,920411","-51,9409027",SPRF-SC,DEL07-SC,UOP04-DEL07-SC
580306,2024-02-10,sábado,09:00:00,RJ,356,107,CARDOSO MOREIRA,Afundamento ou ondulação no pavimento,Tombamento,Sem Vítimas,Pleno dia,Decrescente,Sol,Simples,Declive;Reta,Não,2,0,0,0,2,0,0,1,"-21,54542261","-41,4746409",SPRF-RJ,DEL08-RJ,UOP03-DEL08-RJ
580327,2024-02-10,sábado,17:10:00,SP,116,"348,5",MIRACATU,Reação tardia ou ineficiente do condutor,Saída de leito carroçável,Com Vítimas Feridas,Pleno dia,Decrescente,Nublado,Dupla,Curva,Não,2,0,1,0,0,1,1,2,"-24,05143375","-47,20399492",SPRF-SP,DEL04-SP,UOP03-DEL04-SP
580329,2024-02-10,sábado,18:00:00,MG,381,430,SABARA,Velocidade Incompatível,Saída de leito carroçável,Com Vítimas Feridas,Anoitecer,Crescente,Céu Claro,Simples,Declive,Não,2,0,1,0,0,1,1,2,"-19,78831547","-43,73175712",SPRF-MG,DEL01-MG,UOP01-DEL01-MG
580337,2024-02-10,sábado,16:00:00,MG,50,177,UBERABA,Condutor Dormindo,Saída de leito carroçável,Com Vítimas Feridas,Pleno dia,Crescente,Céu Claro,Dupla,Reta,Não,2,0,1,0,0,1,1,2,"-19,77914852","-47,95047701",SPRF-MG,DEL13-MG,UOP01-DEL13-MG
580343,2024-02-10,sábado,18:00:00,RS,153,"37,2",TRES ARROIOS,Ultrapassagem Indevida,Colisão frontal,Com Vítimas Feridas,Pleno dia,Decrescente,Céu Claro,Simples,Curva,Não,5,0,1,1,2,1,2,3,"-27,56598492","-52,21728001",SPRF-RS,DEL08-RS,UOP04-DEL08-RS
580353,2024-02-10,sábado,17:00:00,RO,364,"21,8",VILHENA,Reação tardia ou ineficiente do condutor,Colisão frontal,Com Vítimas Feridas,Pleno dia,Crescente,Chuva,Simples,Aclive,Não,6,0,3,2,0,7,5,10,"-12,72595705","-60,192765",SPRF-RO,DEL04-RO,UOP01-DEL04-RO
580361,2024-02-10,sábado,18:15:00,MG,381,"587,1",CARMOPOLIS DE MINAS,Ausência de reação do condutor,Colisão traseira,Com Vítimas Fatais,Anoitecer,Crescente,Céu Claro,Dupla,Aclive;Reta,Sim,3,1,0,0,1,2,0,4,"-20,5460261","-44,65677896",SPRF-MG,DEL04-MG,UOP01-DEL04-MG
580365,2024-02-10,sábado,19:00:00,MS,262,238,RIBAS DO RIO PARDO,Ultrapassagem Indevida,Colisão frontal,Com Vítimas Fatais,Plena Noite,Decrescente,Céu Claro,Simples,Reta,Sim,4,2,0,0,2,0,0,2,"-20,4560229","-53,74643001",SPRF-MS,DEL01-MS,UOP01-DEL01-MS
580369,2024-02-10,sábado,20:00:00,MG,116,"313,3",ITAMBACURI,Demais falhas mecânicas ou elétricas,Incêndio,Sem Vítimas,Pleno dia,Decrescente,Nublado,Simples,Reta,Não,3,0,0,0,2,1,0,2,"-18,09344397","-41,68893313",SPRF-MG,DEL11-MG,UOP01-DEL11-MG
580389,2024-02-10,sábado,16:30:00,MT,158,"624,5",NOVA XAVANTINA,Ultrapassagem Indevida,Colisão frontal,Com Vítimas Feridas,Pleno dia,Decrescente,Nublado,Simples,Reta,Não,3,0,1,0,1,3,1,5,"-14,4847019","-52,28140519",SPRF-MT,DEL07-MT,UOP02-DEL07-MT
580392,2024-02-10,sábado,18:15:00,MG,262,"589,9",CAMPOS ALTOS,Velocidade Incompatível,Tombamento,Sem Vítimas,Anoitecer,Decrescente,Céu Claro,Simples,Curva,Não,2,0,0,0,1,2,0,3,"-19,65792178","-46,126369",SPRF-MG,DEL08-MG,UOP02-DEL08-MG
580393,2024-02-10,sábado,21:30:00,SC,101,"396,5",MARACAJA,Demais falhas mecânicas ou elétricas,Incêndio,Sem Vítimas,Plena Noite,Decrescente,Céu Claro,Dupla,Reta,Não,2,0,0,0,1,1,0,2,"-28,82459572","-49,40472033",SPRF-SC,DEL02-SC,UOP02-DEL02-SC
580401,2024-02-10,sábado,21:30:00,MG,365,543,ROMARIA,Transitar na contramão,Colisão frontal,Com Vítimas Feridas,Plena Noite,Crescente,Ignorado,Simples,Reta,Não,5,0,1,3,0,1,4,3,"-18,93148287","-47,61932501",SPRF-MG,DEL10-MG,UOP01-DEL10-MG
580421,2024-02-10,sábado,23:50:00,RS,285,572,SAO LUIZ GONZAGA,Ausência de reação do condutor,Colisão traseira,Com Vítimas Feridas,Plena Noite,Decrescente,Céu Claro,Simples,Reta;Declive,Não,6,0,4,0,2,0,4,2,"-28,416843","-55,016129",SPRF-RS,DEL12-RS,UOP01-DEL12-RS
580432,2024-02-11,domingo,03:00:00,TO,230,82,CACHOEIRINHA,Ingestão de álcool pelo condutor,Colisão lateral sentido oposto,Sem Vítimas,Plena Noite,Crescente,Ignorado,Simples,Interseção de Vias,Não,3,0,0,0,2,1,0,3,"-6,10098395","-47,90268299",SPRF-TO,DEL02-TO,UOP03-DEL02-TO
580438,2024-02-11,domingo,03:20:00,PI,343,344,TERESINA,Manobra de mudança de faixa,Colisão lateral sentido oposto,Sem Vítimas,Plena Noite,Crescente,Chuva,Simples,Reta,Sim,2,0,0,0,2,0,0,2,"-5,094729","-42,762775",SPRF-PI,DEL01-PI,UOP01-DEL01-PI
580445,2024-02-11,domingo,02:00:00,MG,40,"293,1",TRES MARIAS,Transitar na contramão,Colisão frontal,Com Vítimas Fatais,Plena Noite,Crescente,Nublado,Simples,Reta,Não,3,1,0,0,1,2,0,4,"-18,29623795","-45,12429391",SPRF-MG,DEL14-MG,UOP02-DEL14-MG
580452,2024-02-10,sábado,17:00:00,BA,110,43,SANTA BRIGIDA,Manobra de mudança de faixa,Colisão frontal,Com Vítimas Fatais,Pleno dia,Decrescente,Céu Claro,Simples,Reta;Declive,Não,4,1,0,0,2,1,0,4,"-9,83277896","-38,26111719",SPRF-BA,DEL07-BA,UOP01-DEL07-BA
580461,2024-02-11,domingo,06:20:00,CE,116,17,EUSEBIO,Condutor Dormindo,Saída de leito carroçável,Sem Vítimas,Pleno dia,Decrescente,Chuva,Dupla,Reta;Declive,Sim,2,0,0,0,1,1,0,2,"-3,89617918","-38,50336042",SPRF-CE,DEL01-CE,UOP02-DEL01-CE
580482,2024-02-11,domingo,09:20:00,RS,392,"52,3",RIO GRANDE,Manobra de mudança de faixa,Colisão traseira,Sem Vítimas,Pleno dia,Crescente,Chuva,Múltipla,Reta,Não,3,0,0,0,2,2,0,4,"-31,85621898","-52,32534987",SPRF-RS,DEL07-RS,UOP02-DEL07-RS
580484,2024-02-11,domingo,09:25:00,MG,251,"474,1",FRANCISCO SA,Velocidade Incompatível,Engavetamento,Com Vítimas Fatais,Pleno dia,Crescente,Sol,Simples,Curva;Declive,Não,8,1,5,1,0,2,6,6,"-16,47130466","-43,45673904",SPRF-MG,DEL12-MG,UOP01-DEL12-MG