id,data_inversa,dia_semana,horario,uf,br,km,municipio,causa_acidente,tipo_acidente,classificacao_acidente,fase_dia,sentido_via,condicao_metereologica,tipo_pista,tracado_via,uso_solo,pessoas,mortos,feridos_leves,feridos_graves,ilesos,ignorados,feridos,veiculos,latitude,longitude,regional,delegacia,uop
581323,2024-02-15,quinta-feira,14:50:00,MG,381,"501,9",BETIM,Acessar a via sem observar a presença dos outros veículos,Colisão lateral mesmo sentido,Com Vítimas Feridas,Pleno dia,Crescente,Céu Claro,Dupla,Interseção de Vias,Não,4,0,1,0,2,1,1,3,"-20,03146447","-44,2377893",SPRF-MG,DEL01-MG,UOP03-DEL01-MG
581330,2024-02-15,quinta-feira,06:30:00,SC,282,"73,1",RANCHO QUEIMADO,Reação tardia ou ineficiente do condutor,Tombamento,Com Vítimas Feridas,Pleno dia,Decrescente,Nublado,Simples,Reta,Não,1,0,1,0,0,0,1,1,"-27,681437","-49,113388",SPRF-SC,DEL01-SC,UOP03-DEL01-SC
581333,2024-02-15,quinta-feira,14:56:00,PR,116,"120,5",CURITIBA,Animais na Pista,Engavetamento,Com Vítimas Feridas,Pleno dia,Decrescente,Nublado,Dupla,Reta,Não,8,0,3,0,5,0,3,5,"-25,55122256","-49,30503748",SPRF-PR,DEL01-PR,UOP03-DEL01-PR
581335,2024-02-15,quinta-feira,14:59:00,MS,163,158,JUTI,Problema com o freio,Colisão traseira,Com Vítimas Feridas,Pleno dia,Crescente,Nublado,Simples,Declive,Não,7,0,3,1,2,1,4,3,"-22,92723393","-54,494378",SPRF-MS,DEL09-MS,UOP01-DEL09-MS
581336,2024-02-15,quinta-feira,15:45:00,RS,470,225,GARIBALDI,Acessar a via sem observar a presença dos outros veículos,Colisão transversal,Com Vítimas Feridas,Pleno dia,Crescente,Nublado,Simples,Rotatória,Sim,2,0,1,0,1,0,1,2,"-29,24660013","-51,51601374",SPRF-RS,DEL06-RS,UOP01-DEL06-RS
581337,2024-02-15,quinta-feira,15:00:00,PR,476,"76,8",BOCAIUVA DO SUL,Frear bruscamente,Colisão frontal,Com Vítimas Fatais,Pleno dia,Crescente,Garoa/Chuvisco,Simples,Declive;Reta,Não,3,1,0,0,1,1,0,3,"-25,10540022","-49,11043167",SPRF-PR,DEL01-PR,UOP01-DEL01-PR
581338,2024-02-15,quinta-feira,09:05:00,BA,116,"601,9",IRAJUBA,Demais falhas mecânicas ou elétricas,Incêndio,Sem Vítimas,Pleno dia,Decrescente,Céu Claro,Simples,Reta,Não,2,0,0,0,1,1,0,2,"-13,21447505","-40,02668493",SPRF-BA,DEL03-BA,UOP02-DEL03-BA
581341,2024-02-15,quinta-feira,14:00:00,MG,116,"3,2",DIVISA ALEGRE,Conversão proibida,Colisão lateral mesmo sentido,Com Vítimas Fatais,Pleno dia,Decrescente,Céu Claro,Simples,Reta,Sim,3,1,1,0,1,0,1,2,"-15,72873841","-41,34327119",SPRF-BA,DEL08-BA,UOP03-DEL08-BA
581343,2024-02-15,quinta-feira,16:00:00,MG,381,848,POUSO ALEGRE,Frear bruscamente,Colisão com objeto,Com Vítimas Feridas,Pleno dia,Decrescente,Nublado,Dupla,Reta,Não,5,0,3,0,1,1,3,3,"-22,26114406","-45,89010176",SPRF-MG,DEL16-MG,UOP01-DEL16-MG
581354,2024-02-15,quinta-feira,15:00:00,BA,101,724,EUNAPOLIS,Reação tardia ou ineficiente do condutor,Saída de leito carroçável,Com Vítimas Feridas,Pleno dia,Decrescente,Céu Claro,Simples,Declive;Curva,Não,2,0,1,0,0,1,1,2,"-16,41636774","-39,5847702",SPRF-BA,DEL09-BA,UOP01-DEL09-BA
581366,2024-02-15,quinta-feira,17:50:00,MG,251,"522,3",MONTES CLAROS,Chuva,Colisão frontal,Com Vítimas Fatais,Anoitecer,Crescente,Chuva,Simples,Reta;Declive,Não,14,3,4,6,0,1,10,3,"-16,6754567","-43,7987724",SPRF-MG,DEL12-MG,UOP01-DEL12-MG
581368,2024-02-15,quinta-feira,17:07:00,TO,153,482,PARAISO DO TOCANTINS,Reação tardia ou ineficiente do condutor,Saída de leito carroçável,Com Vítimas Feridas,Pleno dia,Decrescente,Céu Claro,Simples,Aclive,Não,2,0,1,0,0,1,1,2,"-10,06579181","-48,84446013",SPRF-TO,DEL01-TO,UOP01-DEL01-TO
581375,2024-02-05,segunda-feira,15:20:00,RJ,101,32,CAMPOS DOS GOYTACAZES,Transitar na contramão,Colisão lateral sentido oposto,Com Vítimas Feridas,Pleno dia,Decrescente,Chuva,Simples,Reta;Aclive,Não,3,0,1,1,0,1,2,3,"-21,48225101","-41,33958897",SPRF-RJ,DEL08-RJ,UOP01-DEL08-RJ
581380,2024-02-15,quinta-feira,19:30:00,MG,262,391,FLORESTAL,Objeto estático sobre o leito carroçável,Tombamento,Com Vítimas Feridas,Plena Noite,Crescente,Chuva,Dupla,Declive;Reta,Não,3,0,3,0,0,0,3,1,"-19,92369912","-44,46409813",SPRF-MG,DEL01-MG,UOP03-DEL01-MG
581383,2024-02-15,quinta-feira,18:30:00,MS,262,350,CAMPO GRANDE,Acessar a via sem observar a presença dos outros veículos,Colisão traseira,Com Vítimas Feridas,Pleno dia,Crescente,Céu Claro,Dupla,Reta,Não,2,0,0,1,1,0,1,2,"-20,56994516","-54,64056096",SPRF-MS,DEL01-MS,UOP03-DEL01-MS
581403,2024-02-16,sexta-feira,03:57:00,TO,153,143,ARAGUAINA,Ausência de reação do condutor,Colisão traseira,Com Vítimas Fatais,Plena Noite,Crescente,Nublado,Múltipla,Reta,Sim,3,1,0,0,1,2,0,4,"-7,18866332","-48,23207966",SPRF-TO,DEL02-TO,UOP01-DEL02-TO
581410,2024-02-16,sexta-feira,04:55:00,PR,369,"445,9",UBIRATA,Condutor Dormindo,Colisão traseira,Com Vítimas Feridas,Plena Noite,Crescente,Nublado,Simples,Reta,Não,2,0,1,0,1,0,1,2,"-24,548","-52,9479",SPRF-PR,DEL04-PR,UOP03-DEL04-PR
581411,2024-02-16,sexta-feira,03:30:00,BA,242,558,OLIVEIRA DOS BREJINHOS,Condutor Dormindo,Tombamento,Com Vítimas Feridas,Plena Noite,Decrescente,Céu Claro,Simples,Reta,Não,3,0,1,0,1,2,1,3,"-12,06598813","-43,10633227",SPRF-BA,DEL06-BA,UOP03-DEL06-BA
581412,2024-02-16,sexta-feira,05:30:00,RJ,116,"42,9",TERESOPOLIS,Condutor deixou de manter distância do veículo da frente,Colisão traseira,Com Vítimas Feridas,Amanhecer,Crescente,Nevoeiro/Neblina,Simples,Reta,Não,2,0,1,0,0,1,1,2,"-22,14560636","-42,79362881",SPRF-RJ,DEL04-RJ,UOP01-DEL04-RJ
581413,2024-02-15,quinta-feira,16:55:00,SC,101,396,MARACAJA,Ausência de reação do condutor,Colisão traseira,Com Vítimas Feridas,Pleno dia,Crescente,Céu Claro,Múltipla,Aclive,Não,2,0,0,1,1,0,1,2,"-28,82459572","-49,40472033",SPRF-SC,DEL02-SC,UOP02-DEL02-SC
581414,2024-02-16,sexta-feira,05:18:00,PR,277,"404,8",CANDOI,Condutor Dormindo,Saída de leito carroçável,Com Vítimas Feridas,Plena Noite,Decrescente,Nublado,Simples,Reta,Não,2,0,1,0,1,0,1,1,"-25,45842513","-51,96393708",SPRF-PR,DEL04-PR,UOP02-DEL04-PR
581419,2024-02-16,sexta-feira,07:00:00,RS,392,"12,5",RIO GRANDE,Manobra de mudança de faixa,Colisão lateral mesmo sentido,Com Vítimas Feridas,Pleno dia,Decrescente,Céu Claro,Dupla,Reta,Sim,2,0,1,0,1,0,1,2,"-32,12601434","-52,13875392",SPRF-RS,DEL07-RS,UOP02-DEL07-RS
581421,2024-02-16,sexta-feira,06:00:00,SC,153,"92,7",CONCORDIA,Transitar na contramão,Colisão lateral sentido oposto,Com Vítimas Feridas,Amanhecer,Crescente,Nublado,Simples,Reta,Não,2,0,1,0,1,0,1,2,"-27,185669","-51,931538",SPRF-SC,DEL07-SC,UOP04-DEL07-SC
581423,2024-02-16,sexta-feira,04:30:00,GO,153,564,PROFESSOR JAMIL,Ausência de reação do condutor,Saída de leito carroçável,Com Vítimas Feridas,Amanhecer,Decrescente,Chuva,Dupla,Declive;Curva,Não,8,0,2,0,6,0,2,6,"-17,2476","-49,2417",SPRF-GO,DEL03-GO,UOP01-DEL03-GO
581424,2024-02-15,quinta-feira,16:30:00,AM,174,1079,PRESIDENTE FIGUEIREDO,Pista Escorregadia,Colisão com objeto,Com Vítimas Feridas,Pleno dia,Decrescente,Chuva,Simples,Declive;Curva,Não,2,0,1,0,0,1,1,2,"-1,36714986","-60,35853186",SPRF-AM,DEL01-AM,UOP02-DEL01-AM
581437,2024-02-16,sexta-feira,08:35:00,RS,470,"166,8",VILA FLORES,Reação tardia ou ineficiente do condutor,Colisão traseira,Com Vítimas Feridas,Pleno dia,Decrescente,Chuva,Simples,Reta;Declive,Não,3,0,1,0,1,1,1,3,"-28,8560509","-51,55771673",SPRF-RS,DEL06-RS,UOP02-DEL06-RS
581443,2024-02-16,sexta-feira,09:35:00,MG,40,795,JUIZ DE FORA,Reação tardia ou ineficiente do condutor,Colisão traseira,Sem Vítimas,Anoitecer,Crescente,Céu Claro,Dupla,Reta,Não,2,0,0,0,2,0,0,2,"-21,80351702","-43,39998309",SPRF-MG,DEL05-MG,UOP01-DEL05-MG
581447,2024-02-16,sexta-feira,04:30:00,MG,381,532,ITATIAIUCU,Condutor Dormindo,Tombamento,Com Vítimas Fatais,Plena Noite,Decrescente,Céu Claro,Dupla,Declive;Curva,Não,3,1,0,0,0,2,0,3,"-20,1904316","-44,38268793",SPRF-MG,DEL04-MG,UOP03-DEL04-MG
581448,2024-02-08,quinta-feira,11:20:00,MS,163,539,BANDEIRANTES,Chuva,Atropelamento de Pedestre,Com Vítimas Feridas,Pleno dia,Crescente,Chuva,Simples,Reta,Não,2,0,0,1,0,1,1,2,"-19,9894849","-54,39027124",SPRF-MS,DEL01-MS,UOP02-DEL01-MS
581454,2024-02-16,sexta-feira,08:50:00,PR,163,"186,1",SANTA TEREZA DO OESTE,Velocidade Incompatível,Colisão traseira,Sem Vítimas,Pleno dia,Decrescente,Nublado,Dupla,Curva,Não,3,0,0,0,2,2,0,4,"-25,12777504","-53,5882494",SPRF-PR,DEL05-PR,UOP05-DEL05-PR
581459,2024-02-16,sexta-feira,10:35:00,PR,163,"255,5",TOLEDO,Reação tardia ou ineficiente do condutor,Colisão traseira,Com Vítimas Feridas,Pleno dia,Crescente,Sol,Dupla,Reta,Não,3,0,0,1,1,1,1,3,"-24,68418265","-53,77699081",SPRF-PR,DEL06-PR,UOP02-DEL06-PR
581464,2024-02-16,sexta-feira,12:30:00,MG,50,"54,2",ARAGUARI,Demais falhas mecânicas ou elétricas,Tombamento,Com Vítimas Feridas,Pleno dia,Crescente,Nublado,Dupla,Declive;Curva,Não,2,0,1,0,0,1,1,2,"-18,76664393","-48,24409132",SPRF-MG,DEL15-MG,UOP02-DEL15-MG
581465,2024-02-16,sexta-feira,11:15:00,RR,401,13,BOA VISTA,Reação tardia ou ineficiente do condutor,Colisão transversal,Com Vítimas Feridas,Pleno dia,Crescente,Céu Claro,Múltipla,Reta,Sim,2,0,1,0,1,0,1,2,"2,827483","-60,591545",SPRF-RR,DEL01-RR,UOP01-DEL01-RR
581467,2024-02-16,sexta-feira,10:30:00,MG,381,532,ITATIAIUCU,Condutor deixou de manter distância do veículo da frente,Colisão lateral mesmo sentido,Sem Vítimas,Pleno dia,Crescente,Nublado,Dupla,Reta;Aclive,Não,3,0,0,0,2,1,0,2,"-20,16425773","-44,36638069",SPRF-MG,DEL04-MG,UOP03-DEL04-MG
581468,2024-02-16,sexta-feira,12:45:00,SC,101,"50,4",JOINVILLE,Demais falhas mecânicas ou elétricas,Colisão com objeto,Com Vítimas Feridas,Pleno dia,Crescente,Nublado,Dupla,Reta,Não,4,0,1,0,3,0,1,4,"-26,380125","-48,851591",SPRF-SC,DEL03-SC,UOP01-DEL03-SC
581470,2024-02-16,sexta-feira,11:15:00,MT,163,827,SINOP,Condutor deixou de manter distância do veículo da frente,Colisão traseira,Com Vítimas Feridas,Pleno dia,Crescente,Céu Claro,Simples,Interseção de Vias;Reta,Sim,2,0,0,1,1,0,1,2,"-11,93","-55,513",SPRF-MT,DEL06-MT,UOP02-DEL06-MT
581472,2024-02-16,sexta-feira,11:30:00,PR,369,52,BANDEIRANTES,Ausência de reação do condutor,Tombamento,Com Vítimas Feridas,Pleno dia,Crescente,Nublado,Simples,Interseção de Vias;Rotatória,Não,2,0,1,0,0,1,1,2,"-23,1107669","-50,3342644",SPRF-PR,DEL07-PR,UOP05-DEL07-PR
581474,2024-02-16,sexta-feira,13:00:00,PR,376,292,MAUA DA SERRA,Demais falhas mecânicas ou elétricas,Eventos atípicos,Com Vítimas Feridas,Pleno dia,Decrescente,Nublado,Dupla,Curva,Sim,2,0,1,0,0,2,1,3,"-23,90368323","-51,21851921",SPRF-PR,DEL07-PR,UOP02-DEL07-PR
581487,2024-02-16,sexta-feira,13:25:00,MS,163,512,JARAGUARI,Condutor deixou de manter distância do veículo da frente,Colisão traseira,Com Vítimas Fatais,Pleno dia,Decrescente,Céu Claro,Dupla,Reta,Não,4,1,0,1,1,2,1,4,"-20,22783328","-54,47717844",SPRF-MS,DEL01-MS,UOP02-DEL01-MS
581495,2024-02-16,sexta-feira,14:45:00,RS,116,488,TURUCU,Demais falhas mecânicas ou elétricas,Colisão com objeto,Sem Vítimas,Pleno dia,Crescente,Garoa/Chuvisco,Simples,Reta,Não,2,0,0,0,2,0,0,2,"-31,4510348","-52,20460653",SPRF-RS,DEL07-RS,UOP01-DEL07-RS
581497,2024-02-16,sexta-feira,15:00:00,MG,262,361,BETIM,Demais falhas mecânicas ou elétricas,Incêndio,Sem Vítimas,Pleno dia,Decrescente,Céu Claro,Dupla,Reta,Não,2,0,0,0,1,2,0,3,"-19,97906129","-44,21765208",SPRF-MG,DEL01-MG,UOP03-DEL01-MG
581500,2024-02-16,sexta-feira,05:30:00,SE,101,24,MALHADA DOS BOIS,Reação tardia ou ineficiente do condutor,Saída de leito carroçável,Sem Vítimas,Pleno dia,Crescente,Céu Claro,Dupla,Curva,Não,2,0,0,0,1,1,0,2,"-10,39607118","-36,91721184",SPRF-SE,DEL02-SE,UOP02-DEL02-SE
581504,2024-02-16,sexta-feira,14:50:00,RS,392,120,CANGUCU,Conversão proibida,Colisão transversal,Com Vítimas Feridas,Pleno dia,Decrescente,Nublado,Simples,Interseção de Vias;Reta,Não,4,0,1,0,2,1,1,3,"-31,39139698","-52,6887662",SPRF-RS,DEL07-RS,UOP01-DEL07-RS
581506,2024-02-16,sexta-feira,15:00:00,GO,364,"315,8",MINEIROS,Reação tardia ou ineficiente do condutor,Colisão lateral sentido oposto,Com Vítimas Feridas,Pleno dia,Decrescente,Céu Claro,Simples,Aclive;Ponte;Curva,Não,9,0,1,0,3,10,1,11,"-17,453203","-52,59116",SPRF-GO,DEL05-GO,UOP01-DEL05-GO
581508,2024-02-16,sexta-feira,08:50:00,BA,116,"919,7",ENCRUZILHADA,Reação tardia ou ineficiente do condutor,Colisão com objeto,Com Vítimas Feridas,Pleno dia,Crescente,Céu Claro,Simples,Curva,Não,2,0,1,0,0,1,1,2,"-15,61592798","-41,29159927",SPRF-BA,DEL08-BA,UOP03-DEL08-BA
581510,2024-02-16,sexta-feira,15:00:00,GO,20,1,FORMOSA,Reação tardia ou ineficiente do condutor,Colisão traseira,Com Vítimas Feridas,Pleno dia,Decrescente,Céu Claro,Simples,Declive;Curva,Sim,2,0,1,0,1,0,1,2,"-15,579424","-47,334297",SPRF-DF,DEL02-DF,UOP02-DEL02-DF
581511,2024-02-16,sexta-feira,15:20:00,SC,470,163,POUSO REDONDO,Acessar a via sem observar a presença dos outros veículos,Colisão traseira,Com Vítimas Feridas,Pleno dia,Crescente,Chuva,Simples,Reta,Não,4,0,2,0,2,0,2,2,"-27,27660362","-49,85046744",SPRF-SC,DEL04-SC,UOP02-DEL04-SC
581515,2024-02-16,sexta-feira,16:00:00,MG,251,"475,8",FRANCISCO SA,Manobra de mudança de faixa,Colisão transversal,Com Vítimas Fatais,Pleno dia,Crescente,Céu Claro,Simples,Reta,Não,4,2,0,0,1,1,0,3,"-16,50714948","-43,54451367",SPRF-MG,DEL12-MG,UOP01-DEL12-MG
581518,2024-02-16,sexta-feira,16:10:00,PR,116,11,COLOMBO,Demais falhas mecânicas ou elétricas,Incêndio,Sem Vítimas,Pleno dia,Decrescente,Nublado,Dupla,Reta,Sim,1,0,0,0,1,0,0,1,"-25,3727","-49,1408",SPRF-PR,DEL01-PR,UOP02-DEL01-PR
581519,2024-02-16,sexta-feira,14:15:00,MG,251,"451,3",GRAO MOGOL,Transitar na contramão,Colisão frontal,Com Vítimas Feridas,Pleno dia,Decrescente,Chuva,Simples,Curva,Não,4,0,1,0,2,1,1,4,"-16,41900232","-43,30798792",SPRF-MG,DEL12-MG,UOP01-DEL12-MG
581521,2024-02-16,sexta-feira,13:50:00,RJ,116,136,MAGE,Animais na Pista,Colisão lateral mesmo sentido,Com Vítimas Feridas,Pleno dia,Crescente,Céu Claro,Dupla,Reta,Sim,3,0,0,1,1,1,1,3,"-22,64988985","-43,17250297",SPRF-RJ,DEL04-RJ,UOP02-DEL04-RJ
581525,2024-02-16,sexta-feira,16:30:00,PR,369,"201,8",APUCARANA,Condutor deixou de manter distância do veículo da frente,Colisão traseira,Com Vítimas Feridas,Pleno dia,Crescente,Nublado,Simples,Aclive;Interseção de Vias;Reta,Sim,2,0,1,0,1,0,1,2,"-23,540872","-51,456733",SPRF-PR,DEL07-PR,UOP03-DEL07-PR
581526,2024-02-16,sexta-feira,13:20:00,RJ,40,100,DUQUE DE CAXIAS,Mal súbito do condutor,Colisão com objeto,Com Vítimas Feridas,Pleno dia,Decrescente,Céu Claro,Simples,Curva,Não,2,0,1,0,0,1,1,2,"-22,59404803","-43,28079889",SPRF-RJ,DEL01-RJ,UOP01-DEL01-RJ
581534,2024-02-16,sexta-feira,14:00:00,RS,101,"67,5",MAQUINE,Carga excessiva e/ou mal acondicionada,Colisão com objeto,Sem Vítimas,Pleno dia,Decrescente,Nublado,Dupla,Túnel;Reta,Não,4,0,0,0,3,1,0,3,"-29,72879377","-50,20168304",SPRF-RS,DEL03-RS,UOP01-DEL03-RS
581535,2024-02-16,sexta-feira,16:30:00,MG,116,9,LEOPOLDINA,Reação tardia ou ineficiente do condutor,Colisão traseira,Com Vítimas Feridas,Pleno dia,Crescente,Céu Claro,Simples,Reta,Não,7,0,3,0,3,1,3,3,"-21,5684336","-42,69637238",SPRF-BA,DEL08-BA,UOP03-DEL08-BA
581536,2024-02-16,sexta-feira,17:40:00,ES,101,142,LINHARES,Reação tardia ou ineficiente do condutor,Engavetamento,Com Vítimas Feridas,Anoitecer,Crescente,Nublado,Dupla,Reta,Sim,4,0,1,0,2,1,1,3,"-19,33458987","-40,06755477",SPRF-ES,DEL04-ES,UOP01-DEL04-ES
581538,2024-02-16,sexta-feira,18:30:00,SP,381,33,ATIBAIA,Condutor deixou de manter distância do veículo da frente,Colisão lateral mesmo sentido,Com Vítimas Feridas,Anoitecer,Decrescente,Céu Claro,Dupla,Reta,Não,2,0,1,0,0,1,1,2,"-23,0728028","-46,56673562",SPRF-SP,DEL03-SP,UOP02-DEL03-SP
581542,2024-02-16,sexta-feira,18:15:00,ES,101,292,CARIACICA,Frear bruscamente,Colisão traseira,Com Vítimas Feridas,Anoitecer,Decrescente,Nublado,Dupla,Reta,Sim,4,0,1,0,2,2,1,4,"-20,30650512","-40,39488717",SPRF-ES,DEL01-ES,UOP01-DEL01-ES
581543,2024-02-16,sexta-feira,18:40:00,MG,40,253,SAO GONCALO DO ABAETE,Transitar na contramão,Colisão frontal,Com Vítimas Fatais,Plena Noite,Crescente,Nublado,Simples,Aclive,Não,3,1,1,0,0,2,1,4,"-18,12760614","-45,41828006",SPRF-MG,DEL14-MG,UOP02-DEL14-MG
581567,2024-02-16,sexta-feira,17:41:00,MT,163,690,LUCAS DO RIO VERDE,Transitar no Acostamento,Colisão lateral mesmo sentido,Com Vítimas Feridas,Anoitecer,Crescente,Céu Claro,Simples,Ponte;Reta,Sim,5,0,0,1,1,3,1,3,"-13,051972","-55,909282",SPRF-MT,DEL06-MT,UOP01-DEL06-MT
581570,2024-02-16,sexta-feira,10:40:00,MG,251,"240,6",SANTA CRUZ DE SALINAS,Ausência de reação do condutor,Colisão lateral mesmo sentido,Com Vítimas Fatais,Pleno dia,Decrescente,Ignorado,Simples,Reta,Não,7,1,2,0,3,3,2,8,"-15,99915558","-41,76824223",SPRF-MG,DEL12-MG,UOP02-DEL12-MG
581575,2024-02-16,sexta-feira,20:50:00,MT,364,207,RONDONOPOLIS,Acessar a via sem observar a presença dos outros veículos,Colisão transversal,Sem Vítimas,Plena Noite,Crescente,Céu Claro,Dupla,Reta,Sim,4,0,0,0,2,4,0,6,"-16,4410184","-54,67563283",SPRF-MT,DEL02-MT,UOP01-DEL02-MT
581576,2024-02-16,sexta-feira,22:35:00,CE,20,395,CAUCAIA,Demais falhas mecânicas ou elétricas,Saída de leito carroçável,Sem Vítimas,Plena Noite,Decrescente,Céu Claro,Simples,Reta,Não,3,0,0,0,3,0,0,1,"-3,82645524","-38,7511478",SPRF-CE,DEL01-CE,UOP01-DEL01-CE
581581,2024-02-16,sexta-feira,22:30:00,MG,364,32,FRUTAL,Reação tardia ou ineficiente do condutor,Colisão com objeto,Com Vítimas Feridas,Plena Noite,Crescente,Chuva,Simples,Rotatória,Não,1,0,1,0,0,0,1,1,"-20,00655282","-48,93488275",SPRF-MG,DEL13-MG,UOP02-DEL13-MG
581599,2024-02-16,sexta-feira,18:45:00,BA,135,155,RIACHAO DAS NEVES,Ausência de reação do condutor,Saída de leito carroçável,Com Vítimas Fatais,Plena Noite,Decrescente,Céu Claro,Simples,Reta,Não,3,1,0,0,0,2,0,2,"-11,97308396","-44,92264505",SPRF-BA,DEL08-BA,N/A
581602,2024-02-17,sábado,01:30:00,BA,407,22,JUAZEIRO,Entrada inopinada do pedestre,Atropelamento de Pedestre,Com Vítimas Fatais,Plena Noite,Decrescente,Ignorado,Simples,Reta,Não,2,1,0,0,0,1,0,2,"-9,58891","-40,4207605",SPRF-BA,DEL04-BA,UOP01-DEL04-BA
581612,2024-02-17,sábado,05:50:00,SC,101,"219,7",PALHOCA,Reação tardia ou ineficiente do condutor,Colisão lateral mesmo sentido,Com Vítimas Feridas,Amanhecer,Decrescente,Nublado,Múltipla,Reta,Não,3,0,0,1,1,2,1,4,"-27,68392194","-48,66710085",SPRF-SC,DEL01-SC,UOP02-DEL01-SC
581613,2024-02-17,sábado,03:50:00,MG,50,"206,5",DELTA,Acessar a via sem observar a presença dos outros veículos,Atropelamento de Pedestre,Com Vítimas Fatais,Plena Noite,Crescente,Nublado,Dupla,Reta,Não,2,1,0,0,0,1,0,2,"-19,97999605","-47,78905558",SPRF-MG,DEL13-MG,UOP01-DEL13-MG
581615,2024-02-16,sexta-feira,23:30:00,RJ,40,67,PETROPOLIS,Demais falhas mecânicas ou elétricas,Incêndio,Sem Vítimas,Plena Noite,Decrescente,Nublado,Simples,Curva,Não,1,0,0,0,1,0,0,1,"-22,43674775","-43,1756712",SPRF-RJ,DEL05-RJ,UOP02-DEL05-RJ
581616,2024-02-17,sábado,06:15:00,MG,251,"464,7",GRAO MOGOL,Ausência de reação do condutor,Colisão frontal,Com Vítimas Feridas,Amanhecer,Decrescente,Chuva,Simples,Curva,Não,4,0,0,2,1,2,2,4,"-16,44852635","-43,40147861",SPRF-MG,DEL12-MG,UOP01-DEL12-MG
581619,2024-02-17,sábado,05:50:00,GO,153,127,ESTRELA DO NORTE,Acesso irregular,Colisão frontal,Com Vítimas Feridas,Amanhecer,Decrescente,Ignorado,Simples,Reta,Não,7,0,1,1,4,1,2,4,"-13,884283","-49,055367",SPRF-GO,DEL07-GO,UOP01-DEL07-GO
581624,2024-02-17,sábado,05:30:00,SC,280,146,MAFRA,Velocidade Incompatível,Colisão frontal,Com Vítimas Feridas,Plena Noite,Crescente,Chuva,Simples,Curva;Declive,Não,2,0,0,1,1,0,1,2,"-26,25487301","-49,66127724",SPRF-SC,DEL06-SC,UOP03-DEL06-SC
581645,2024-02-15,quinta-feira,09:30:00,SC,282,617,IRACEMINHA,Chuva,Colisão lateral sentido oposto,Com Vítimas Feridas,Pleno dia,Decrescente,Chuva,Simples,Curva,Não,3,0,1,0,1,4,1,6,"-26,782682","-53,285789",SPRF-SC,DEL07-SC,UOP02-DEL07-SC
581646,2024-02-17,sábado,08:00:00,PE,424,52,VENTUROSA,Transitar na contramão,Colisão frontal,Com Vítimas Fatais,Pleno dia,Decrescente,Céu Claro,Simples,Declive,Não,2,1,1,0,0,0,1,2,"-8,72160964","-36,76908468",SPRF-PE,DEL03-PE,UOP01-DEL03-PE
581653,2024-02-17,sábado,09:50:00,PB,230,"354,6",PATOS,Acesso irregular,Colisão traseira,Com Vítimas Fatais,Pleno dia,Crescente,Sol,Simples,Declive;Reta,Não,3,1,0,1,1,0,1,2,"-6,9338","-37,4135",SPRF-PB,DEL03-PB,UOP02-DEL03-PB
581654,2024-02-17,sábado,10:30:00,SC,101,120,ITAJAI,Condutor deixou de manter distância do veículo da frente,Colisão traseira,Com Vítimas Feridas,Pleno dia,Decrescente,Céu Claro,Dupla,Reta,Não,2,0,1,0,1,0,1,2,"-26,912758","-48,711998",SPRF-SC,DEL04-SC,UOP04-DEL04-SC
581660,2024-02-17,sábado,10:50:00,PR,476,194,LAPA,Manobra de mudança de faixa,Colisão lateral mesmo sentido,Com Vítimas Feridas,Pleno dia,Crescente,Nublado,Simples,Reta,Não,5,0,2,0,2,1,2,3,"-25,74048","-49,710938",SPRF-PR,DEL01-PR,UOP06-DEL01-PR
581666,2024-02-17,sábado,12:20:00,MG,40,465,SETE LAGOAS,Ausência de reação do condutor,Colisão traseira,Com Vítimas Feridas,Pleno dia,Crescente,Nublado,Dupla,Aclive;Curva,Não,3,0,0,2,0,1,2,2,"-19,43835777","-44,33103681",SPRF-MG,DEL02-MG,UOP01-DEL02-MG
581668,2024-02-17,sábado,11:15:00,MS,376,"126,4",IVINHEMA,Reação tardia ou ineficiente do condutor,Colisão traseira,Com Vítimas Fatais,Pleno dia,Crescente,Sol,Simples,Declive;Ponte,Não,5,2,1,0,2,0,1,2,"-22,36021748","-53,70728925",SPRF-MS,DEL04-MS,UOP04-DEL04-MS
581676,2024-02-17,sábado,14:00:00,SP,153,"113,8",JOSE BONIFACIO,Ingestão de álcool pelo condutor,Colisão traseira,Com Vítimas Feridas,Pleno dia,Crescente,Céu Claro,Simples,Reta;Em Obras,Não,4,0,1,0,2,1,1,3,"-21,11299309","-49,68678482",SPRF-SP,DEL09-SP,UOP01-DEL09-SP
581678,2024-02-17,sábado,10:15:00,CE,304,"84,9",ARACATI,Ingestão de álcool pelo condutor,Colisão traseira,Sem Vítimas,Pleno dia,Decrescente,Céu Claro,Simples,Reta,Não,2,0,0,0,2,0,0,2,"-4,75262703","-37,52993004",SPRF-CE,DEL03-CE,UOP03-DEL03-CE
581681,2024-02-17,sábado,09:20:00,PR,476,173,CONTENDA,Mal súbito do condutor,Tombamento,Com Vítimas Feridas,Pleno dia,Decrescente,Nublado,Simples,Curva,Sim,2,0,0,1,0,1,1,2,"-25,6889911","-49,5391898",SPRF-PR,DEL01-PR,UOP06-DEL01-PR