id,data_inversa,dia_semana,horario,uf,br,km,municipio,causa_acidente,tipo_acidente,classificacao_acidente,fase_dia,sentido_via,condicao_metereologica,tipo_pista,tracado_via,uso_solo,pessoas,mortos,feridos_leves,feridos_graves,ilesos,ignorados,feridos,veiculos,latitude,longitude,regional,delegacia,uop
581682,2024-02-17,sábado,13:37:00,RN,405,24,MOSSORO,Demais falhas mecânicas ou elétricas,Incêndio,Sem Vítimas,Pleno dia,Decrescente,Céu Claro,Simples,Reta,Não,1,0,0,0,1,0,0,1,"-5,269673","-37,53744",SPRF-RN,DEL04-RN,UOP02-DEL04-RN
581685,2024-02-17,sábado,14:00:00,PI,316,314,PICOS,Transitar na contramão,Colisão frontal,Com Vítimas Fatais,Pleno dia,Crescente,Céu Claro,Dupla,Reta;Interseção de Vias,Sim,2,1,0,0,1,0,0,2,"-7,079291","-41,433616",SPRF-PI,DEL04-PI,UOP01-DEL04-PI
581686,2024-02-17,sábado,14:45:00,MG,381,286,JAGUARACU,Ausência de reação do condutor,Colisão traseira,Com Vítimas Feridas,Pleno dia,Crescente,Céu Claro,Simples,Reta,Não,3,0,1,0,2,0,1,2,"-19,60538666","-42,75909685",SPRF-MG,DEL03-MG,UOP02-DEL03-MG
581687,2024-02-17,sábado,13:58:00,TO,153,134,ARAGUAINA,Carga excessiva e/ou mal acondicionada,Tombamento,Com Vítimas Feridas,Pleno dia,Decrescente,Céu Claro,Simples,Rotatória,Não,4,0,1,1,1,1,2,4,"-7,12178379","-48,19293926",SPRF-TO,DEL02-TO,UOP01-DEL02-TO
581696,2024-02-17,sábado,16:30:00,PR,376,4,APUCARANA,Ausência de reação do condutor,Colisão traseira,Com Vítimas Feridas,Pleno dia,Decrescente,Céu Claro,Simples,Reta,Sim,6,0,1,0,5,0,1,3,"-23,5513","-51,461266",SPRF-PR,DEL07-PR,UOP03-DEL07-PR
581697,2024-02-17,sábado,16:20:00,SC,101,"5,8",GARUVA,Estacionar ou parar em local proibido,Colisão traseira,Com Vítimas Feridas,Pleno dia,Decrescente,Nublado,Dupla,Interseção de Vias;Reta,Sim,6,0,2,0,3,1,2,4,"-26,01779797","-48,86233322",SPRF-SC,DEL03-SC,UOP01-DEL03-SC
581701,2024-02-17,sábado,14:00:00,GO,153,698,ITUMBIARA,Velocidade Incompatível,Colisão traseira,Com Vítimas Feridas,Pleno dia,Crescente,Céu Claro,Dupla,Reta,Sim,5,0,2,1,1,1,3,3,"-18,3777","-49,2106",SPRF-GO,DEL03-GO,UOP02-DEL03-GO
581705,2024-02-17,sábado,17:00:00,RS,448,15,CANOAS,Reação tardia ou ineficiente do condutor,Colisão traseira,Com Vítimas Feridas,Pleno dia,Decrescente,Garoa/Chuvisco,Múltipla,Curva,Não,7,0,5,0,1,1,5,3,"-29,92004835","-51,23212874",SPRF-RS,DEL01-RS,UOP01-DEL01-RS
581711,2024-02-17,sábado,15:40:00,RS,116,635,JAGUARAO,Condutor Dormindo,Tombamento,Com Vítimas Feridas,Pleno dia,Decrescente,Garoa/Chuvisco,Simples,Reta,Não,2,0,0,1,0,1,1,2,"-32,416934","-53,235894",SPRF-RS,DEL07-RS,UOP03-DEL07-RS
581719,2024-02-17,sábado,17:45:00,CE,116,363,ICO,Pista esburacada,Colisão com objeto,Sem Vítimas,Pleno dia,Decrescente,Céu Claro,Simples,Reta,Não,2,0,0,0,1,1,0,2,"-6,33591622","-38,74744221",SPRF-CE,DEL05-CE,UOP01-DEL05-CE
581721,2024-02-17,sábado,17:50:00,SC,101,"307,3",LAGUNA,Reação tardia ou ineficiente do condutor,Colisão traseira,Com Vítimas Feridas,Anoitecer,Decrescente,Garoa/Chuvisco,Múltipla,Reta,Não,7,0,1,0,5,1,1,4,"-28,41186742","-48,79322827",SPRF-SC,DEL02-SC,UOP03-DEL02-SC
581725,2024-02-17,sábado,18:20:00,SP,116,223,GUARULHOS,Ausência de reação do condutor,Colisão traseira,Sem Vítimas,Plena Noite,Crescente,Nublado,Múltipla,Reta,Sim,2,0,0,0,0,2,0,2,"-23,47559815","-46,5246609",SPRF-SP,DEL01-SP,UOP01-DEL01-SP
581738,2024-02-17,sábado,13:10:00,MT,163,"604,1",NOVA MUTUM,Ultrapassagem Indevida,Colisão lateral mesmo sentido,Com Vítimas Fatais,Pleno dia,Decrescente,Céu Claro,Simples,Reta,Sim,5,1,1,0,2,1,1,3,"-13,87236604","-56,08739473",SPRF-MT,DEL01-MT,UOP01-DEL01-MT
581739,2024-02-17,sábado,20:40:00,PR,277,"599,2",CASCAVEL,Ausência de reação do condutor,Colisão traseira,Com Vítimas Feridas,Plena Noite,Decrescente,Céu Claro,Dupla,Reta,Não,2,0,1,0,1,0,1,2,"-25,00130545","-53,52092743",SPRF-PR,DEL04-PR,UOP01-DEL04-PR
581745,2024-02-17,sábado,14:50:00,SC,153,"111,2",CONCORDIA,Transitar na contramão,Colisão lateral mesmo sentido,Com Vítimas Fatais,Pleno dia,Crescente,Céu Claro,Simples,Reta,Não,4,1,1,0,1,1,1,3,"-27,3271078","-51,9797747",SPRF-SC,DEL07-SC,UOP04-DEL07-SC
581752,2024-02-17,sábado,19:00:00,TO,153,561,FATIMA,Transitar na contramão,Colisão frontal,Com Vítimas Feridas,Plena Noite,Decrescente,Nublado,Dupla,Reta,Sim,3,0,0,1,1,3,1,5,"-10,75197807","-48,90257114",SPRF-TO,DEL01-TO,UOP01-DEL01-TO
581754,2024-02-17,sábado,22:00:00,MG,50,"77,3",UBERLANDIA,Ausência de reação do condutor,Colisão traseira,Com Vítimas Feridas,Plena Noite,Decrescente,Nublado,Dupla,Reta,Sim,2,0,1,0,1,0,1,2,"-18,93704836","-48,21962714",SPRF-MG,DEL15-MG,UOP01-DEL15-MG
581757,2024-02-17,sábado,20:30:00,RO,319,57,PORTO VELHO,Manobra de mudança de faixa,Atropelamento de Pedestre,Com Vítimas Fatais,Plena Noite,Decrescente,Céu Claro,Simples,Reta;Aclive,Não,3,1,0,0,1,1,0,3,"-8,739714","-63,93214024",SPRF-RO,DEL01-RO,UOP01-DEL01-RO
581758,2024-02-17,sábado,22:20:00,MG,365,"756,8",ITUIUTABA,Reação tardia ou ineficiente do condutor,Saída de leito carroçável,Com Vítimas Feridas,Plena Noite,Decrescente,Céu Claro,Dupla,Retorno Regulamentado,Não,7,0,3,1,1,2,4,3,"-18,9656911","-49,50626671",SPRF-MG,DEL15-MG,UOP03-DEL15-MG
581759,2024-02-17,sábado,19:30:00,PI,316,"117,4",PASSAGEM FRANCA DO PIAUI,Transitar na contramão,Colisão frontal,Com Vítimas Fatais,Plena Noite,Decrescente,Chuva,Simples,Reta;Interseção de Vias,Não,4,2,0,0,2,0,0,2,"-5,93319732","-42,38002737",SPRF-PI,DEL04-PI,UOP02-DEL04-PI
581764,2024-02-17,sábado,23:00:00,BA,116,662,JEQUIE,Condutor Dormindo,Saída de leito carroçável,Com Vítimas Feridas,Plena Noite,Decrescente,Chuva,Simples,Curva,Não,1,0,1,0,0,0,1,1,"-13,71612498","-40,09445222",SPRF-BA,DEL03-BA,UOP01-DEL03-BA
581765,2024-02-17,sábado,20:00:00,RJ,393,244,VASSOURAS,Mal súbito do condutor,Colisão frontal,Com Vítimas Fatais,Plena Noite,Crescente,Céu Claro,Simples,Curva,Sim,2,1,0,0,1,0,0,2,"-22,42799046","-43,70899806",SPRF-RJ,DEL05-RJ,UOP04-DEL05-RJ
581770,2024-02-18,domingo,00:05:00,CE,116,"541,3",PENAFORTE,Transitar na contramão,Colisão frontal,Com Vítimas Fatais,Plena Noite,Crescente,Céu Claro,Simples,Reta,Não,4,1,0,0,2,1,0,3,"-7,77028401","-39,06799897",SPRF-CE,DEL05-CE,UOP03-DEL05-CE
581772,2024-02-17,sábado,20:40:00,GO,153,627,MORRINHOS,Ingestão de álcool pelo condutor,Colisão traseira,Com Vítimas Fatais,Plena Noite,Decrescente,Nublado,Dupla,Reta,Não,5,1,1,0,2,1,1,5,"-17,7792","-49,1788",SPRF-GO,DEL03-GO,UOP01-DEL03-GO
581773,2024-02-17,sábado,23:45:00,PR,376,655,TIJUCAS DO SUL,Velocidade Incompatível,Tombamento,Com Vítimas Feridas,Plena Noite,Decrescente,Nublado,Simples,Declive;Curva,Não,3,0,2,0,0,1,2,2,"-25,840147","-49,029841",SPRF-PR,DEL01-PR,UOP04-DEL01-PR
581777,2024-02-18,domingo,00:18:00,MG,40,"504,7",RIBEIRAO DAS NEVES,Ingestão de álcool pelo condutor,Colisão traseira,Com Vítimas Feridas,Plena Noite,Crescente,Nublado,Dupla,Reta;Aclive,Não,3,0,0,1,2,0,1,2,"-19,72987888","-44,15253368",SPRF-MG,DEL02-MG,UOP01-DEL02-MG
581779,2024-02-17,sábado,19:00:00,BA,407,50,JUAZEIRO,Transitar na contramão,Colisão frontal,Com Vítimas Fatais,Plena Noite,Decrescente,Chuva,Simples,Reta,Não,2,1,0,0,1,0,0,2,"-9,81415798","-40,31571096",SPRF-BA,DEL04-BA,UOP01-DEL04-BA
581784,2024-02-18,domingo,02:00:00,MG,381,"906,9",CAMBUI,Velocidade Incompatível,Tombamento,Com Vítimas Fatais,Plena Noite,Decrescente,Nevoeiro/Neblina,Dupla,Reta,Não,4,1,2,0,0,1,2,2,"-22,70254777","-46,11752735",SPRF-MG,DEL16-MG,UOP03-DEL16-MG
581787,2024-02-18,domingo,01:50:00,SP,116,172,JACAREI,Ausência de reação do condutor,Saída de leito carroçável,Com Vítimas Feridas,Plena Noite,Crescente,Céu Claro,Dupla,Reta,Não,2,0,1,0,0,1,1,2,"-23,31527532","-46,07231796",SPRF-SP,DEL02-SP,UOP01-DEL02-SP
581788,2024-02-17,sábado,23:00:00,MG,365,541,ROMARIA,Ausência de reação do condutor,Saída de leito carroçável,Com Vítimas Feridas,Anoitecer,Crescente,Nevoeiro/Neblina,Simples,Rotatória;Reta,Não,2,0,1,0,0,1,1,2,"-18,93214935","-47,60038505",SPRF-MG,DEL10-MG,UOP01-DEL10-MG
581789,2024-02-18,domingo,00:50:00,PI,316,351,CAMPO GRANDE DO PIAUI,Transitar na contramão,Colisão frontal,Com Vítimas Fatais,Plena Noite,Decrescente,Céu Claro,Simples,Reta,Não,2,1,0,0,0,1,0,2,"-7,12447184","-41,11031598",SPRF-PI,DEL04-PI,UOP03-DEL04-PI
581791,2024-02-17,sábado,01:40:00,BA,418,79,NOVA VICOSA,Ingestão de álcool pelo condutor,Colisão frontal,Com Vítimas Feridas,Plena Noite,Decrescente,Nublado,Simples,Reta,Não,2,0,0,1,1,0,1,2,"-17,865864","-39,751092",SPRF-BA,DEL09-BA,UOP02-DEL09-BA
581798,2024-02-18,domingo,04:40:00,PE,232,"68,6",GRAVATA,Reação tardia ou ineficiente do condutor,Saída de leito carroçável,Com Vítimas Feridas,Plena Noite,Decrescente,Céu Claro,Dupla,Curva,Não,2,0,1,0,0,1,1,2,"-8,16728938","-35,47308397",SPRF-PE,DEL02-PE,UOP02-DEL02PE
581802,2024-02-18,domingo,05:44:00,PR,376,673,GUARATUBA,Ausência de reação do condutor,Colisão traseira,Com Vítimas Feridas,Amanhecer,Crescente,Nublado,Simples,Reta,Não,4,0,1,0,2,2,1,4,"-25,90092097","-48,92572096",SPRF-PR,DEL01-PR,UOP04-DEL01-PR
581807,2024-02-18,domingo,02:30:00,CE,20,"146,8",TAUA,Condutor Dormindo,Tombamento,Sem Vítimas,Plena Noite,Decrescente,Nublado,Simples,Reta,Não,2,0,0,0,1,1,0,2,"-5,51003399","-40,05581301",SPRF-CE,DEL02-CE,UOP02-DEL02-CE
581816,2024-02-18,domingo,04:30:00,MG,381,589,CARMOPOLIS DE MINAS,Demais falhas mecânicas ou elétricas,Incêndio,Sem Vítimas,Plena Noite,Decrescente,Nublado,Múltipla,Reta,Sim,2,0,0,0,1,1,0,2,"-20,56175976","-44,66523212",SPRF-MG,DEL04-MG,UOP01-DEL04-MG
581821,2024-02-18,domingo,07:05:00,SC,101,"186,1",BIGUACU,Velocidade Incompatível,Colisão com objeto,Com Vítimas Feridas,Pleno dia,Crescente,Garoa/Chuvisco,Dupla,Curva,Não,3,0,1,0,1,2,1,4,"-27,4341098","-48,62567129",SPRF-SC,DEL01-SC,UOP01-DEL01-SC
581831,2024-01-23,terça-feira,10:30:00,PI,316,15,TERESINA,Reação tardia ou ineficiente do condutor,Saída de leito carroçável,Com Vítimas Feridas,Pleno dia,Decrescente,Céu Claro,Dupla,Curva,Não,2,0,0,1,1,0,1,2,"-5,22618889","-42,75017066",SPRF-PI,DEL01-PI,UOP02-DEL01-PI
581832,2024-02-18,domingo,05:30:00,SC,158,119,CAIBI,Demais falhas na via,Colisão lateral sentido oposto,Com Vítimas Feridas,Amanhecer,Crescente,Céu Claro,Simples,Reta,Não,3,0,1,0,1,3,1,5,"-27,07838586","-53,22910309",SPRF-SC,DEL07-SC,UOP02-DEL07-SC
581835,2024-02-18,domingo,05:30:00,TO,230,40,NAZARE,Animais na Pista,Atropelamento de Animal,Sem Vítimas,Plena Noite,Crescente,Céu Claro,Simples,Reta;Declive,Não,2,0,0,0,1,1,0,2,"-6,39259112","-47,69827323",SPRF-TO,DEL02-TO,UOP03-DEL02-TO
581839,2024-02-18,domingo,05:00:00,MG,251,"503,3",FRANCISCO SA,Pista Escorregadia,Tombamento,Com Vítimas Feridas,Amanhecer,Decrescente,Chuva,Simples,Declive;Reta,Não,1,0,1,0,0,0,1,1,"-16,61472808","-43,6647179",SPRF-MG,DEL12-MG,UOP01-DEL12-MG
581844,2024-02-15,quinta-feira,08:20:00,RJ,40,123,DUQUE DE CAXIAS,Manobra de mudança de faixa,Colisão lateral mesmo sentido,Com Vítimas Feridas,Amanhecer,Crescente,Nublado,Dupla,Reta,Sim,4,0,2,0,2,0,2,3,"-22,79907687","-43,29015739",SPRF-RJ,DEL01-RJ,UOP02-DEL01-RJ
581847,2024-02-18,domingo,08:35:00,PR,376,"325,5",ORTIGUEIRA,Ausência de reação do condutor,Colisão frontal,Com Vítimas Feridas,Pleno dia,Decrescente,Sol,Dupla,Aclive;Reta,Não,3,0,1,0,1,1,1,3,"-24,08870932","-51,05177324",SPRF-PR,DEL07-PR,UOP02-DEL07-PR
581848,2024-02-09,sexta-feira,14:15:00,GO,70,370,MONTES CLAROS DE GOIAS,Acessar a via sem observar a presença dos outros veículos,Colisão transversal,Com Vítimas Feridas,Pleno dia,Crescente,Céu Claro,Simples,Interseção de Vias,Sim,4,0,2,0,1,3,2,5,"-15,94190095","-51,35837302",SPRF-GO,DEL04-GO,UOP02-DEL04-GO
581849,2024-02-18,domingo,07:10:00,MG,381,"904,5",CAMBUI,Reação tardia ou ineficiente do condutor,Colisão lateral mesmo sentido,Com Vítimas Fatais,Pleno dia,Decrescente,Céu Claro,Dupla,Reta;Declive,Não,7,1,0,0,1,5,0,4,"-22,65413365","-46,0890103",SPRF-MG,DEL16-MG,UOP03-DEL16-MG
581852,2024-02-18,domingo,10:23:00,MG,251,515,MONTES CLAROS,Velocidade Incompatível,Saída de leito carroçável,Com Vítimas Feridas,Pleno dia,Crescente,Chuva,Simples,Reta,Não,3,0,2,1,0,0,3,1,"-16,65954384","-43,74380102",SPRF-MG,DEL12-MG,UOP01-DEL12-MG
581855,2024-02-18,domingo,08:00:00,PR,369,24,CAMBARA,Velocidade Incompatível,Colisão lateral mesmo sentido,Com Vítimas Feridas,Pleno dia,Decrescente,Céu Claro,Simples,Reta;Declive,Não,3,0,1,1,1,0,2,2,"-23,03549471","-50,13299704",SPRF-PR,DEL07-PR,UOP05-DEL07-PR
581864,2024-02-18,domingo,04:45:00,MT,163,1045,MATUPA,Transitar na contramão,Colisão frontal,Com Vítimas Fatais,Amanhecer,Decrescente,Céu Claro,Simples,Reta,Não,4,2,0,0,1,2,0,4,"-10,11550649","-54,93267059",SPRF-MT,DEL06-MT,UOP03-DEL06-MT
581869,2024-02-18,domingo,12:24:00,PI,316,10,TERESINA,Manobra de mudança de faixa,Colisão lateral mesmo sentido,Sem Vítimas,Pleno dia,Decrescente,Sol,Múltipla,Reta,Sim,3,0,0,0,2,1,0,3,"-5,18280197","-42,76350291",SPRF-PI,DEL01-PI,UOP02-DEL01-PI
581874,2024-02-18,domingo,13:00:00,PR,116,206,RIO NEGRO,Condutor Dormindo,Tombamento,Com Vítimas Feridas,Pleno dia,Decrescente,Chuva,Simples,Declive;Reta,Sim,2,0,1,0,0,1,1,2,"-26,06325968","-49,73150253",SPRF-SC,DEL06-SC,UOP01-DEL06-SC
581880,2024-02-18,domingo,11:25:00,MG,251,"370,7",GRAO MOGOL,Velocidade Incompatível,Engavetamento,Com Vítimas Feridas,Pleno dia,Decrescente,Chuva,Simples,Reta,Não,5,0,0,2,2,1,2,5,"-16,28432002","-42,68795299",SPRF-MG,DEL12-MG,UOP01-DEL12-MG
581883,2024-02-18,domingo,12:00:00,MG,116,"614,5",ORIZANIA,Manobra de mudança de faixa,Colisão traseira,Com Vítimas Feridas,Pleno dia,Crescente,Sol,Simples,Declive;Reta,Não,3,0,0,2,1,0,2,2,"-20,46076099","-42,17499018",SPRF-MG,DEL07-MG,UOP02-DEL07-MG
581885,2024-02-18,domingo,14:15:00,SP,0,0,BADY BASSITT,Ausência de reação do condutor,Incêndio,Sem Vítimas,Pleno dia,Não Informado,Nublado,Dupla,Reta,Não,2,0,0,0,1,1,0,2,"-20,91678258","-49,49721334",SPRF-SP,DEL09-SP,UOP01-DEL09-SP
581886,2024-02-18,domingo,16:00:00,SP,116,312,SAO LOURENCO DA SERRA,Trafegar com motocicleta (ou similar) entre as faixas,Colisão lateral mesmo sentido,Com Vítimas Feridas,Pleno dia,Decrescente,Nublado,Dupla,Declive;Reta,Sim,4,0,0,1,1,2,1,4,"-23,88342825","-46,97368879",SPRF-SP,DEL04-SP,UOP01-DEL04-SP
581888,2024-02-18,domingo,14:49:00,PA,155,261,ELDORADO DO CARAJAS,Reação tardia ou ineficiente do condutor,Colisão traseira,Sem Vítimas,Pleno dia,Crescente,Sol,Simples,Reta;Em Obras,Não,4,0,0,0,3,5,0,8,"-6,041951","-49,286166",SPRF-PA,DEL03-PA,UOP01-DEL03-PA
581893,2024-02-18,domingo,10:40:00,ES,101,"335,6",GUARAPARI,Reação tardia ou ineficiente do condutor,Saída de leito carroçável,Sem Vítimas,Pleno dia,Decrescente,Nublado,Dupla,Curva,Não,1,0,0,0,1,0,0,1,"-20,62718356","-40,52742029",SPRF-ES,DEL03-ES,UOP01-DEL03-ES
581895,2024-02-18,domingo,13:45:00,MG,251,"513,6",MONTES CLAROS,Velocidade Incompatível,Colisão com objeto,Sem Vítimas,Pleno dia,Decrescente,Chuva,Simples,Reta;Ponte,Não,1,0,0,0,1,0,0,1,"-16,6575132","-43,72704597",SPRF-MG,DEL12-MG,UOP01-DEL12-MG
581911,2024-02-18,domingo,00:00:00,PA,316,"184,6",SANTA LUZIA DO PARA,Demais falhas mecânicas ou elétricas,Incêndio,Sem Vítimas,Plena Noite,Crescente,Nublado,Simples,Reta,Não,1,0,0,0,0,1,0,1,"-1,43195493","-46,98150193",SPRF-PA,DEL01-PA,UOP03-DEL01-PA
581916,2024-02-18,domingo,17:27:00,MT,364,399,CUIABA,Reação tardia ou ineficiente do condutor,Tombamento,Com Vítimas Feridas,Anoitecer,Decrescente,Nublado,Dupla,Reta,Não,2,0,1,0,0,1,1,2,"-15,67919104","-55,92995102",SPRF-MT,DEL01-MT,UOP02-DEL01-MT
581937,2024-02-18,domingo,21:20:00,GO,50,"210,3",CAMPO ALEGRE DE GOIAS,Ingestão de álcool pelo condutor,Colisão lateral mesmo sentido,Sem Vítimas,Plena Noite,Decrescente,Chuva,Dupla,Declive;Reta,Não,3,0,0,0,1,2,0,3,"-17,647","-47,757",SPRF-GO,DEL06-GO,UOP01-DEL06-GO
581940,2024-02-18,domingo,17:10:00,MG,116,"78,2",MEDINA,Transitar na contramão,Colisão frontal,Com Vítimas Feridas,Anoitecer,Decrescente,Nublado,Simples,Curva,Sim,4,0,1,1,1,1,2,2,"-16,26733792","-41,47802805",SPRF-MG,DEL11-MG,UOP02-DEL11-MG
581948,2024-02-18,domingo,18:45:00,PB,230,426,POMBAL,Acumulo de água sobre o pavimento,Saída de leito carroçável,Com Vítimas Feridas,Plena Noite,Crescente,Chuva,Simples,Reta,Não,1,0,1,0,0,0,1,1,"-6,7336","-37,9059",SPRF-PB,DEL03-PB,UOP02-DEL03-PB
581952,2024-02-18,domingo,19:40:00,CE,402,"288,8",TURURU,Ausência de reação do condutor,Colisão com objeto,Com Vítimas Fatais,Plena Noite,Crescente,Chuva,Simples,Reta,Não,2,1,0,0,1,0,0,2,"-3,61339014","-39,43322244",SPRF-CE,DEL01-CE,UOP03-DEL01-CE
581954,2024-02-18,domingo,21:30:00,BA,101,422,IBIRAPITANGA,Velocidade Incompatível,Tombamento,Com Vítimas Feridas,Plena Noite,Crescente,Chuva,Simples,Curva,Não,2,0,1,0,0,1,1,2,"-14,13499425","-39,35809135",SPRF-BA,DEL05-BA,UOP03-DEL05-BA
581956,2024-02-18,domingo,18:30:00,BA,110,133,CICERO DANTAS,Manobra de mudança de faixa,Colisão frontal,Com Vítimas Fatais,Plena Noite,Crescente,Céu Claro,Simples,Reta,Não,7,2,2,2,1,0,4,2,"-10,56531407","-38,37390963",SPRF-BA,DEL07-BA,UOP02-DEL07-BA
581961,2024-02-18,domingo,23:35:00,RJ,354,"13,6",RESENDE,Problema com o freio,Saída de leito carroçável,Com Vítimas Feridas,Plena Noite,Crescente,Nublado,Simples,Declive;Curva,Não,1,0,0,1,0,0,1,1,"-22,436623","-44,735523",SPRF-RJ,DEL07-RJ,UOP02-DEL07-RJ
581968,2024-02-19,segunda-feira,05:00:00,TO,153,240,COLINAS DO TOCANTINS,Ausência de reação do condutor,Colisão frontal,Com Vítimas Fatais,Amanhecer,Crescente,Céu Claro,Simples,Reta,Não,3,1,2,0,0,0,2,2,"-7,994203","-48,46468483",SPRF-TO,DEL02-TO,UOP01-DEL02-TO
581971,2024-02-19,segunda-feira,05:50:00,GO,60,370,RIO VERDE,Ausência de reação do condutor,Colisão traseira,Com Vítimas Feridas,Amanhecer,Decrescente,Nublado,Dupla,Reta,Não,3,0,0,1,2,0,1,2,"-17,689506","-50,837766",SPRF-GO,DEL04-GO,UOP02-DEL04-GO
581972,2024-02-19,segunda-feira,04:30:00,RO,364,275,CACOAL,Ultrapassagem Indevida,Colisão lateral sentido oposto,Com Vítimas Feridas,Amanhecer,Crescente,Chuva,Simples,Curva,Não,4,0,1,1,1,2,2,4,"-11,388707","-61,76279",SPRF-RO,DEL02-RO,UOP02-DEL02-RO
581980,2024-02-19,segunda-feira,02:32:00,PE,423,102,GARANHUNS,Ingestão de álcool pelo condutor,Tombamento,Sem Vítimas,Plena Noite,Decrescente,Nublado,Simples,Curva,Não,2,0,0,0,1,3,0,4,"-8,97291492","-36,5210582",SPRF-PE,DEL03-PE,UOP01-DEL03-PE
581984,2024-02-19,segunda-feira,07:40:00,ES,101,289,CARIACICA,Acessar a via sem observar a presença dos outros veículos,Colisão transversal,Com Vítimas Feridas,Pleno dia,Decrescente,Céu Claro,Dupla,Retorno Regulamentado;Reta,Sim,2,0,1,0,0,1,1,2,"-20,28029304","-40,39302931",SPRF-ES,DEL01-ES,UOP01-DEL01-ES
581987,2024-02-19,segunda-feira,07:34:00,PE,101,25,IGARASSU,Reação tardia ou ineficiente do condutor,Engavetamento,Com Vítimas Feridas,Pleno dia,Crescente,Céu Claro,Dupla,Reta,Não,5,0,2,0,3,0,2,3,"-7,7009082","-34,9229207",SPRF-PE,DEL01-PE,UOP02-DEL01-PE
581992,2024-02-19,segunda-feira,06:00:00,MA,135,71,SANTA RITA,Condutor Dormindo,Colisão lateral sentido oposto,Com Vítimas Feridas,Pleno dia,Decrescente,Nublado,Simples,Reta;Ponte,Sim,2,0,1,0,1,0,1,2,"-3,14970425","-44,32934734",SPRF-MA,DEL01-MA,UOP02-DEL01-MA
581999,2024-01-21,domingo,19:30:00,PI,407,430,GEMINIANO,Iluminação deficiente,Colisão lateral mesmo sentido,Com Vítimas Feridas,Plena Noite,Crescente,Céu Claro,Simples,Reta,Não,2,0,0,1,0,1,1,2,"-7,12831877","-41,39344785",SPRF-PI,DEL04-PI,UOP01-DEL04-PI
582000,2024-02-19,segunda-feira,08:30:00,PR,116,113,CURITIBA,Acessar a via sem observar a presença dos outros veículos,Colisão traseira,Com Vítimas Feridas,Pleno dia,Decrescente,Nublado,Dupla,Reta,Sim,3,0,0,1,1,1,1,3,"-25,56513636","-49,24675108",SPRF-PR,DEL01-PR,UOP07-DEL01-PR
582002,2024-02-19,segunda-feira,08:40:00,SC,282,"21,7",SANTO AMARO DA IMPERATRIZ,Transitar na contramão,Colisão lateral sentido oposto,Com Vítimas Feridas,Pleno dia,Decrescente,Céu Claro,Simples,Curva,Sim,4,0,0,2,1,2,2,4,"-27,68907","-48,717541",SPRF-SC,DEL01-SC,UOP02-DEL01-SC
582003,2024-01-26,sexta-feira,18:00:00,MT,163,611,NOVA MUTUM,Acesso irregular,Tombamento,Com Vítimas Feridas,Pleno dia,Decrescente,Céu Claro,Simples,Curva,Não,2,0,1,0,0,1,1,2,"-13,70681804","-56,04045869",SPRF-MT,DEL01-MT,UOP01-DEL01-MT
582005,2024-02-19,segunda-feira,08:15:00,RJ,493,6,ITABORAI,Ultrapassagem Indevida,Colisão lateral mesmo sentido,Com Vítimas Feridas,Pleno dia,Crescente,Céu Claro,Simples,Reta,Não,3,0,1,0,1,1,1,3,"-22,73124198","-42,95145305",SPRF-RJ,DEL02-RJ,UOP02-DEL02-RJ
582007,2024-02-19,segunda-feira,08:49:00,MS,262,44,TRES LAGOAS,Transitar na contramão,Colisão frontal,Com Vítimas Feridas,Pleno dia,Crescente,Nublado,Simples,Reta,Não,3,0,1,0,1,1,1,3,"-20,76617504","-52,00534801",SPRF-MS,DEL07-MS,UOP01-DEL07-MS
582010,2024-02-19,segunda-feira,06:50:00,PE,423,47,CACHOEIRINHA,Reação tardia ou ineficiente do condutor,Colisão lateral mesmo sentido,Com Vítimas Feridas,Pleno dia,Decrescente,Céu Claro,Simples,Reta,Não,2,0,1,0,1,0,1,2,"-8,5490279","-36,27184525",SPRF-PE,DEL03-PE,UOP01-DEL03-PE
582014,2024-02-19,segunda-feira,10:10:00,SP,116,222,GUARULHOS,Reação tardia ou ineficiente do condutor,Colisão lateral mesmo sentido,Com Vítimas Feridas,Pleno dia,Decrescente,Sol,Múltipla,Reta,Sim,3,0,1,0,1,1,1,3,"-23,47093408","-46,51631097",SPRF-SP,DEL01-SP,UOP01-DEL01-SP
582015,2024-02-19,segunda-feira,09:00:00,MT,163,115,RONDONOPOLIS,Reação tardia ou ineficiente do condutor,Tombamento,Sem Vítimas,Pleno dia,Crescente,Céu Claro,Dupla,Reta,Não,2,0,0,0,1,1,0,2,"-16,53799506","-54,66666488",SPRF-MT,DEL02-MT,UOP01-DEL02-MT
582016,2024-01-08,segunda-feira,12:10:00,PE,101,190,PALMARES,Condutor Dormindo,Colisão traseira,Com Vítimas Feridas,Pleno dia,Crescente,Nublado,Dupla,Reta;Aclive,Não,3,0,2,0,1,0,2,2,"-8,69573052","-35,6103118",SPRF-PE,DEL01-PE,UOP03-DEL01-PE
582019,2024-02-19,segunda-feira,07:45:00,SC,282,526,XAXIM,Condutor usando celular,Colisão frontal,Com Vítimas Feridas,Pleno dia,Crescente,Chuva,Simples,Curva,Não,3,0,1,1,0,1,2,3,"-26,96869198","-52,57369252",SPRF-SC,DEL07-SC,UOP01-DEL07-SC