id,data_inversa,dia_semana,horario,uf,br,km,municipio,causa_acidente,tipo_acidente,classificacao_acidente,fase_dia,sentido_via,condicao_metereologica,tipo_pista,tracado_via,uso_solo,pessoas,mortos,feridos_leves,feridos_graves,ilesos,ignorados,feridos,veiculos,latitude,longitude,regional,delegacia,uop
582020,2024-01-12,sexta-feira,16:45:00,MS,163,39,ELDORADO,Reação tardia ou ineficiente do condutor,Colisão lateral mesmo sentido,Com Vítimas Feridas,Pleno dia,Crescente,Céu Claro,Simples,Reta,Sim,2,0,0,1,1,0,1,2,"-23,7948851","-54,28686992",SPRF-MS,DEL09-MS,UOP02-DEL09-MS
582021,2024-02-19,segunda-feira,07:30:00,MT,70,589,POCONE,Acumulo de água sobre o pavimento,Colisão lateral mesmo sentido,Com Vítimas Feridas,Pleno dia,Crescente,Chuva,Simples,Reta,Não,4,0,1,0,3,0,1,2,"-15,78702094","-56,63928103",SPRF-MT,DEL03-MT,UOP02-DEL03-MT
582023,2024-02-19,segunda-feira,10:45:00,SC,101,"28,2",JOINVILLE,Manobra de mudança de faixa,Colisão lateral mesmo sentido,Com Vítimas Feridas,Pleno dia,Decrescente,Sol,Dupla,Reta,Sim,4,0,1,0,2,1,1,3,"-26,21412901","-48,91602516",SPRF-SC,DEL03-SC,UOP01-DEL03-SC
582025,2024-02-19,segunda-feira,10:30:00,PR,376,"168,9",MARINGA,Frear bruscamente,Colisão traseira,Com Vítimas Feridas,Pleno dia,Crescente,Céu Claro,Dupla,Aclive;Reta,Não,5,0,2,0,3,0,2,4,"-23,3995353","-52,00140238",SPRF-PR,DEL09-PR,UOP01-DEL09-PR
582031,2024-02-19,segunda-feira,12:00:00,PB,101,"119,4",CAAPORA,Carga excessiva e/ou mal acondicionada,Colisão com objeto,Sem Vítimas,Pleno dia,Decrescente,Sol,Dupla,Curva;Aclive,Não,2,0,0,0,1,1,0,2,"-7,42897814","-34,96672977",SPRF-PB,DEL01-PB,UOP02-DEL01-PB
582033,2024-02-19,segunda-feira,12:00:00,MG,381,507,SAO JOAQUIM DE BICAS,Ausência de reação do condutor,Colisão traseira,Com Vítimas Feridas,Pleno dia,Crescente,Céu Claro,Dupla,Reta,Não,3,0,0,1,1,1,1,3,"-20,05643192","-44,28663308",SPRF-MG,DEL01-MG,UOP03-DEL01-MG
582041,2024-02-19,segunda-feira,07:50:00,GO,60,353,RIO VERDE,Condutor Dormindo,Capotamento,Com Vítimas Feridas,Pleno dia,Crescente,Céu Claro,Dupla,Aclive;Reta,Não,4,0,1,0,2,1,1,3,"-17,5959","-50,7164",SPRF-GO,DEL04-GO,UOP02-DEL04-GO
582044,2024-02-19,segunda-feira,12:00:00,MG,40,522,CONTAGEM,Manobra de mudança de faixa,Colisão traseira,Com Vítimas Feridas,Pleno dia,Crescente,Céu Claro,Dupla,Reta,Não,2,0,1,0,1,0,1,2,"-19,87110921","-44,05723572",SPRF-MG,DEL01-MG,UOP02-DEL01-MG
582046,2024-02-19,segunda-feira,11:50:00,PE,101,52,PAULISTA,Demais falhas mecânicas ou elétricas,Colisão traseira,Com Vítimas Feridas,Pleno dia,Crescente,Céu Claro,Dupla,Curva,Sim,4,0,1,0,2,1,1,3,"-7,92616699","-34,89720225",SPRF-PE,DEL01-PE,UOP02-DEL01-PE
582048,2024-02-19,segunda-feira,12:15:00,PR,163,289,MARECHAL CANDIDO RONDON,Reação tardia ou ineficiente do condutor,Colisão frontal,Com Vítimas Fatais,Pleno dia,Decrescente,Nublado,Simples,Aclive;Curva,Não,3,1,0,0,1,1,0,3,"-24,51986105","-54,07103777",SPRF-PR,DEL06-PR,UOP02-DEL06-PR
582054,2024-02-19,segunda-feira,13:15:00,SC,282,"103,9",ALFREDO WAGNER,Demais falhas mecânicas ou elétricas,Incêndio,Sem Vítimas,Pleno dia,Decrescente,Céu Claro,Simples,Reta,Sim,3,0,0,0,3,0,0,1,"-27,694868","-49,324345",SPRF-SC,DEL01-SC,UOP03-DEL01-SC
582058,2024-02-19,segunda-feira,12:10:00,PR,376,"216,9",JANDAIA DO SUL,Acessar a via sem observar a presença dos outros veículos,Colisão transversal,Com Vítimas Feridas,Pleno dia,Decrescente,Céu Claro,Simples,Reta,Não,3,0,2,0,1,0,2,2,"-23,59767281","-51,63339596",SPRF-PR,DEL09-PR,UOP01-DEL09-PR
582060,2024-02-19,segunda-feira,12:15:00,PR,376,"193,8",MARIALVA,Reação tardia ou ineficiente do condutor,Saída de leito carroçável,Com Vítimas Feridas,Pleno dia,Decrescente,Nublado,Dupla,Reta,Não,1,0,0,1,0,0,1,1,"-23,49835695","-51,80560112",SPRF-PR,DEL09-PR,UOP01-DEL09-PR
582061,2024-02-15,quinta-feira,19:00:00,BA,101,269,SANTO ANTONIO DE JESUS,Ultrapassagem Indevida,Colisão lateral sentido oposto,Com Vítimas Feridas,Plena Noite,Crescente,Céu Claro,Simples,Aclive,Não,4,0,1,0,2,2,1,4,"-13,11158012","-39,28607941",SPRF-BA,DEL01-BA,UOP02-DEL01-BA
582066,2024-02-19,segunda-feira,14:00:00,SP,116,"102,3",PINDAMONHANGABA,Ausência de reação do condutor,Colisão com objeto,Com Vítimas Feridas,Pleno dia,Crescente,Chuva,Múltipla,Reta,Não,1,0,1,0,0,0,1,1,"-22,99497994","-45,48951403",SPRF-SP,DEL08-SP,UOP01-DEL08-SP
582071,2024-02-19,segunda-feira,14:00:00,MG,365,"621,4",UBERLANDIA,Chuva,Colisão com objeto,Com Vítimas Feridas,Pleno dia,Crescente,Chuva,Múltipla,Declive;Curva,Sim,2,0,2,0,0,0,2,1,"-18,9048022","-48,29052803",SPRF-MG,DEL15-MG,UOP01-DEL15-MG
582082,2024-02-19,segunda-feira,08:32:00,MA,226,"447,1",GRAJAU,Transitar na contramão,Colisão frontal,Com Vítimas Fatais,Pleno dia,Crescente,Céu Claro,Simples,Reta,Não,3,1,0,0,1,3,0,5,"-5,93710953","-46,37246724",SPRF-MA,DEL04-MA,UOP02-DEL04-MA
582093,2024-02-19,segunda-feira,17:20:00,SC,101,"122,4",ITAJAI,Ausência de reação do condutor,Colisão lateral mesmo sentido,Com Vítimas Feridas,Pleno dia,Crescente,Céu Claro,Dupla,Reta,Não,3,0,0,1,1,1,1,3,"-26,92955916","-48,70499836",SPRF-SC,DEL04-SC,UOP04-DEL04-SC
582097,2024-02-19,segunda-feira,16:30:00,GO,60,118,TEREZOPOLIS DE GOIAS,Condutor deixou de manter distância do veículo da frente,Colisão lateral mesmo sentido,Com Vítimas Feridas,Pleno dia,Decrescente,Céu Claro,Dupla,Reta,Não,3,0,1,0,2,0,1,2,"-16,4848","-49,0935",SPRF-GO,DEL01-GO,UOP01-DEL01-GO
582098,2024-02-19,segunda-feira,16:00:00,GO,452,102,BOM JESUS DE GOIAS,Condutor Dormindo,Colisão traseira,Com Vítimas Feridas,Pleno dia,Decrescente,Garoa/Chuvisco,Simples,Reta,Não,3,0,1,1,0,2,2,4,"-18,1359721","-49,98210004",SPRF-GO,DEL03-GO,UOP02-DEL03-GO
582101,2024-02-19,segunda-feira,17:15:00,RN,304,"295,4",MACAIBA,Condutor deixou de manter distância do veículo da frente,Engavetamento,Com Vítimas Feridas,Anoitecer,Crescente,Céu Claro,Simples,Declive,Não,4,0,0,1,2,1,1,4,"-5,86673107","-35,36296248",SPRF-RN,DEL01-RN,UOP02-DEL01-RN
582113,2024-02-19,segunda-feira,16:15:00,RJ,40,109,DUQUE DE CAXIAS,Chuva,Derramamento de carga,Com Vítimas Feridas,Pleno dia,Decrescente,Chuva,Múltipla,Reta,Sim,3,0,3,0,0,0,3,1,"-22,67374628","-43,28638368",SPRF-RJ,DEL01-RJ,UOP02-DEL01-RJ
582114,2024-02-19,segunda-feira,18:00:00,RJ,101,"542,3",PARATY,Ausência de reação do condutor,Colisão transversal,Com Vítimas Feridas,Anoitecer,Crescente,Chuva,Simples,Curva,Não,4,0,1,0,2,1,1,3,"-23,04128085","-44,59583503",SPRF-RJ,DEL03-RJ,UOP04-DEL03-RJ
582117,2024-02-19,segunda-feira,19:15:00,PR,376,616,SAO JOSE DOS PINHAIS,Acessar a via sem observar a presença dos outros veículos,Colisão com objeto,Com Vítimas Feridas,Plena Noite,Crescente,Garoa/Chuvisco,Dupla,Aclive;Reta,Não,3,0,1,0,1,1,1,2,"-25,57583659","-49,17953679",SPRF-PR,DEL01-PR,UOP04-DEL01-PR
582124,2024-02-19,segunda-feira,18:00:00,MT,158,434,RIBEIRAO CASCALHEIRA,Manobra de mudança de faixa,Colisão frontal,Com Vítimas Feridas,Plena Noite,Crescente,Céu Claro,Simples,Reta,Não,3,0,0,1,1,2,1,4,"-13,01259504","-51,88865787",SPRF-MT,DEL07-MT,UOP02-DEL07-MT
582133,2024-02-19,segunda-feira,20:50:00,PI,316,"56,9",MONSENHOR GIL,Manobra de mudança de faixa,Colisão lateral sentido oposto,Com Vítimas Feridas,Plena Noite,Crescente,Garoa/Chuvisco,Simples,Reta,Não,8,0,0,1,5,2,1,5,"-5,54844026","-42,61484423",SPRF-PI,DEL01-PI,UOP02-DEL01-PI
582134,2024-02-19,segunda-feira,18:00:00,BA,101,143,TEODORO SAMPAIO,Acessar a via sem observar a presença dos outros veículos,Colisão traseira,Com Vítimas Feridas,Anoitecer,Decrescente,Chuva,Simples,Reta,Não,4,0,1,0,2,1,1,3,"-12,28997937","-38,71181376",SPRF-BA,DEL01-BA,UOP04-DEL01-BA
582136,2024-02-19,segunda-feira,13:15:00,SC,153,"29,6",AGUA DOCE,Acumulo de óleo sobre o pavimento,Colisão frontal,Com Vítimas Fatais,Pleno dia,Decrescente,Nublado,Simples,Declive;Curva,Não,3,1,1,0,0,2,1,4,"-26,7904333","-51,6887564",SPRF-SC,DEL07-SC,UOP07-DEL07-SC
582137,2024-02-19,segunda-feira,18:00:00,MS,60,"44,5",PARAISO DAS AGUAS,Transitar na contramão,Colisão lateral sentido oposto,Com Vítimas Feridas,Anoitecer,Crescente,Céu Claro,Simples,Reta,Não,3,0,0,1,1,5,1,7,"-18,96720966","-52,86050607",SPRF-MS,DEL08-MS,UOP01-DEL08-MS
582139,2024-02-19,segunda-feira,22:15:00,RJ,116,147,DUQUE DE CAXIAS,Reação tardia ou ineficiente do condutor,Colisão traseira,Com Vítimas Feridas,Pleno dia,Crescente,Chuva,Múltipla,Reta,Sim,13,0,13,0,0,0,13,2,"-22,66978425","-43,27286493",SPRF-RJ,DEL01-RJ,UOP02-DEL01-RJ
582140,2024-02-19,segunda-feira,22:40:00,RJ,493,22,MAGE,Condutor Dormindo,Tombamento,Sem Vítimas,Plena Noite,Crescente,Céu Claro,Simples,Curva,Sim,2,0,0,0,2,0,0,1,"-22,659311","-43,053303",SPRF-RJ,DEL04-RJ,UOP02-DEL04-RJ
582158,2024-02-20,terça-feira,05:50:00,PR,369,504,CASCAVEL,Acessar a via sem observar a presença dos outros veículos,Colisão transversal,Com Vítimas Feridas,Amanhecer,Crescente,Céu Claro,Simples,Reta,Sim,4,0,2,0,1,1,2,3,"-24,8169","-53,2964",SPRF-PR,DEL04-PR,UOP03-DEL04-PR
582165,2024-02-20,terça-feira,06:55:00,ES,101,"296,2",CARIACICA,Manobra de mudança de faixa,Colisão lateral mesmo sentido,Com Vítimas Feridas,Pleno dia,Decrescente,Céu Claro,Dupla,Curva,Sim,3,0,1,0,1,2,1,4,"-20,34029997","-40,40405712",SPRF-ES,DEL01-ES,UOP01-DEL01-ES
582167,2024-02-20,terça-feira,05:10:00,SC,116,"176,1",SAO CRISTOVAO DO SUL,Velocidade Incompatível,Tombamento,Com Vítimas Feridas,Amanhecer,Decrescente,Nublado,Simples,Curva,Não,2,0,1,0,0,2,1,3,"-27,24164321","-50,46329137",SPRF-SC,DEL05-SC,UOP03-DEL05-SC
582168,2024-02-20,terça-feira,06:35:00,PR,369,"441,1",UBIRATA,Condutor Dormindo,Saída de leito carroçável,Com Vítimas Feridas,Pleno dia,Decrescente,Nevoeiro/Neblina,Simples,Curva,Não,1,0,1,0,0,0,1,1,"-24,5181","-52,9326",SPRF-PR,DEL04-PR,UOP03-DEL04-PR
582193,2024-01-20,sábado,06:30:00,MA,222,444,SANTA LUZIA,Acessar a via sem observar a presença dos outros veículos,Tombamento,Com Vítimas Feridas,Pleno dia,Crescente,Céu Claro,Simples,Curva,Não,3,0,1,0,0,3,1,4,"-4,07821967","-45,95269918",SPRF-MA,DEL02-MA,UOP01-DEL02-MA
582194,2024-02-20,terça-feira,07:20:00,CE,222,"248,8",SOBRAL,Condutor deixou de manter distância do veículo da frente,Colisão traseira,Com Vítimas Feridas,Pleno dia,Crescente,Céu Claro,Simples,Interseção de Vias;Reta,Sim,2,0,0,1,1,0,1,2,"-3,75597232","-40,55539727",SPRF-CE,DEL04-CE,UOP01-DEL04-CE
582197,2024-02-20,terça-feira,07:30:00,RJ,116,261,VOLTA REDONDA,Reação tardia ou ineficiente do condutor,Colisão transversal,Com Vítimas Feridas,Pleno dia,Crescente,Céu Claro,Múltipla,Reta,Não,4,0,1,0,2,1,1,4,"-22,5876092","-44,05945791",SPRF-RJ,DEL07-RJ,UOP02-DEL07-RJ
582204,2024-02-20,terça-feira,08:55:00,CE,116,"15,9",EUSEBIO,Acessar a via sem observar a presença dos outros veículos,Engavetamento,Com Vítimas Feridas,Pleno dia,Decrescente,Nublado,Múltipla,Reta,Não,5,0,1,0,3,1,1,5,"-3,87839882","-38,50066893",SPRF-CE,DEL01-CE,UOP02-DEL01-CE
582208,2024-02-20,terça-feira,08:30:00,MT,364,200,RONDONOPOLIS,Acessar a via sem observar a presença dos outros veículos,Colisão transversal,Sem Vítimas,Pleno dia,Crescente,Céu Claro,Simples,Interseção de Vias,Não,3,0,0,0,2,1,0,3,"-16,49612525","-54,63849716",SPRF-MT,DEL02-MT,UOP01-DEL02-MT
582215,2024-01-21,domingo,02:00:00,BA,101,925,MUCURI,Transitar na contramão,Colisão frontal,Com Vítimas Fatais,Plena Noite,Crescente,Nublado,Simples,Reta,Não,2,1,0,0,1,0,0,2,"-18,12239798","-39,89045705",SPRF-BA,DEL09-BA,UOP02-DEL09-BA
582216,2024-02-20,terça-feira,06:30:00,GO,20,182,SIMOLANDIA,Deficiência do Sistema de Iluminação/Sinalização,Tombamento,Sem Vítimas,Pleno dia,Decrescente,Garoa/Chuvisco,Dupla,Reta,Sim,2,0,0,0,1,2,0,3,"-14,463847","-46,480179",SPRF-DF,DEL02-DF,UOP03-DEL02-DF
582221,2024-02-20,terça-feira,10:15:00,GO,60,333,ACREUNA,Ausência de reação do condutor,Tombamento,Sem Vítimas,Pleno dia,Decrescente,Nublado,Dupla,Reta;Ponte,Não,2,0,0,0,1,1,0,2,"-17,54285658","-50,55809498",SPRF-GO,DEL04-GO,UOP02-DEL04-GO
582223,2024-02-20,terça-feira,11:15:00,PE,101,50,ABREU E LIMA,Manobra de mudança de faixa,Colisão lateral mesmo sentido,Sem Vítimas,Pleno dia,Crescente,Sol,Múltipla,Reta,Sim,4,0,0,0,3,2,0,5,"-7,907154","-34,902294",SPRF-PE,DEL01-PE,UOP02-DEL01-PE
582225,2024-02-20,terça-feira,10:00:00,PA,163,519,TRAIRAO,Ausência de reação do condutor,Colisão transversal,Com Vítimas Feridas,Pleno dia,Decrescente,Céu Claro,Simples,Reta,Não,4,0,2,0,1,3,2,5,"-5,36301973","-55,89623678",SPRF-PA,DEL05-PA,UOP02-DEL05-PA
582229,2024-02-20,terça-feira,07:00:00,SC,282,"283,4",SAO JOSE DO CERRITO,Transitar na contramão,Colisão frontal,Com Vítimas Feridas,Pleno dia,Decrescente,Nublado,Simples,Aclive;Reta,Não,6,0,0,4,1,1,4,3,"-27,574697","-50,783157",SPRF-SC,DEL05-SC,UOP02-DEL05-SC
582231,2024-02-20,terça-feira,12:16:00,PR,376,"671,2",GUARATUBA,Demais falhas mecânicas ou elétricas,Incêndio,Sem Vítimas,Pleno dia,Decrescente,Garoa/Chuvisco,Dupla,Aclive;Reta,Não,2,0,0,0,1,1,0,2,"-25,885323","-48,935154",SPRF-PR,DEL01-PR,UOP04-DEL01-PR
582234,2024-02-20,terça-feira,12:40:00,BA,101,"514,8",ITABUNA,Velocidade Incompatível,Colisão lateral sentido oposto,Com Vítimas Fatais,Pleno dia,Decrescente,Garoa/Chuvisco,Simples,Curva,Não,3,1,0,0,1,1,0,3,"-14,87468","-39,280526",SPRF-BA,DEL05-BA,UOP01-DEL05-BA
582235,2024-02-20,terça-feira,11:50:00,MG,50,147,UBERABA,Reação tardia ou ineficiente do condutor,Saída de leito carroçável,Com Vítimas Feridas,Pleno dia,Crescente,Céu Claro,Dupla,Reta,Não,2,0,2,0,0,0,2,1,"-19,53778804","-48,03695932",SPRF-MG,DEL13-MG,UOP01-DEL13-MG
582242,2024-02-20,terça-feira,13:55:00,PR,277,"15,3",PARANAGUA,Reação tardia ou ineficiente do condutor,Colisão traseira,Com Vítimas Feridas,Pleno dia,Decrescente,Nublado,Dupla,Reta,Não,5,0,2,0,2,2,2,4,"-25,5519084","-48,66639389",SPRF-PR,DEL01-PR,UOP05-DEL01-PR
582243,2024-02-20,terça-feira,11:40:00,GO,452,22,RIO VERDE,Velocidade Incompatível,Tombamento,Com Vítimas Feridas,Pleno dia,Crescente,Céu Claro,Dupla,Aclive;Retorno Regulamentado,Não,2,0,1,0,0,3,1,4,"-17,87601952","-50,71654288",SPRF-GO,DEL04-GO,UOP01-DEL04-GO
582246,2024-02-20,terça-feira,13:52:00,TO,153,337,GUARAI,Ingestão de álcool pelo condutor,Saída de leito carroçável,Com Vítimas Feridas,Pleno dia,Crescente,Céu Claro,Simples,Reta,Não,2,0,1,0,0,2,1,3,"-8,863007","-48,50835",SPRF-TO,DEL02-TO,UOP02-DEL02-TO
582249,2024-02-20,terça-feira,13:40:00,PE,428,"179,5",PETROLINA,Acessar a via sem observar a presença dos outros veículos,Colisão lateral mesmo sentido,Com Vítimas Feridas,Pleno dia,Crescente,Nublado,Simples,Reta,Não,2,0,0,1,0,1,1,2,"-9,29218306","-40,4457509",SPRF-PE,DEL06-PE,UOP01-DEL06-PE
582256,2024-02-16,sexta-feira,15:05:00,RS,386,"434,5",NOVA SANTA RITA,Reação tardia ou ineficiente do condutor,Colisão traseira,Com Vítimas Feridas,Pleno dia,Decrescente,Nublado,Dupla,Interseção de Vias;Retorno Regulamentado;Rotatória,Não,4,0,2,0,2,0,2,2,"-29,843386","-51,285454",SPRF-RS,DEL04-RS,UOP02-DEL04-RS
582258,2024-02-20,terça-feira,11:20:00,PR,376,"515,3",PONTA GROSSA,Velocidade Incompatível,Saída de leito carroçável,Sem Vítimas,Pleno dia,Decrescente,Nublado,Dupla,Reta,Não,2,0,0,0,1,3,0,4,"-25,26550955","-49,95449282",SPRF-PR,DEL03-PR,UOP04-DEL03-PR
582259,2024-02-20,terça-feira,13:00:00,MA,316,"396,2",BACABAL,Demais falhas mecânicas ou elétricas,Colisão frontal,Com Vítimas Feridas,Pleno dia,Decrescente,Chuva,Simples,Reta;Aclive,Não,5,0,3,1,1,0,4,2,"-4,189019","-44,489983",SPRF-MA,DEL03-MA,UOP01-DEL03-MA
582265,2024-01-18,quinta-feira,03:00:00,PI,316,274,DOM EXPEDITO LOPES,Ausência de reação do condutor,Tombamento,Com Vítimas Feridas,Plena Noite,Crescente,Céu Claro,Dupla,Curva,Não,1,0,0,1,0,0,1,1,"-6,94682117","-41,73317416",SPRF-PI,DEL04-PI,UOP01-DEL04-PI
582268,2024-02-20,terça-feira,14:00:00,DF,20,13,BRASILIA,Pista Escorregadia,Colisão com objeto,Sem Vítimas,Pleno dia,Decrescente,Chuva,Dupla,Reta,Não,1,0,0,0,0,1,0,1,"-15,638752","-47,749599",SPRF-DF,DEL02-DF,UOP01-DEL02-DF
582269,2024-02-20,terça-feira,16:00:00,DF,20,"15,6",BRASILIA,Pista Escorregadia,Colisão com objeto,Sem Vítimas,Pleno dia,Crescente,Chuva,Dupla,Reta,Não,1,0,0,0,0,1,0,1,"-15,630189","-47,733288",SPRF-DF,DEL02-DF,UOP01-DEL02-DF
582271,2024-02-20,terça-feira,15:06:00,MG,50,"67,7",UBERLANDIA,Curva acentuada,Colisão com objeto,Sem Vítimas,Pleno dia,Crescente,Nublado,Dupla,Interseção de Vias,Sim,2,0,0,0,1,1,0,2,"-18,87696054","-48,26072931",SPRF-MG,DEL15-MG,UOP02-DEL15-MG
582273,2024-02-20,terça-feira,16:20:00,PI,316,415,MARCOLANDIA,Condutor deixou de manter distância do veículo da frente,Colisão traseira,Com Vítimas Feridas,Pleno dia,Decrescente,Nublado,Simples,Reta,Sim,4,0,1,0,3,0,1,2,"-7,43280012","-40,68261908",SPRF-PI,DEL04-PI,UOP03-DEL04-PI
582276,2024-02-20,terça-feira,16:30:00,ES,101,279,SERRA,Manobra de mudança de faixa,Colisão lateral mesmo sentido,Com Vítimas Feridas,Pleno dia,Decrescente,Nublado,Dupla,Reta,Não,2,0,1,0,0,1,1,2,"-20,218122","-40,339325",SPRF-ES,DEL02-ES,UOP01-DEL02-ES
582280,2024-02-20,terça-feira,11:30:00,MT,364,766,DIAMANTINO,Demais falhas mecânicas ou elétricas,Incêndio,Sem Vítimas,Pleno dia,Decrescente,Céu Claro,Simples,Reta,Não,2,0,0,0,1,1,0,2,"-14,21750319","-57,61723296",SPRF-MT,DEL01-MT,UOP01-DEL01-MT
582286,2024-02-20,terça-feira,17:00:00,MT,163,971,TERRA NOVA DO NORTE,Acumulo de água sobre o pavimento,Eventos atípicos,Com Vítimas Feridas,Pleno dia,Decrescente,Chuva,Simples,Reta,Não,4,0,0,2,1,2,2,4,"-10,7284172","-55,13179779",SPRF-MT,DEL06-MT,UOP03-DEL06-MT
582290,2024-02-20,terça-feira,18:35:00,RS,285,"455,3",IJUI,Desrespeitar a preferência no cruzamento,Colisão transversal,Com Vítimas Feridas,Pleno dia,Decrescente,Céu Claro,Simples,Reta;Interseção de Vias,Sim,7,0,1,1,4,1,2,3,"-28,38475555","-53,88759613",SPRF-RS,DEL10-RS,UOP01-DEL10-RS
582298,2024-02-20,terça-feira,13:20:00,SC,116,"245,6",LAGES,Velocidade Incompatível,Tombamento,Com Vítimas Feridas,Pleno dia,Crescente,Sol,Simples,Interseção de Vias;Rotatória,Sim,2,0,1,0,0,2,1,3,"-27,79544281","-50,36187437",SPRF-SC,DEL05-SC,UOP02-DEL05-SC
582301,2024-02-20,terça-feira,20:20:00,SP,116,415,JUQUIA,Acessar a via sem observar a presença dos outros veículos,Colisão traseira,Com Vítimas Feridas,Plena Noite,Crescente,Nublado,Dupla,Reta,Sim,4,0,2,0,2,0,2,2,"-24,334489","-47,641203",SPRF-SP,DEL05-SP,UOP01-DEL05-SP
582304,2024-02-20,terça-feira,19:30:00,MT,163,1067,GUARANTA DO NORTE,Acessar a via sem observar a presença dos outros veículos,Colisão lateral mesmo sentido,Com Vítimas Feridas,Plena Noite,Crescente,Chuva,Simples,Reta,Sim,5,0,3,0,1,2,3,4,"-10,06966899","-54,90642513",SPRF-MT,DEL06-MT,UOP03-DEL06-MT
582315,2024-02-20,terça-feira,17:20:00,RO,435,73,COLORADO DO OESTE,Velocidade Incompatível,Tombamento,Com Vítimas Feridas,Anoitecer,Decrescente,Garoa/Chuvisco,Simples,Curva;Declive,Não,2,0,1,0,0,3,1,4,"-13,1038111","-60,4273343",SPRF-RO,DEL04-RO,UOP02-DEL04-RO
582319,2024-02-20,terça-feira,22:00:00,PA,316,"65,2",CASTANHAL,Acessar a via sem observar a presença dos outros veículos,Colisão transversal,Com Vítimas Feridas,Plena Noite,Decrescente,Céu Claro,Dupla,Interseção de Vias;Reta,Sim,4,0,0,1,1,3,1,5,"-1,29569691","-47,90874839",SPRF-PA,DEL01-PA,UOP01-DEL01-PA
582322,2024-02-20,terça-feira,23:11:00,SP,116,"111,9",TAUBATE,Ausência de reação do condutor,Colisão traseira,Com Vítimas Feridas,Plena Noite,Crescente,Nublado,Dupla,Reta,Sim,3,0,0,1,1,1,1,3,"-23,03887149","-45,56097419",SPRF-SP,DEL02-SP,UOP02-DEL02-SP
582324,2024-02-20,terça-feira,22:55:00,PB,230,"18,5",JOAO PESSOA,Reação tardia ou ineficiente do condutor,Colisão com objeto,Sem Vítimas,Plena Noite,Crescente,Chuva,Dupla,Reta,Sim,2,0,0,0,2,0,0,2,"-7,1198","-34,8453",SPRF-PB,DEL01-PB,UOP01-DEL01-PB
582329,2024-02-20,terça-feira,21:59:00,PR,158,"537,8",PATO BRANCO,Velocidade Incompatível,Tombamento,Com Vítimas Fatais,Plena Noite,Decrescente,Nublado,Simples,Rotatória,Sim,2,1,0,0,0,1,0,2,"-26,24774787","-52,70513312",SPRF-PR,DEL02-PR,UOP01-DEL02-PR
582330,2024-02-21,quarta-feira,03:40:00,SC,101,"285,7",IMBITUBA,Ingestão de álcool pelo condutor,Colisão lateral mesmo sentido,Com Vítimas Feridas,Plena Noite,Decrescente,Céu Claro,Dupla,Curva;Declive,Não,2,0,1,0,0,1,1,2,"-28,22947996","-48,70163526",SPRF-SC,DEL02-SC,UOP03-DEL02-SC
582331,2024-02-21,quarta-feira,03:50:00,RS,471,"466,3",RIO GRANDE,Animais na Pista,Atropelamento de Animal,Com Vítimas Feridas,Plena Noite,Crescente,Céu Claro,Simples,Reta,Não,2,0,2,0,0,0,2,1,"-32,103786","-52,334488",SPRF-RS,DEL07-RS,UOP02-DEL07-RS
582342,2024-02-21,quarta-feira,07:15:00,PI,343,"328,4",TERESINA,Acumulo de água sobre o pavimento,Colisão lateral sentido oposto,Com Vítimas Feridas,Pleno dia,Decrescente,Chuva,Simples,Reta,Não,2,0,0,1,1,0,1,2,"-5,069324","-42,634327",SPRF-PI,DEL01-PI,UOP01-DEL01-PI
582343,2024-02-20,terça-feira,12:45:00,PR,476,265,SAO MATEUS DO SUL,Chuva,Colisão lateral sentido oposto,Com Vítimas Feridas,Pleno dia,Crescente,Chuva,Simples,Curva,Não,3,0,2,0,1,0,2,2,"-25,891741","-50,292095",SPRF-PR,DEL02-PR,UOP03-DEL02-PR
582348,2024-02-21,quarta-feira,07:10:00,RJ,116,137,MAGE,Manobra de mudança de faixa,Colisão lateral mesmo sentido,Com Vítimas Feridas,Pleno dia,Decrescente,Céu Claro,Dupla,Reta,Não,6,0,1,0,4,1,1,3,"-22,64791994","-43,18200799",SPRF-RJ,DEL04-RJ,UOP02-DEL04-RJ
582357,2024-02-14,quarta-feira,02:30:00,SC,470,"2,2",NAVEGANTES,Frear bruscamente,Saída de leito carroçável,Com Vítimas Feridas,Plena Noite,Crescente,Garoa/Chuvisco,Múltipla,Desvio Temporário,Não,2,0,0,1,0,1,1,2,"-26,868551","-48,674831",SPRF-SC,DEL04-SC,UOP04-DEL04-SC
582358,2024-02-21,quarta-feira,06:10:00,RJ,356,49,ITAPERUNA,Velocidade Incompatível,Tombamento,Com Vítimas Feridas,Pleno dia,Crescente,Chuva,Simples,Curva;Aclive,Não,2,0,1,0,0,1,1,2,"-21,25300596","-41,78325793",SPRF-RJ,DEL08-RJ,UOP03-DEL08-RJ
582363,2024-02-21,quarta-feira,08:21:00,PR,116,"46,7",CAMPINA GRANDE DO SUL,Manobra de mudança de faixa,Colisão lateral mesmo sentido,Sem Vítimas,Pleno dia,Decrescente,Garoa/Chuvisco,Dupla,Curva,Não,6,0,0,0,5,1,0,2,"-25,20185401","-48,8962139",SPRF-PR,DEL01-PR,UOP02-DEL01-PR