id,data_inversa,dia_semana,horario,uf,br,km,municipio,causa_acidente,tipo_acidente,classificacao_acidente,fase_dia,sentido_via,condicao_metereologica,tipo_pista,tracado_via,uso_solo,pessoas,mortos,feridos_leves,feridos_graves,ilesos,ignorados,feridos,veiculos,latitude,longitude,regional,delegacia,uop
582367,2024-02-21,quarta-feira,10:15:00,MG,381,409,NOVA UNIAO,Ausência de reação do condutor,Colisão com objeto,Com Vítimas Feridas,Pleno dia,Crescente,Chuva,Dupla,Curva;Aclive,Não,1,0,1,0,0,0,1,1,"-19,72394854","-43,57357979",SPRF-MG,DEL01-MG,UOP01-DEL01-MG
582375,2024-02-21,quarta-feira,09:36:00,MG,381,531,ITATIAIUCU,Pista Escorregadia,Saída de leito carroçável,Com Vítimas Feridas,Pleno dia,Crescente,Chuva,Dupla,Curva,Não,3,0,2,0,0,1,2,3,"-20,16264343","-44,35832977",SPRF-MG,DEL04-MG,UOP03-DEL04-MG
582376,2024-02-03,sábado,05:35:00,MG,381,"445,6",SANTA LUZIA,Condutor Dormindo,Colisão frontal,Com Vítimas Fatais,Amanhecer,Decrescente,Chuva,Simples,Reta,Não,3,1,0,0,1,1,0,3,"-19,83447607","-43,85011601",SPRF-MG,DEL01-MG,UOP01-DEL01-MG
582378,2024-02-11,domingo,22:37:00,MS,262,229,RIBAS DO RIO PARDO,Demais falhas mecânicas ou elétricas,Incêndio,Sem Vítimas,Plena Noite,Crescente,Céu Claro,Simples,Reta,Não,2,0,0,0,1,1,0,2,"-20,4723977","-53,66251193",SPRF-MS,DEL07-MS,UOP02-DEL07-MS
582380,2024-02-21,quarta-feira,10:15:00,BA,116,"540,5",MILAGRES,Condutor deixou de manter distância do veículo da frente,Colisão traseira,Com Vítimas Feridas,Pleno dia,Crescente,Céu Claro,Simples,Reta;Aclive,Não,3,0,1,0,1,2,1,4,"-12,828333","-39,828779",SPRF-BA,DEL03-BA,UOP02-DEL03-BA
582381,2024-01-27,sábado,11:00:00,MT,70,235,PRIMAVERA DO LESTE,Ausência de reação do condutor,Tombamento,Com Vítimas Feridas,Pleno dia,Crescente,Céu Claro,Simples,Reta,Não,3,0,2,0,0,1,2,2,"-15,5384497","-54,2802585",SPRF-MT,DEL05-MT,UOP01-DEL05-MT
582385,2024-02-21,quarta-feira,08:40:00,ES,101,396,RIO NOVO DO SUL,Reação tardia ou ineficiente do condutor,Colisão traseira,Com Vítimas Feridas,Pleno dia,Decrescente,Chuva,Simples,Reta,Não,3,0,1,0,1,1,1,3,"-20,868874","-40,94103",SPRF-ES,DEL03-ES,UOP02-DEL03-ES
582390,2024-02-21,quarta-feira,12:00:00,TO,153,502,PARAISO DO TOCANTINS,Transitar na contramão,Saída de leito carroçável,Com Vítimas Feridas,Pleno dia,Crescente,Céu Claro,Simples,Declive,Não,2,0,1,0,1,0,1,2,"-10,21850698","-48,87509017",SPRF-TO,DEL01-TO,UOP01-DEL01-TO
582393,2024-02-21,quarta-feira,09:20:00,RS,290,"414,7",SAO GABRIEL,Ausência de reação do condutor,Colisão traseira,Sem Vítimas,Pleno dia,Decrescente,Céu Claro,Simples,Curva,Não,2,0,0,0,2,0,0,2,"-30,361057","-54,289551",SPRF-RS,DEL11-RS,UOP02-DEL11-RS
582397,2024-02-21,quarta-feira,09:40:00,RJ,101,67,CAMPOS DOS GOYTACAZES,Condutor deixou de manter distância do veículo da frente,Colisão traseira,Com Vítimas Feridas,Pleno dia,Decrescente,Garoa/Chuvisco,Simples,Reta,Sim,4,0,2,0,1,2,2,4,"-21,76751094","-41,34876249",SPRF-RJ,DEL08-RJ,UOP02-DEL08-RJ
582407,2024-02-21,quarta-feira,12:48:00,PE,423,"68,7",JUPI,Condutor deixou de manter distância do veículo da frente,Colisão traseira,Com Vítimas Feridas,Pleno dia,Decrescente,Céu Claro,Simples,Aclive,Não,4,0,4,0,0,0,4,2,"-8,67263685","-36,39346504",SPRF-PE,DEL03-PE,UOP01-DEL03-PE
582410,2024-02-21,quarta-feira,11:50:00,SC,101,"10,9",GARUVA,Reação tardia ou ineficiente do condutor,Colisão transversal,Com Vítimas Feridas,Pleno dia,Decrescente,Céu Claro,Dupla,Curva,Não,3,0,1,0,2,0,1,2,"-26,063011","-48,86020605",SPRF-SC,DEL03-SC,UOP01-DEL03-SC
582414,2024-02-21,quarta-feira,12:50:00,RN,304,200,LAJES,Acumulo de água sobre o pavimento,Colisão transversal,Sem Vítimas,Pleno dia,Crescente,Garoa/Chuvisco,Simples,Reta,Não,2,0,0,0,2,0,0,2,"-5,7261011","-36,16531004",SPRF-RN,DEL01-RN,UOP03-DEL01-RN
582418,2024-02-21,quarta-feira,09:00:00,SC,101,"324,8",CAPIVARI DE BAIXO,Reação tardia ou ineficiente do condutor,Colisão traseira,Com Vítimas Feridas,Pleno dia,Crescente,Céu Claro,Múltipla,Reta;Aclive,Não,4,0,3,0,1,0,3,3,"-28,42516271","-48,93259193",SPRF-SC,DEL02-SC,UOP01-DEL02-SC
582420,2024-02-21,quarta-feira,15:00:00,RJ,116,184,NOVA IGUACU,Velocidade Incompatível,Colisão lateral mesmo sentido,Sem Vítimas,Pleno dia,Crescente,Sol,Dupla,Reta,Sim,2,0,0,0,1,1,0,2,"-22,74647215","-43,44594311",SPRF-RJ,DEL06-RJ,UOP01-DEL06-RJ
582422,2024-02-21,quarta-feira,14:00:00,MG,153,104,PRATA,Mal súbito do condutor,Saída de leito carroçável,Com Vítimas Feridas,Pleno dia,Crescente,Céu Claro,Simples,Reta,Não,2,0,1,0,0,2,1,3,"-19,26347485","-48,92260343",SPRF-MG,DEL15-MG,UOP03-DEL15-MG
582424,2024-02-21,quarta-feira,15:00:00,BA,116,280,TUCANO,Ultrapassagem Indevida,Colisão frontal,Com Vítimas Fatais,Pleno dia,Decrescente,Céu Claro,Simples,Reta,Não,3,1,0,0,1,2,0,4,"-11,00917003","-38,81435695",SPRF-BA,DEL02-BA,UOP01-DEL02-BA
582425,2024-01-28,domingo,11:15:00,MG,381,936,EXTREMA,Chuva,Saída de leito carroçável,Sem Vítimas,Pleno dia,Crescente,Chuva,Dupla,Curva;Declive,Não,2,0,0,0,1,1,0,2,"-22,82914914","-46,31469547",SPRF-MG,DEL16-MG,UOP03-DEL16-MG
582430,2024-02-21,quarta-feira,12:20:00,MS,267,204,NOVA ALVORADA DO SUL,Manobra de mudança de faixa,Colisão frontal,Com Vítimas Feridas,Pleno dia,Decrescente,Céu Claro,Simples,Reta,Não,3,0,1,0,1,1,1,3,"-21,58974453","-53,98737304",SPRF-MS,DEL02-MS,UOP03-DEL02-MS
582435,2024-02-21,quarta-feira,16:20:00,MG,262,"387,5",FLORESTAL,Demais falhas mecânicas ou elétricas,Incêndio,Sem Vítimas,Pleno dia,Decrescente,Nublado,Dupla,Reta,Sim,1,0,0,0,1,0,0,1,"-19,9181933","-44,493512",SPRF-MG,DEL01-MG,UOP03-DEL01-MG
582440,2024-02-21,quarta-feira,15:30:00,MG,365,"685,8",MONTE ALEGRE DE MINAS,Reação tardia ou ineficiente do condutor,Colisão traseira,Com Vítimas Feridas,Pleno dia,Decrescente,Céu Claro,Dupla,Aclive;Reta,Sim,3,0,1,0,1,3,1,5,"-18,86128507","-48,8629942",SPRF-MG,DEL15-MG,UOP01-DEL15-MG
582441,2024-02-21,quarta-feira,16:20:00,PB,230,"288,4",SANTA LUZIA,Condutor deixou de manter distância do veículo da frente,Saída de leito carroçável,Com Vítimas Feridas,Pleno dia,Crescente,Céu Claro,Simples,Reta;Aclive,Não,2,0,1,0,1,0,1,1,"-6,8871","-36,894",SPRF-PB,DEL03-PB,UOP01-DEL03-PB
582442,2024-02-21,quarta-feira,14:55:00,PR,277,"136,1",BALSA NOVA,Ausência de reação do condutor,Engavetamento,Sem Vítimas,Pleno dia,Crescente,Chuva,Dupla,Declive,Não,14,0,0,0,13,3,0,12,"-25,471417","-49,694991",SPRF-PR,DEL03-PR,UOP03-DEL03-PR
582443,2024-02-21,quarta-feira,15:30:00,PR,376,668,GUARATUBA,Demais falhas mecânicas ou elétricas,Colisão com objeto,Com Vítimas Feridas,Pleno dia,Crescente,Garoa/Chuvisco,Dupla,Curva;Declive,Não,6,0,0,1,4,2,1,7,"-25,864159","-48,937538",SPRF-PR,DEL01-PR,UOP04-DEL01-PR
582447,2024-01-18,quinta-feira,19:30:00,MS,158,"55,5",PARANAIBA,Transitar na contramão,Colisão lateral sentido oposto,Com Vítimas Fatais,Plena Noite,Decrescente,Garoa/Chuvisco,Simples,Curva,Não,4,1,1,0,0,3,1,5,"-19,40429068","-51,40386983",SPRF-MS,DEL08-MS,UOP01-DEL08-MS
582448,2024-02-21,quarta-feira,17:10:00,RS,285,"201,2",LAGOA VERMELHA,Desrespeitar a preferência no cruzamento,Colisão transversal,Com Vítimas Feridas,Pleno dia,Decrescente,Céu Claro,Simples,Rotatória,Sim,3,0,1,0,2,0,1,2,"-28,206482","-51,538555",SPRF-RS,DEL08-RS,UOP05-DEL08-RS
582449,2024-02-21,quarta-feira,16:40:00,SC,470,"81,3",RODEIO,Reação tardia ou ineficiente do condutor,Engavetamento,Com Vítimas Feridas,Pleno dia,Decrescente,Nublado,Simples,Curva;Em Obras,Não,4,0,1,0,3,0,1,3,"-26,95419496","-49,32634061",SPRF-SC,DEL04-SC,UOP01-DEL04-SC
582451,2024-02-21,quarta-feira,17:40:00,BA,116,"818,8",VITORIA DA CONQUISTA,Ausência de reação do condutor,Queda de ocupante de veículo,Com Vítimas Feridas,Pleno dia,Decrescente,Nublado,Simples,Declive;Curva,Sim,3,0,1,0,0,2,1,3,"-14,827631","-40,826168",SPRF-BA,DEL08-BA,UOP01-DEL08-BA
582452,2024-02-21,quarta-feira,16:30:00,GO,60,"180,1",ABADIA DE GOIAS,Demais falhas mecânicas ou elétricas,Saída de leito carroçável,Com Vítimas Feridas,Pleno dia,Decrescente,Céu Claro,Dupla,Reta,Não,1,0,1,0,0,0,1,1,"-16,77534347","-49,48721062",SPRF-GO,DEL01-GO,UOP02-DEL01-GO
582457,2024-02-21,quarta-feira,17:50:00,MG,381,481,CONTAGEM,Entrada inopinada do pedestre,Atropelamento de Pedestre,Com Vítimas Feridas,Anoitecer,Crescente,Nublado,Múltipla,Reta,Sim,3,0,0,1,1,2,1,4,"-19,95809","-44,05607",SPRF-MG,DEL01-MG,UOP03-DEL01-MG
582459,2024-02-21,quarta-feira,16:20:00,SC,153,"111,5",CONCORDIA,Acessar a via sem observar a presença dos outros veículos,Colisão traseira,Com Vítimas Feridas,Pleno dia,Crescente,Céu Claro,Simples,Reta,Não,6,0,3,0,2,1,3,4,"-27,319271","-51,983299",SPRF-SC,DEL07-SC,UOP04-DEL07-SC
582466,2024-02-21,quarta-feira,17:50:00,BA,367,"46,9",PORTO SEGURO,Ultrapassagem Indevida,Saída de leito carroçável,Com Vítimas Feridas,Pleno dia,Crescente,Chuva,Simples,Reta,Não,1,0,0,1,0,0,1,1,"-16,37147208","-39,26193802",SPRF-BA,DEL09-BA,UOP03-DEL09-BA
582468,2024-02-21,quarta-feira,19:30:00,TO,153,137,ARAGUAINA,Reação tardia ou ineficiente do condutor,Colisão traseira,Com Vítimas Feridas,Plena Noite,Decrescente,Garoa/Chuvisco,Dupla,Reta;Aclive,Sim,4,0,0,1,0,3,1,4,"-7,14630299","-48,20255603",SPRF-TO,DEL02-TO,UOP01-DEL02-TO
582470,2024-02-21,quarta-feira,15:30:00,SC,282,327,CAMPOS NOVOS,Reação tardia ou ineficiente do condutor,Tombamento,Com Vítimas Feridas,Pleno dia,Decrescente,Céu Claro,Simples,Rotatória,Não,2,0,0,1,0,1,1,2,"-27,37542586","-51,06616974",SPRF-SC,DEL07-SC,UOP06-DEL07-SC
582473,2024-02-21,quarta-feira,19:50:00,SC,101,"46,9",JOINVILLE,Manobra de mudança de faixa,Colisão lateral mesmo sentido,Sem Vítimas,Plena Noite,Decrescente,Nublado,Múltipla,Desvio Temporário,Sim,3,0,0,0,2,1,0,3,"-26,36599498","-48,85815382",SPRF-SC,DEL03-SC,UOP01-DEL03-SC
582481,2024-02-21,quarta-feira,11:30:00,PA,230,563,ANAPU,Demais falhas mecânicas ou elétricas,Saída de leito carroçável,Sem Vítimas,Pleno dia,Crescente,Céu Claro,Simples,Em Obras;Curva;Declive,Não,3,0,0,0,2,2,0,3,"-3,122475","-51,699595",SPRF-PA,DEL04-PA,UOP01-DEL04-PA
582482,2024-02-21,quarta-feira,15:25:00,RN,110,108,UPANEMA,Animais na Pista,Saída de leito carroçável,Com Vítimas Feridas,Pleno dia,Crescente,Chuva,Simples,Aclive;Reta,Não,1,0,1,0,0,0,1,1,"-5,70854281","-37,28422508",SPRF-RN,DEL04-RN,UOP01-DEL04-RN
582483,2024-02-21,quarta-feira,18:30:00,MA,222,673,ACAILANDIA,Acessar a via sem observar a presença dos outros veículos,Colisão transversal,Com Vítimas Feridas,Anoitecer,Crescente,Nublado,Simples,Reta;Declive,Sim,3,0,0,1,1,3,1,5,"-4,92960481","-47,44590111",SPRF-MA,DEL04-MA,UOP03-DEL04-MA
582487,2024-02-21,quarta-feira,20:10:00,RS,101,"43,5",TERRA DE AREIA,Reação tardia ou ineficiente do condutor,Colisão traseira,Com Vítimas Feridas,Plena Noite,Decrescente,Nublado,Simples,Reta,Não,3,0,0,1,1,2,1,4,"-29,563147","-50,047315",SPRF-RS,DEL03-RS,UOP02-DEL03-RS
582489,2024-02-21,quarta-feira,20:50:00,SP,116,415,JUQUIA,Condutor Dormindo,Tombamento,Sem Vítimas,Plena Noite,Decrescente,Garoa/Chuvisco,Dupla,Reta,Não,1,0,0,0,1,0,0,1,"-24,334489","-47,641203",SPRF-SP,DEL05-SP,UOP01-DEL05-SP
582491,2024-02-21,quarta-feira,19:40:00,SP,116,"127,8",CACAPAVA,Suicídio (presumido),Atropelamento de Pedestre,Com Vítimas Feridas,Plena Noite,Crescente,Garoa/Chuvisco,Dupla,Curva,Sim,3,0,0,2,0,1,2,3,"-23,11454664","-45,71105567",SPRF-SP,DEL02-SP,UOP02-DEL02-SP
582492,2024-02-21,quarta-feira,20:55:00,SP,116,"67,7",GUARATINGUETA,Chuva,Colisão traseira,Com Vítimas Feridas,Plena Noite,Decrescente,Chuva,Dupla,Reta;Declive,Sim,6,0,2,1,2,1,3,4,"-22,82867578","-45,2088941",SPRF-SP,DEL08-SP,UOP01-DEL08-SP
582493,2024-02-21,quarta-feira,15:58:00,MG,40,"603,6",CONGONHAS,Velocidade Incompatível,Tombamento,Com Vítimas Feridas,Pleno dia,Decrescente,Céu Claro,Simples,Declive;Curva,Não,4,0,0,1,2,2,1,5,"-20,44326","-43,83981",SPRF-MG,DEL05-MG,UOP02-DEL05-MG
582494,2024-02-21,quarta-feira,19:00:00,MS,163,"565,5",BANDEIRANTES,Ingestão de álcool pelo condutor,Saída de leito carroçável,Com Vítimas Feridas,Plena Noite,Decrescente,Céu Claro,Simples,Reta,Não,3,0,0,1,1,2,1,4,"-19,77562005","-54,36308781",SPRF-MS,DEL01-MS,UOP02-DEL01-MS
582498,2024-02-21,quarta-feira,20:20:00,PR,277,100,CURITIBA,Afundamento ou ondulação no pavimento,Colisão lateral mesmo sentido,Sem Vítimas,Plena Noite,Decrescente,Garoa/Chuvisco,Dupla,Curva,Sim,4,0,0,0,2,3,0,5,"-25,43292136","-49,37312722",SPRF-PR,DEL01-PR,UOP06-DEL01-PR
582507,2024-02-21,quarta-feira,20:40:00,RJ,116,"35,5",SAPUCAIA,Acumulo de água sobre o pavimento,Saída de leito carroçável,Com Vítimas Feridas,Plena Noite,Decrescente,Chuva,Simples,Reta,Não,3,0,2,0,1,0,2,1,"-22,07307","-42,79567",SPRF-RJ,DEL05-RJ,UOP01-DEL05-RJ
582509,2024-02-22,quinta-feira,00:01:00,PR,116,101,SAO JOSE DOS PINHAIS,Ausência de reação do condutor,Colisão traseira,Com Vítimas Feridas,Plena Noite,Decrescente,Nublado,Dupla,Reta,Não,3,0,1,0,1,1,1,3,"-25,56528815","-49,16026354",SPRF-PR,DEL01-PR,UOP07-DEL01-PR
582511,2024-02-22,quinta-feira,01:20:00,SC,101,"149,9",ITAPEMA,Ingestão de álcool pelo condutor,Colisão lateral mesmo sentido,Com Vítimas Feridas,Plena Noite,Decrescente,Nublado,Múltipla,Túnel;Curva;Retorno Regulamentado,Sim,2,0,1,0,0,1,1,2,"-27,1089649","-48,61277586",SPRF-SC,DEL04-SC,UOP03-DEL04-SC
582512,2024-02-22,quinta-feira,03:50:00,RJ,101,119,CAMPOS DOS GOYTACAZES,Transitar no Acostamento,Atropelamento de Pedestre,Com Vítimas Fatais,Amanhecer,Crescente,Chuva,Dupla,Reta,Sim,4,1,0,0,1,2,0,3,"-22,01993215","-41,68496189",SPRF-RJ,DEL08-RJ,UOP02-DEL08-RJ
582515,2024-02-22,quinta-feira,04:00:00,BA,116,460,SANTO ESTEVAO,Reação tardia ou ineficiente do condutor,Colisão traseira,Com Vítimas Feridas,Plena Noite,Decrescente,Nublado,Dupla,Reta,Sim,4,0,2,0,2,0,2,2,"-12,42571818","-39,20648189",SPRF-BA,DEL02-BA,UOP01-DEL02-BA
582516,2024-02-22,quinta-feira,04:45:00,PB,230,"144,9",CAMPINA GRANDE,Ingestão de álcool pelo condutor,Colisão lateral mesmo sentido,Sem Vítimas,Amanhecer,Crescente,Céu Claro,Dupla,Reta,Sim,2,0,0,0,2,0,0,2,"-7,2512","-35,8399",SPRF-PB,DEL02-PB,UOP01-DEL02-PB
582522,2024-02-21,quarta-feira,07:40:00,MG,381,686,LAVRAS,Chuva,Tombamento,Com Vítimas Feridas,Pleno dia,Crescente,Chuva,Dupla,Curva,Não,2,0,1,0,0,1,1,2,"-21,20030689","-45,11944438",SPRF-MG,DEL04-MG,UOP02-DEL04-MG
582528,2024-02-21,quarta-feira,13:20:00,SP,116,135,SAO JOSE DOS CAMPOS,Manobra de mudança de faixa,Colisão lateral mesmo sentido,Sem Vítimas,Pleno dia,Decrescente,Sol,Dupla,Reta,Não,3,0,0,0,2,1,0,3,"-23,144484","-45,77018",SPRF-SP,DEL02-SP,UOP01-DEL02-SP
582529,2024-02-22,quinta-feira,06:20:00,SP,116,55,LORENA,Demais falhas mecânicas ou elétricas,Colisão com objeto,Com Vítimas Feridas,Pleno dia,Decrescente,Céu Claro,Dupla,Reta,Não,2,0,1,0,1,0,1,2,"-22,76356421","-45,12272385",SPRF-SP,DEL08-SP,UOP02-DEL08-SP
582541,2024-02-02,sexta-feira,19:47:00,MG,40,"527,1",CONTAGEM,Reação tardia ou ineficiente do condutor,Colisão lateral mesmo sentido,Com Vítimas Feridas,Plena Noite,Decrescente,Céu Claro,Dupla,Curva;Aclive;Em Obras,Sim,4,0,0,2,1,1,2,3,"-19,90511718","-44,04785134",SPRF-MG,DEL01-MG,UOP02-DEL01-MG
582542,2024-02-22,quinta-feira,08:30:00,SC,470,47,BLUMENAU,Condutor usando celular,Colisão frontal,Com Vítimas Feridas,Pleno dia,Crescente,Céu Claro,Simples,Curva;Em Obras,Sim,2,0,1,1,0,0,2,2,"-26,864044","-49,046516",SPRF-SC,DEL04-SC,UOP01-DEL04-SC
582554,2024-02-22,quinta-feira,03:57:00,RJ,116,63,TERESOPOLIS,Demais Fenômenos da natureza,Colisão com objeto,Com Vítimas Feridas,Amanhecer,Crescente,Chuva,Simples,Reta,Sim,2,0,0,2,0,0,2,1,"-22,26074391","-42,92305911",SPRF-RJ,DEL04-RJ,UOP01-DEL04-RJ
582555,2024-01-05,sexta-feira,17:45:00,BA,101,348,TEOLANDIA,Problema com o freio,Colisão traseira,Com Vítimas Feridas,Anoitecer,Decrescente,Céu Claro,Simples,Ponte,Sim,2,0,0,1,0,1,1,2,"-13,602871","-39,493057",SPRF-BA,DEL05-BA,UOP03-DEL05-BA
582557,2024-02-14,quarta-feira,21:00:00,PE,428,98,SANTA MARIA DA BOA VISTA,Ultrapassagem Indevida,Saída de leito carroçável,Com Vítimas Feridas,Plena Noite,Decrescente,Céu Claro,Simples,Reta,Não,3,0,1,0,0,2,1,3,"-8,82848588","-39,94244307",SPRF-PE,DEL06-PE,UOP03-DEL06-PE
582566,2024-02-22,quinta-feira,11:17:00,PR,476,"130,5",CURITIBA,Faixas de trânsito com largura insuficiente,Colisão com objeto,Sem Vítimas,Pleno dia,Crescente,Céu Claro,Múltipla,Interseção de Vias,Sim,2,0,0,0,1,1,0,2,"-25,45294992","-49,24369991",SPRF-PR,DEL01-PR,UOP01-DEL01-PR
582567,2024-02-22,quinta-feira,10:43:00,ES,101,205,JOAO NEIVA,Acumulo de água sobre o pavimento,Colisão lateral sentido oposto,Com Vítimas Feridas,Pleno dia,Crescente,Chuva,Simples,Declive;Reta,Sim,4,0,2,0,1,1,2,3,"-19,75823196","-40,3795009",SPRF-ES,DEL02-ES,UOP01-DEL02-ES
582568,2024-02-22,quinta-feira,10:40:00,SP,116,157,SAO JOSE DOS CAMPOS,Carga excessiva e/ou mal acondicionada,Derramamento de carga,Com Vítimas Feridas,Pleno dia,Decrescente,Sol,Dupla,Reta,Sim,2,0,1,0,1,0,1,1,"-23,25558031","-45,9437828",SPRF-SP,DEL02-SP,UOP01-DEL02-SP
582569,2024-02-22,quinta-feira,08:00:00,PR,376,602,CURITIBA,Ingestão de álcool pelo condutor,Engavetamento,Com Vítimas Feridas,Pleno dia,Decrescente,Nublado,Dupla,Reta,Não,6,0,4,0,2,0,4,4,"-25,54329052","-49,30719981",SPRF-PR,DEL01-PR,UOP06-DEL01-PR
582572,2024-02-22,quinta-feira,11:30:00,SP,116,388,MIRACATU,Condutor deixou de manter distância do veículo da frente,Colisão traseira,Sem Vítimas,Pleno dia,Decrescente,Céu Claro,Dupla,Reta,Não,2,0,0,0,2,0,0,2,"-24,26919492","-47,39740603",SPRF-SP,DEL04-SP,UOP02-DEL04-SP
582577,2024-02-22,quinta-feira,09:50:00,SP,116,542,BARRA DO TURVO,Frear bruscamente,Derramamento de carga,Sem Vítimas,Pleno dia,Crescente,Nublado,Dupla,Reta,Não,3,0,0,0,1,2,0,3,"-24,96898395","-48,40753695",SPRF-SP,DEL05-SP,UOP02-DEL05-SP
582578,2024-02-22,quinta-feira,12:00:00,ES,262,"45,7",DOMINGOS MARTINS,Acessar a via sem observar a presença dos outros veículos,Atropelamento de Pedestre,Com Vítimas Feridas,Pleno dia,Decrescente,Chuva,Simples,Reta,Sim,3,0,0,1,1,1,1,3,"-20,39769215","-40,67180229",SPRF-ES,DEL01-ES,UOP01-DEL01-ES
582580,2024-02-22,quinta-feira,11:05:00,MT,174,293,PONTES E LACERDA,Conversão proibida,Colisão transversal,Com Vítimas Feridas,Pleno dia,Crescente,Céu Claro,Simples,Reta,Não,5,0,1,0,3,1,1,3,"-15,18889293","-59,32384877",SPRF-MT,DEL04-MT,UOP01-DEL04-MT
582582,2024-02-22,quinta-feira,10:35:00,RS,471,"591,2",SANTA VITORIA DO PALMAR,Animais na Pista,Saída de leito carroçável,Com Vítimas Feridas,Pleno dia,Crescente,Nublado,Simples,Curva,Não,3,0,2,0,0,1,2,2,"-33,122612","-52,94001",SPRF-RS,DEL07-RS,UOP04-DEL07-RS
582584,2024-02-22,quinta-feira,10:00:00,SC,101,"100,5",BALNEARIO PICARRAS,Trafegar com motocicleta (ou similar) entre as faixas,Colisão lateral mesmo sentido,Com Vítimas Feridas,Pleno dia,Crescente,Céu Claro,Dupla,Reta,Sim,3,0,0,1,1,2,1,4,"-26,75482787","-48,68993675",SPRF-SC,DEL03-SC,UOP02-DEL03-SC
582585,2024-02-22,quinta-feira,13:00:00,ES,101,"304,6",VIANA,Chuva,Colisão traseira,Com Vítimas Feridas,Pleno dia,Decrescente,Chuva,Dupla,Reta,Sim,5,0,1,0,3,1,1,4,"-20,3800645","-40,45431391",SPRF-ES,DEL01-ES,UOP01-DEL01-ES
582586,2024-02-22,quinta-feira,05:40:00,PR,376,"321,6",ORTIGUEIRA,Neblina,Colisão lateral sentido oposto,Com Vítimas Feridas,Amanhecer,Crescente,Nevoeiro/Neblina,Simples,Declive,Não,10,0,4,0,5,1,4,5,"-24,06054304","-51,06239611",SPRF-PR,DEL07-PR,UOP02-DEL07-PR
582589,2024-02-22,quinta-feira,07:50:00,MG,251,"473,9",FRANCISCO SA,Velocidade Incompatível,Saída de leito carroçável,Com Vítimas Feridas,Pleno dia,Crescente,Chuva,Simples,Curva;Declive,Não,2,0,1,0,0,2,1,3,"-16,471274","-43,425573",SPRF-MG,DEL12-MG,UOP01-DEL12-MG
582592,2024-02-22,quinta-feira,12:15:00,PE,101,"93,2",JABOATAO DOS GUARARAPES,Demais falhas mecânicas ou elétricas,Colisão com objeto,Com Vítimas Feridas,Pleno dia,Crescente,Céu Claro,Dupla,Reta,Não,2,0,1,0,0,1,1,2,"-8,2396419","-35,00335418",SPRF-PE,DEL01-PE,UOP01-DEL01-PE
582604,2024-02-22,quinta-feira,07:15:00,BA,116,289,TUCANO,Reação tardia ou ineficiente do condutor,Tombamento,Sem Vítimas,Pleno dia,Crescente,Céu Claro,Simples,Reta,Não,2,0,0,0,1,1,0,2,"-11,08304404","-38,83481719",SPRF-BA,DEL02-BA,UOP01-DEL02-BA
582605,2024-02-22,quinta-feira,13:57:00,MG,381,"924,3",CAMANDUCAIA,Ausência de reação do condutor,Colisão com objeto,Com Vítimas Feridas,Pleno dia,Crescente,Chuva,Dupla,Curva,Não,2,0,2,0,0,0,2,1,"-22,76478516","-46,1724472",SPRF-MG,DEL16-MG,UOP03-DEL16-MG
582615,2024-02-22,quinta-feira,13:00:00,MG,40,205,JOAO PINHEIRO,Acumulo de água sobre o pavimento,Colisão lateral sentido oposto,Com Vítimas Feridas,Pleno dia,Decrescente,Chuva,Simples,Declive;Curva,Não,2,0,1,0,1,0,1,2,"-17,99237393","-45,77319798",SPRF-MG,DEL14-MG,UOP02-DEL14-MG
582618,2024-02-22,quinta-feira,15:40:00,RS,101,72,OSORIO,Carga excessiva e/ou mal acondicionada,Tombamento,Com Vítimas Feridas,Pleno dia,Crescente,Nublado,Dupla,Reta,Sim,3,0,0,2,0,1,2,2,"-29,7653103","-50,21740458",SPRF-RS,DEL03-RS,UOP01-DEL03-RS
582619,2024-02-22,quinta-feira,10:35:00,MT,163,1109,GUARANTA DO NORTE,Ausência de reação do condutor,Tombamento,Com Vítimas Feridas,Pleno dia,Crescente,Garoa/Chuvisco,Simples,Declive;Curva,Não,2,0,1,0,0,2,1,3,"-9,603918","-54,882755",SPRF-MT,DEL06-MT,UOP03-DEL06-MT
582620,2024-02-22,quinta-feira,13:29:00,GO,153,325,RIANAPOLIS,Reação tardia ou ineficiente do condutor,Saída de leito carroçável,Sem Vítimas,Pleno dia,Decrescente,Chuva,Simples,Aclive;Reta,Não,1,0,0,0,1,0,0,1,"-15,490137","-49,490105",SPRF-GO,DEL02-GO,UOP02-DEL02-GO
582621,2024-02-22,quinta-feira,14:35:00,PR,277,110,CAMPO LARGO,Transitar no Acostamento,Colisão lateral mesmo sentido,Sem Vítimas,Pleno dia,Decrescente,Céu Claro,Dupla,Reta;Desvio Temporário,Não,4,0,0,0,3,2,0,4,"-25,44356708","-49,46271661",SPRF-PR,DEL03-PR,UOP03-DEL03-PR
582625,2024-02-22,quinta-feira,16:50:00,RJ,101,59,CAMPOS DOS GOYTACAZES,Acessar a via sem observar a presença dos outros veículos,Colisão transversal,Com Vítimas Feridas,Pleno dia,Crescente,Nublado,Simples,Reta,Sim,3,0,1,0,1,1,1,3,"-21,717205","-41,310927",SPRF-RJ,DEL08-RJ,UOP01-DEL08-RJ