id,data_inversa,dia_semana,horario,uf,br,km,municipio,causa_acidente,tipo_acidente,classificacao_acidente,fase_dia,sentido_via,condicao_metereologica,tipo_pista,tracado_via,uso_solo,pessoas,mortos,feridos_leves,feridos_graves,ilesos,ignorados,feridos,veiculos,latitude,longitude,regional,delegacia,uop
582632,2024-02-22,quinta-feira,17:30:00,MA,135,7,SAO LUIS,Reação tardia ou ineficiente do condutor,Engavetamento,Com Vítimas Feridas,Anoitecer,Decrescente,Chuva,Dupla,Reta,Sim,4,0,1,0,3,0,1,4,"-2,64165428","-44,27221003",SPRF-MA,DEL01-MA,UOP01-DEL01-MA
582634,2024-02-22,quinta-feira,17:45:00,RS,392,349,SANTA MARIA,Demais falhas mecânicas ou elétricas,Eventos atípicos,Com Vítimas Feridas,Pleno dia,Crescente,Céu Claro,Dupla,Rotatória,Sim,3,0,0,1,2,0,1,1,"-29,74276702","-53,79342377",SPRF-RS,DEL09-RS,UOP01-DEL09-RS
582638,2024-02-22,quinta-feira,14:00:00,MT,158,"522,5",CANARANA,Manobra de mudança de faixa,Capotamento,Com Vítimas Feridas,Pleno dia,Decrescente,Céu Claro,Simples,Reta;Declive,Não,5,0,2,0,3,0,2,2,"-13,68549714","-52,01466971",SPRF-MT,DEL07-MT,UOP02-DEL07-MT
582645,2024-02-22,quinta-feira,18:15:00,MG,40,441,PARAOPEBA,Ausência de reação do condutor,Colisão traseira,Com Vítimas Feridas,Amanhecer,Decrescente,Céu Claro,Dupla,Reta;Aclive,Não,3,0,2,0,1,0,2,2,"-19,23100428","-44,43562244",SPRF-MG,DEL02-MG,UOP01-DEL02-MG
582654,2024-02-22,quinta-feira,19:40:00,ES,101,"295,4",CARIACICA,Condutor deixou de manter distância do veículo da frente,Colisão frontal,Com Vítimas Feridas,Plena Noite,Decrescente,Chuva,Múltipla,Reta,Sim,2,0,0,1,1,0,1,2,"-20,33223667","-40,40004683",SPRF-ES,DEL01-ES,UOP01-DEL01-ES
582655,2024-02-22,quinta-feira,16:30:00,PR,163,"32,8",SANTO ANTONIO DO SUDOESTE,Ausência de reação do condutor,Colisão traseira,Com Vítimas Feridas,Pleno dia,Crescente,Céu Claro,Simples,Declive,Não,5,0,5,0,0,0,5,2,"-26,084465","-53,716074",SPRF-PR,DEL02-PR,UOP02-DEL02-PR
582657,2024-02-22,quinta-feira,18:15:00,SC,470,"97,1",APIUNA,Acessar a via sem observar a presença dos outros veículos,Colisão transversal,Com Vítimas Feridas,Anoitecer,Crescente,Nevoeiro/Neblina,Simples,Interseção de Vias;Reta,Sim,6,0,3,1,1,1,4,3,"-27,026621","-49,378124",SPRF-SC,DEL04-SC,UOP01-DEL04-SC
582659,2024-02-22,quinta-feira,18:30:00,BA,101,"24,5",ESPLANADA,Sinalização mal posicionada,Saída de leito carroçável,Com Vítimas Fatais,Plena Noite,Decrescente,Nublado,Simples,Ponte;Em Obras;Curva;Declive;Desvio Temporário,Não,4,2,1,0,0,1,1,2,"-11,69014259","-37,90171087",SPRF-SE,DEL02-SE,UOP03-DEL02-SE
582662,2024-02-22,quinta-feira,13:15:00,RS,472,477,ITAQUI,Demais falhas mecânicas ou elétricas,Colisão com objeto,Sem Vítimas,Pleno dia,Crescente,Céu Claro,Simples,Ponte;Reta,Não,2,0,0,0,2,0,0,1,"-29,1689506","-56,47556305",SPRF-RS,DEL12-RS,UOP01-DEL12-RS
582663,2024-02-22,quinta-feira,20:00:00,SP,116,137,SAO JOSE DOS CAMPOS,Reação tardia ou ineficiente do condutor,Engavetamento,Com Vítimas Fatais,Plena Noite,Crescente,Céu Claro,Dupla,Reta,Não,6,1,4,0,0,1,4,4,"-23,15300766","-45,78709317",SPRF-SP,DEL02-SP,UOP01-DEL02-SP
582664,2024-02-18,domingo,22:00:00,MS,163,"640,6",SAO GABRIEL DO OESTE,Ausência de reação do condutor,Colisão com objeto,Com Vítimas Feridas,Plena Noite,Decrescente,Nevoeiro/Neblina,Dupla,Reta,Não,2,0,1,0,0,1,1,2,"-19,22599698","-54,70786699",SPRF-MS,DEL06-MS,UOP02-DEL06-MS
582665,2024-02-22,quinta-feira,19:55:00,SP,116,432,REGISTRO,Ausência de reação do condutor,Colisão traseira,Com Vítimas Feridas,Plena Noite,Crescente,Chuva,Dupla,Reta,Não,8,0,1,0,6,3,1,7,"-24,416593","-47,76187",SPRF-SP,DEL05-SP,UOP01-DEL05-SP
582673,2024-02-22,quinta-feira,20:00:00,MS,267,"27,2",BATAGUASSU,Pedestre andava na pista,Atropelamento de Pedestre,Com Vítimas Feridas,Plena Noite,Crescente,Céu Claro,Simples,Reta,Não,2,0,0,1,1,0,1,2,"-21,72293","-52,398218",SPRF-MS,DEL02-MS,UOP04-DEL02-MS
582675,2024-02-22,quinta-feira,20:45:00,RS,386,"29,8",FREDERICO WESTPHALEN,Demais falhas mecânicas ou elétricas,Colisão com objeto,Com Vítimas Feridas,Plena Noite,Crescente,Céu Claro,Simples,Reta,Sim,3,0,0,1,1,2,1,4,"-27,318573","-53,375618",SPRF-RS,DEL08-RS,UOP02-DEL08-RS
582678,2024-02-22,quinta-feira,14:15:00,PA,163,513,ITAITUBA,Reação tardia ou ineficiente do condutor,Tombamento,Sem Vítimas,Pleno dia,Crescente,Céu Claro,Simples,Curva,Não,5,0,0,0,1,4,0,3,"-5,41042998","-55,88634589",SPRF-PA,DEL05-PA,UOP02-DEL05-PA
582681,2024-02-22,quinta-feira,08:30:00,BA,101,129,TEODORO SAMPAIO,Demais falhas mecânicas ou elétricas,Incêndio,Sem Vítimas,Pleno dia,Crescente,Céu Claro,Simples,Reta,Não,2,0,0,0,1,1,0,2,"-12,21503896","-38,61801714",SPRF-BA,DEL01-BA,UOP04-DEL01-BA
582686,2024-02-22,quinta-feira,22:00:00,SC,101,"98,5",BALNEARIO PICARRAS,Pedestre cruzava a pista fora da faixa,Atropelamento de Pedestre,Com Vítimas Fatais,Plena Noite,Crescente,Chuva,Dupla,Curva,Não,4,1,0,0,1,2,0,3,"-26,746573","-48,696797",SPRF-SC,DEL03-SC,UOP02-DEL03-SC
582689,2024-02-22,quinta-feira,20:30:00,BA,242,352,LENCOIS,Velocidade Incompatível,Tombamento,Com Vítimas Feridas,Plena Noite,Decrescente,Nublado,Simples,Declive;Curva,Não,2,0,1,1,0,0,2,1,"-12,49857081","-41,33159186",SPRF-BA,DEL06-BA,UOP01-DEL06-BA
582691,2024-02-23,sexta-feira,00:05:00,MG,50,188,UBERABA,Condutor Dormindo,Colisão traseira,Com Vítimas Feridas,Plena Noite,Decrescente,Céu Claro,Dupla,Aclive;Reta,Não,4,0,0,1,2,1,1,3,"-19,84070819","-47,87993327",SPRF-MG,DEL13-MG,UOP01-DEL13-MG
582692,2024-02-23,sexta-feira,00:50:00,RS,470,"189,3",VERANOPOLIS,Reação tardia ou ineficiente do condutor,Colisão traseira,Com Vítimas Feridas,Plena Noite,Crescente,Nublado,Simples,Aclive;Reta,Não,7,0,1,0,4,2,1,3,"-29,01620401","-51,56173297",SPRF-RS,DEL06-RS,UOP02-DEL06-RS
582697,2024-02-23,sexta-feira,01:20:00,MA,222,675,ACAILANDIA,Ingestão de álcool pelo condutor,Colisão transversal,Com Vítimas Feridas,Plena Noite,Crescente,Garoa/Chuvisco,Simples,Reta,Sim,3,0,1,0,1,1,1,3,"-4,93859094","-47,46131504",SPRF-MA,DEL04-MA,UOP03-DEL04-MA
582698,2024-02-23,sexta-feira,03:20:00,ES,101,"210,5",IBIRACU,Ingestão de álcool pelo condutor,Colisão frontal,Com Vítimas Feridas,Plena Noite,Decrescente,Nublado,Simples,Aclive;Reta,Não,2,0,1,0,1,0,1,2,"-19,79987326","-40,36672073",SPRF-ES,DEL02-ES,UOP01-DEL02-ES
582700,2024-02-23,sexta-feira,03:55:00,SP,116,478,JACUPIRANGA,Suicídio (presumido),Atropelamento de Pedestre,Com Vítimas Fatais,Plena Noite,Crescente,Garoa/Chuvisco,Dupla,Reta,Sim,3,1,0,0,1,1,0,2,"-24,70388258","-48,01063531",SPRF-SP,DEL05-SP,UOP01-DEL05-SP
582704,2024-02-23,sexta-feira,02:50:00,CE,222,"102,5",UMIRIM,Velocidade Incompatível,Capotamento,Com Vítimas Feridas,Plena Noite,Decrescente,Chuva,Simples,Curva,Sim,2,0,0,2,0,0,2,1,"-3,73749744","-39,43418968",SPRF-CE,DEL04-CE,UOP03-DEL04-CE
582708,2024-02-23,sexta-feira,05:42:00,TO,153,356,FORTALEZA DO TABOCAO,Transitar na contramão,Colisão lateral sentido oposto,Com Vítimas Feridas,Amanhecer,Decrescente,Céu Claro,Simples,Reta,Sim,4,0,0,1,2,3,1,5,"-9,03156989","-48,5054722",SPRF-TO,DEL02-TO,UOP02-DEL02-TO
582712,2024-02-15,quinta-feira,20:50:00,AL,101,121,PILAR,Demais falhas na via,Tombamento,Com Vítimas Feridas,Plena Noite,Decrescente,Céu Claro,Simples,Aclive,Não,2,0,0,1,0,1,1,2,"-9,68903191","-36,03448792",SPRF-AL,DEL02-AL,UOP01-DEL02-AL
582716,2024-02-23,sexta-feira,06:45:00,PB,230,332,PATOS,Ausência de reação do condutor,Tombamento,Com Vítimas Feridas,Pleno dia,Decrescente,Céu Claro,Simples,Reta,Não,3,0,0,1,2,0,1,2,"-7,0203","-37,2403",SPRF-PB,DEL03-PB,UOP01-DEL03-PB
582726,2024-02-23,sexta-feira,06:45:00,SC,470,233,SAO CRISTOVAO DO SUL,Ausência de reação do condutor,Tombamento,Com Vítimas Feridas,Pleno dia,Crescente,Nublado,Simples,Curva;Interseção de Vias;Rotatória,Não,1,0,1,0,0,0,1,1,"-27,30112578","-50,42602301",SPRF-SC,DEL05-SC,UOP03-DEL05-SC
582729,2024-02-17,sábado,00:20:00,MS,163,"190,3",JUTI,Reação tardia ou ineficiente do condutor,Tombamento,Com Vítimas Feridas,Plena Noite,Crescente,Céu Claro,Simples,Declive;Reta,Não,5,0,1,0,3,2,1,4,"-22,78094948","-54,76309061",SPRF-MS,DEL09-MS,UOP01-DEL09-MS
582730,2024-02-23,sexta-feira,06:40:00,RO,364,427,JARU,Reação tardia ou ineficiente do condutor,Colisão traseira,Com Vítimas Feridas,Pleno dia,Crescente,Nublado,Simples,Reta,Sim,5,0,1,0,4,0,1,3,"-10,42731312","-62,48745208",SPRF-RO,DEL03-RO,UOP02-DEL03-RO
582734,2024-02-09,sexta-feira,02:20:00,MA,316,546,CAXIAS,Condutor Dormindo,Colisão frontal,Com Vítimas Feridas,Plena Noite,Decrescente,Chuva,Simples,Reta,Não,3,0,1,1,0,2,2,4,"-4,875501","-43,395222",SPRF-MA,DEL03-MA,UOP02-DEL03-MA
582737,2024-02-23,sexta-feira,09:00:00,GO,50,"147,5",IPAMERI,Acessar a via sem observar a presença dos outros veículos,Colisão traseira,Com Vítimas Fatais,Pleno dia,Decrescente,Garoa/Chuvisco,Dupla,Reta,Não,3,1,0,0,1,1,0,3,"-17,1482","-47,7229",SPRF-GO,DEL06-GO,UOP01-DEL06-GO
582739,2024-02-23,sexta-feira,09:30:00,DF,70,"4,3",BRASILIA,Acessar a via sem observar a presença dos outros veículos,Colisão lateral mesmo sentido,Com Vítimas Feridas,Pleno dia,Crescente,Nublado,Múltipla,Reta,Não,3,0,2,0,1,0,2,2,"-15,798115","-48,089317",SPRF-DF,DEL03-DF,UOP02-DEL03-DF
582740,2024-02-11,domingo,13:20:00,MS,463,22,DOURADOS,Mal súbito do condutor,Colisão com objeto,Com Vítimas Feridas,Pleno dia,Decrescente,Céu Claro,Simples,Declive;Reta,Não,2,0,1,0,0,1,1,2,"-22,26975269","-55,00053321",SPRF-MS,DEL04-MS,UOP03-DEL04-MS
582741,2024-02-23,sexta-feira,08:00:00,PA,230,121,MARABA,Suicídio (presumido),Atropelamento de Pedestre,Com Vítimas Feridas,Pleno dia,Crescente,Céu Claro,Dupla,Reta,Sim,3,0,0,1,1,2,1,4,"-5,35297407","-49,12143673",SPRF-PA,DEL03-PA,UOP01-DEL03-PA
582744,2024-02-23,sexta-feira,08:00:00,SP,116,"162,2",JACAREI,Reação tardia ou ineficiente do condutor,Colisão lateral mesmo sentido,Com Vítimas Feridas,Pleno dia,Decrescente,Nublado,Dupla,Reta,Sim,2,0,1,0,1,0,1,2,"-23,28133317","-45,98394689",SPRF-SP,DEL02-SP,UOP01-DEL02-SP
582745,2024-02-23,sexta-feira,08:20:00,PR,277,1,PARANAGUA,Demais falhas mecânicas ou elétricas,Incêndio,Sem Vítimas,Pleno dia,Crescente,Céu Claro,Dupla,Reta,Sim,2,0,0,0,1,1,0,2,"-25,55503877","-48,55801463",SPRF-PR,DEL01-PR,UOP05-DEL01-PR
582758,2024-02-23,sexta-feira,11:20:00,SP,116,216,GUARULHOS,Reação tardia ou ineficiente do condutor,Colisão lateral mesmo sentido,Com Vítimas Feridas,Pleno dia,Decrescente,Céu Claro,Múltipla,Reta,Sim,3,0,1,0,2,0,1,3,"-23,45056589","-46,46258105",SPRF-SP,DEL01-SP,UOP01-DEL01-SP
582759,2024-01-26,sexta-feira,15:50:00,BA,116,818,VITORIA DA CONQUISTA,Demais falhas mecânicas ou elétricas,Colisão traseira,Com Vítimas Feridas,Pleno dia,Decrescente,Nublado,Simples,Reta,Sim,5,0,1,0,3,2,1,6,"-14,82641487","-40,82399368",SPRF-BA,DEL08-BA,UOP01-DEL08-BA
582762,2024-02-23,sexta-feira,10:30:00,CE,222,"220,5",SOBRAL,Desrespeitar a preferência no cruzamento,Colisão transversal,Com Vítimas Feridas,Pleno dia,Crescente,Nublado,Simples,Curva,Sim,4,0,0,1,1,4,1,6,"-3,73488299","-40,31795598",SPRF-CE,DEL04-CE,UOP01-DEL04-CE
582765,2024-02-23,sexta-feira,11:10:00,PR,476,"195,8",LAPA,Ausência de reação do condutor,Colisão traseira,Com Vítimas Feridas,Pleno dia,Crescente,Céu Claro,Simples,Reta,Não,3,0,1,1,1,0,2,2,"-25,746958","-49,718353",SPRF-PR,DEL01-PR,UOP06-DEL01-PR
582766,2024-02-14,quarta-feira,08:40:00,RJ,116,"130,9",MAGE,Reação tardia ou ineficiente do condutor,Saída de leito carroçável,Com Vítimas Fatais,Pleno dia,Crescente,Céu Claro,Dupla,Reta,Não,3,1,2,0,0,0,2,1,"-22,65949914","-43,11671944",SPRF-RJ,DEL04-RJ,UOP02-DEL04-RJ
582767,2024-02-23,sexta-feira,10:00:00,MT,364,358,SANTO ANTONIO DO LEVERGER,Reação tardia ou ineficiente do condutor,Tombamento,Sem Vítimas,Pleno dia,Decrescente,Céu Claro,Dupla,Curva;Declive,Não,2,0,0,0,1,3,0,4,"-15,77787608","-55,6140231",SPRF-MT,DEL05-MT,UOP02-DEL05-MT
582768,2024-02-23,sexta-feira,12:20:00,SC,282,"523,7",XAXIM,Ausência de reação do condutor,Colisão lateral sentido oposto,Com Vítimas Feridas,Pleno dia,Crescente,Céu Claro,Simples,Curva,Não,3,0,1,0,1,1,1,3,"-26,963129","-52,548851",SPRF-SC,DEL07-SC,UOP01-DEL07-SC
582769,2024-02-23,sexta-feira,12:15:00,SC,101,"13,1",GARUVA,Condutor deixou de manter distância do veículo da frente,Colisão traseira,Com Vítimas Feridas,Pleno dia,Decrescente,Sol,Dupla,Aclive;Reta,Não,6,0,2,0,3,1,2,3,"-26,08986803","-48,86345096",SPRF-SC,DEL03-SC,UOP01-DEL03-SC
582775,2024-02-23,sexta-feira,07:20:00,ES,262,170,IBATIBA,Velocidade Incompatível,Saída de leito carroçável,Sem Vítimas,Amanhecer,Crescente,Chuva,Simples,Curva,Não,1,0,0,0,1,0,0,1,"-20,2647513","-41,58453796",SPRF-ES,DEL01-ES,UOP02-DEL01-ES
582783,2024-02-23,sexta-feira,13:00:00,MG,40,"616,7",CONGONHAS,Condutor deixou de manter distância do veículo da frente,Colisão traseira,Com Vítimas Feridas,Pleno dia,Crescente,Nublado,Simples,Reta,Sim,3,0,2,0,1,0,2,3,"-20,55385774","-43,81437066",SPRF-MG,DEL05-MG,UOP02-DEL05-MG
582785,2024-02-23,sexta-feira,14:00:00,SP,116,228,GUARULHOS,Acessar a via sem observar a presença dos outros veículos,Colisão lateral mesmo sentido,Com Vítimas Feridas,Pleno dia,Decrescente,Céu Claro,Múltipla,Interseção de Vias;Reta,Sim,3,0,1,0,1,1,1,3,"-23,50343484","-46,56638712",SPRF-SP,DEL01-SP,UOP01-DEL01-SP
582786,2024-02-15,quinta-feira,16:05:00,MG,262,"172,2",COMENDADOR GOMES,Condutor deixou de manter distância do veículo da frente,Colisão traseira,Com Vítimas Feridas,Pleno dia,Crescente,Céu Claro,Dupla,Reta;Retorno Regulamentado,Não,3,0,1,0,1,4,1,6,"-19,730344","-48,973466",SPRF-MG,DEL03-MG,UOP01-DEL03-MG
582790,2024-02-23,sexta-feira,13:15:00,PR,277,"35,3",MORRETES,Demais falhas mecânicas ou elétricas,Colisão traseira,Com Vítimas Feridas,Pleno dia,Decrescente,Céu Claro,Dupla,Curva;Declive,Sim,3,0,0,1,1,3,1,5,"-25,57428871","-48,82915646",SPRF-PR,DEL01-PR,UOP05-DEL01-PR
582795,2024-02-23,sexta-feira,11:50:00,SC,285,38,TIMBE DO SUL,Conversão proibida,Colisão transversal,Com Vítimas Feridas,Pleno dia,Decrescente,Céu Claro,Simples,Reta,Sim,2,0,1,0,1,0,1,2,"-28,87667248","-49,75661467",SPRF-SC,DEL02-SC,UOP02-DEL02-SC
582796,2024-02-23,sexta-feira,14:00:00,PR,272,"392,8",FAROL,Ingestão de álcool pelo condutor,Colisão transversal,Com Vítimas Feridas,Pleno dia,Crescente,Céu Claro,Simples,Interseção de Vias,Não,3,0,1,0,1,2,1,4,"-24,0901522","-52,62329389",SPRF-PR,DEL09-PR,UOP03-DEL09-PR
582806,2024-02-23,sexta-feira,15:10:00,SP,153,"31,5",NOVA GRANADA,Conversão proibida,Colisão transversal,Com Vítimas Fatais,Pleno dia,Crescente,Nublado,Simples,Reta;Declive,Sim,4,2,0,0,2,0,0,2,"-20,54746171","-49,32959617",SPRF-SP,DEL09-SP,UOP01-DEL09-SP
582812,2024-02-16,sexta-feira,02:50:00,MS,163,608,SAO GABRIEL DO OESTE,Demais falhas mecânicas ou elétricas,Tombamento,Com Vítimas Feridas,Plena Noite,Decrescente,Céu Claro,Simples,Reta,Não,7,0,0,2,4,3,2,6,"-19,44771302","-54,52451902",SPRF-MS,DEL06-MS,UOP02-DEL06-MS
582813,2024-02-23,sexta-feira,16:00:00,ES,101,264,SERRA,Ausência de reação do condutor,Engavetamento,Com Vítimas Feridas,Pleno dia,Crescente,Céu Claro,Múltipla,Reta,Sim,4,0,1,0,3,0,1,4,"-20,17292791","-40,26736384",SPRF-ES,DEL02-ES,UOP01-DEL02-ES
582814,2024-02-23,sexta-feira,14:25:00,RS,285,295,PASSO FUNDO,Desrespeitar a preferência no cruzamento,Colisão transversal,Com Vítimas Feridas,Pleno dia,Decrescente,Céu Claro,Simples,Reta;Interseção de Vias,Sim,4,0,1,0,2,1,1,4,"-28,231071","-52,394299",SPRF-RS,DEL08-RS,UOP03-DEL08-RS
582817,2024-02-23,sexta-feira,05:00:00,RO,364,988,PORTO VELHO,Transitar no Acostamento,Atropelamento de Pedestre,Com Vítimas Feridas,Amanhecer,Crescente,Nublado,Simples,Reta,Não,4,0,2,0,2,0,2,3,"-9,68140135","-65,88669298",SPRF-RO,DEL01-RO,UOP03-DEL01-RO
582818,2024-02-23,sexta-feira,12:20:00,RS,290,"165,5",BUTIA,Reação tardia ou ineficiente do condutor,Saída de leito carroçável,Com Vítimas Feridas,Pleno dia,Crescente,Sol,Simples,Reta,Não,1,0,1,0,0,0,1,1,"-30,120655","-51,858463",SPRF-RS,DEL02-RS,UOP03-DEL02-RS
582819,2024-02-23,sexta-feira,14:55:00,PE,232,"73,6",GRAVATA,Manobra de mudança de faixa,Colisão lateral mesmo sentido,Sem Vítimas,Pleno dia,Decrescente,Céu Claro,Dupla,Aclive;Reta,Sim,4,0,0,0,3,2,0,4,"-8,193337","-35,514858",SPRF-PE,DEL02-PE,UOP02-DEL02PE
582824,2024-02-23,sexta-feira,10:10:00,PA,163,493,ITAITUBA,Pista esburacada,Colisão lateral sentido oposto,Sem Vítimas,Pleno dia,Decrescente,Céu Claro,Simples,Reta,Não,3,0,0,0,2,5,0,7,"-5,561766","-55,82100898",SPRF-PA,DEL05-PA,UOP02-DEL05-PA
582825,2024-02-23,sexta-feira,16:18:00,PE,101,46,IGARASSU,Acessar a via sem observar a presença dos outros veículos,Colisão traseira,Sem Vítimas,Pleno dia,Crescente,Céu Claro,Múltipla,Reta,Sim,4,0,0,0,1,3,0,2,"-7,87406004","-34,90588126",SPRF-PE,DEL01-PE,UOP02-DEL01-PE
582834,2024-02-23,sexta-feira,17:30:00,SP,381,38,ATIBAIA,Chuva,Colisão traseira,Com Vítimas Fatais,Anoitecer,Decrescente,Chuva,Dupla,Reta;Aclive,Sim,2,1,0,0,0,1,0,2,"-23,1133221","-46,57174974",SPRF-SP,DEL03-SP,UOP01-DEL03-SP
582837,2024-02-23,sexta-feira,18:15:00,SC,101,"202,2",SAO JOSE,Condutor deixou de manter distância do veículo da frente,Colisão traseira,Com Vítimas Feridas,Pleno dia,Crescente,Céu Claro,Múltipla,Reta,Sim,3,0,1,0,2,0,1,2,"-27,55711595","-48,61897889",SPRF-SC,DEL01-SC,UOP01-DEL01-SC
582841,2024-02-23,sexta-feira,18:30:00,MA,10,227,GOVERNADOR EDISON LOBAO,Ausência de reação do condutor,Colisão lateral mesmo sentido,Com Vítimas Fatais,Plena Noite,Decrescente,Garoa/Chuvisco,Dupla,Reta,Não,4,1,0,1,1,1,1,3,"-5,717922","-47,360086",SPRF-MA,DEL04-MA,UOP01-DEL04-MA
582849,2024-02-23,sexta-feira,18:50:00,BA,116,429,FEIRA DE SANTANA,Carga excessiva e/ou mal acondicionada,Colisão com objeto,Sem Vítimas,Plena Noite,Decrescente,Nublado,Múltipla,Reta,Não,2,0,0,0,1,1,0,2,"-12,28852321","-39,01044938",SPRF-BA,DEL02-BA,UOP01-DEL02-BA
582851,2024-02-23,sexta-feira,17:58:00,RS,386,"49,3",SEBERI,Manobra de mudança de faixa,Colisão frontal,Com Vítimas Feridas,Pleno dia,Decrescente,Céu Claro,Simples,Reta,Sim,2,0,0,1,1,0,1,2,"-27,482555","-53,392845",SPRF-RS,DEL08-RS,UOP02-DEL08-RS
582860,2024-02-23,sexta-feira,20:00:00,RS,290,100,PORTO ALEGRE,Estacionar ou parar em local proibido,Colisão traseira,Com Vítimas Feridas,Plena Noite,Decrescente,Céu Claro,Dupla,Reta,Sim,5,0,2,0,2,1,2,3,"-29,988646","-51,236553",SPRF-RS,DEL01-RS,UOP01-DEL01-RS
582864,2024-02-23,sexta-feira,16:30:00,PB,116,11,CACHOEIRA DOS INDIOS,Acumulo de água sobre o pavimento,Colisão lateral sentido oposto,Com Vítimas Feridas,Pleno dia,Crescente,Chuva,Simples,Curva,Não,3,0,1,1,0,2,2,4,"-6,985178","-38,744354",SPRF-CE,DEL05-CE,UOP03-DEL05-CE
582871,2024-02-23,sexta-feira,15:00:00,MT,364,364,SANTO ANTONIO DO LEVERGER,Manobra de mudança de faixa,Colisão lateral mesmo sentido,Sem Vítimas,Pleno dia,Decrescente,Garoa/Chuvisco,Dupla,Declive,Não,3,0,0,0,2,4,0,6,"-15,76687492","-55,6552047",SPRF-MT,DEL01-MT,UOP02-DEL01-MT
582872,2024-02-23,sexta-feira,14:10:00,MT,70,"513,9",VARZEA GRANDE,Condutor deixou de manter distância do veículo da frente,Colisão traseira,Com Vítimas Feridas,Pleno dia,Crescente,Chuva,Simples,Reta,Não,4,0,1,0,2,2,1,5,"-15,70589","-56,12895",SPRF-MT,DEL01-MT,UOP02-DEL01-MT
582878,2024-02-23,sexta-feira,18:00:00,MG,381,"340,7",BELA VISTA DE MINAS,Reação tardia ou ineficiente do condutor,Colisão traseira,Com Vítimas Feridas,Anoitecer,Decrescente,Céu Claro,Simples,Curva,Não,3,0,1,0,1,1,1,3,"-19,84087497","-43,09635354",SPRF-MG,DEL03-MG,UOP01-DEL03-MG
582886,2024-02-23,sexta-feira,20:50:00,PR,153,"455,2",UNIAO DA VITORIA,Reação tardia ou ineficiente do condutor,Saída de leito carroçável,Com Vítimas Feridas,Plena Noite,Crescente,Chuva,Simples,Reta,Sim,2,0,1,0,0,1,1,2,"-26,19764921","-51,10942841",SPRF-PR,DEL02-PR,UOP03-DEL02-PR
582890,2024-02-23,sexta-feira,20:40:00,RS,101,"5,5",TORRES,Transitar na contramão,Colisão lateral sentido oposto,Sem Vítimas,Plena Noite,Decrescente,Céu Claro,Dupla,Reta,Não,3,0,0,0,2,2,0,4,"-29,34438977","-49,78934169",SPRF-RS,DEL03-RS,UOP02-DEL03-RS
582891,2024-02-23,sexta-feira,23:05:00,GO,153,535,HIDROLANDIA,Desrespeitar a preferência no cruzamento,Colisão lateral mesmo sentido,Com Vítimas Feridas,Plena Noite,Crescente,Nublado,Dupla,Aclive,Não,2,0,1,0,1,0,1,2,"-17,01","-49,2202",SPRF-GO,DEL01-GO,UOP03-DEL01-GO
582898,2024-02-23,sexta-feira,23:30:00,PE,423,"94,7",GARANHUNS,Transitar na contramão,Colisão frontal,Com Vítimas Feridas,Plena Noite,Crescente,Céu Claro,Simples,Reta;Declive,Sim,3,0,0,1,1,1,1,3,"-8,874732","-36,46946",SPRF-PE,DEL03-PE,UOP01-DEL03-PE
582901,2024-02-23,sexta-feira,18:25:00,MT,70,626,POCONE,Condutor deixou de manter distância do veículo da frente,Colisão traseira,Com Vítimas Feridas,Anoitecer,Crescente,Garoa/Chuvisco,Simples,Aclive,Não,7,0,1,0,4,2,1,4,"-15,92950455","-56,91657323",SPRF-MT,DEL03-MT,UOP02-DEL03-MT
582904,2024-02-23,sexta-feira,23:44:00,MG,381,439,SABARA,Ausência de reação do condutor,Colisão com objeto,Com Vítimas Feridas,Plena Noite,Decrescente,Céu Claro,Simples,Curva,Não,2,0,1,0,0,1,1,2,"-19,805454","-43,7619",SPRF-MG,DEL01-MG,UOP01-DEL01-MG
582910,2024-02-24,sábado,01:40:00,RN,304,13,MOSSORO,Demais falhas mecânicas ou elétricas,Incêndio,Sem Vítimas,Plena Noite,Decrescente,Céu Claro,Simples,Reta,Não,2,0,0,0,1,1,0,2,"-4,97960788","-37,3844328",SPRF-RN,DEL04-RN,UOP02-DEL04-RN
582914,2024-02-24,sábado,01:50:00,GO,153,224,HIDROLINA,Transitar na contramão,Colisão lateral sentido oposto,Com Vítimas Feridas,Anoitecer,Crescente,Nublado,Simples,Aclive;Reta,Não,3,0,0,1,2,0,1,3,"-14,718353","-49,230244",SPRF-GO,DEL07-GO,UOP02-DEL07-GO
582915,2024-02-24,sábado,03:15:00,MG,153,"110,8",PRATA,Ausência de reação do condutor,Colisão frontal,Com Vítimas Fatais,Plena Noite,Crescente,Nublado,Simples,Reta;Aclive,Não,2,1,0,0,1,0,0,2,"-19,31459402","-48,90674734",SPRF-MG,DEL15-MG,UOP03-DEL15-MG
582917,2024-02-24,sábado,04:00:00,PR,277,242,FERNANDES PINHEIRO,Transitar na contramão,Colisão frontal,Com Vítimas Fatais,Plena Noite,Crescente,Céu Claro,Simples,Reta,Não,2,1,0,0,1,0,0,2,"-25,46419687","-50,56581801",SPRF-PR,DEL08-PR,UOP02-DEL08-PR