id,data_inversa,dia_semana,horario,uf,br,km,municipio,causa_acidente,tipo_acidente,classificacao_acidente,fase_dia,sentido_via,condicao_metereologica,tipo_pista,tracado_via,uso_solo,pessoas,mortos,feridos_leves,feridos_graves,ilesos,ignorados,feridos,veiculos,latitude,longitude,regional,delegacia,uop
582921,2024-02-24,sábado,04:35:00,SP,116,447,REGISTRO,Ausência de reação do condutor,Colisão transversal,Com Vítimas Feridas,Amanhecer,Decrescente,Nevoeiro/Neblina,Dupla,Reta,Sim,3,0,1,0,1,1,1,3,"-24,51285376","-47,85054871",SPRF-SP,DEL05-SP,UOP01-DEL05-SP
582923,2024-02-24,sábado,04:40:00,MS,163,"469,4",CAMPO GRANDE,Acessar a via sem observar a presença dos outros veículos,Colisão transversal,Com Vítimas Fatais,Plena Noite,Crescente,Céu Claro,Simples,Reta,Não,5,2,0,0,2,2,0,5,"-20,55998503","-54,55711228",SPRF-MS,DEL01-MS,UOP01-DEL01-MS
582926,2024-02-24,sábado,04:15:00,BA,101,885,TEIXEIRA DE FREITAS,Velocidade Incompatível,Saída de leito carroçável,Com Vítimas Feridas,Plena Noite,Decrescente,Nublado,Simples,Declive;Curva,Não,1,0,1,0,0,0,1,1,"-17,6011007","-39,74859238",SPRF-BA,DEL09-BA,UOP02-DEL09-BA
582928,2024-02-24,sábado,06:20:00,MG,153,46,CANAPOLIS,Ausência de reação do condutor,Colisão traseira,Com Vítimas Feridas,Amanhecer,Crescente,Céu Claro,Dupla,Curva;Aclive,Não,2,0,1,0,1,0,1,2,"-18,7877321","-49,08400664",SPRF-MG,DEL15-MG,UOP03-DEL15-MG
582930,2024-02-24,sábado,05:50:00,BA,101,"24,5",ESPLANADA,Ausência de reação do condutor,Saída de leito carroçável,Com Vítimas Fatais,Amanhecer,Crescente,Céu Claro,Dupla,Ponte;Em Obras;Curva;Declive;Desvio Temporário,Não,2,1,0,0,0,2,0,3,"-11,73553002","-37,93456395",SPRF-SE,DEL02-SE,UOP03-DEL02-SE
582932,2024-02-24,sábado,06:00:00,PB,101,"85,2",BAYEUX,Ausência de reação do condutor,Colisão com objeto,Sem Vítimas,Pleno dia,Decrescente,Céu Claro,Dupla,Reta,Sim,1,0,0,0,1,0,0,1,"-7,14538184","-34,91662887",SPRF-PB,DEL01-PB,UOP01-DEL01-PB
582933,2024-02-23,sexta-feira,21:15:00,PR,376,668,GUARATUBA,Problema com o freio,Tombamento,Com Vítimas Feridas,Plena Noite,Crescente,Céu Claro,Dupla,Curva;Declive,Não,2,0,0,1,0,2,1,3,"-25,864159","-48,937538",SPRF-PR,DEL01-PR,UOP04-DEL01-PR
582951,2024-02-24,sábado,06:50:00,PI,316,"390,4",FRANCISCO MACEDO,Condutor deixou de manter distância do veículo da frente,Colisão traseira,Com Vítimas Feridas,Pleno dia,Decrescente,Sol,Simples,Declive;Ponte;Reta,Não,2,0,1,0,1,0,1,2,"-7,27921525","-40,8313263",SPRF-PI,DEL04-PI,UOP03-DEL04-PI
582953,2024-02-24,sábado,06:45:00,GO,60,170,GOIANIA,Reação tardia ou ineficiente do condutor,Tombamento,Com Vítimas Feridas,Pleno dia,Crescente,Céu Claro,Dupla,Reta,Sim,1,0,1,0,0,0,1,1,"-16,7305","-49,3908",SPRF-GO,DEL01-GO,UOP02-DEL01-GO
582957,2024-02-24,sábado,06:16:00,PI,316,98,BARRO DURO,Condutor Dormindo,Colisão lateral sentido oposto,Com Vítimas Feridas,Pleno dia,Decrescente,Céu Claro,Simples,Reta,Não,3,0,0,1,1,1,1,3,"-5,82615973","-42,500555",SPRF-PI,DEL04-PI,UOP02-DEL04-PI
582959,2024-02-23,sexta-feira,22:30:00,BA,407,187,PONTO NOVO,Transitar no Acostamento,Colisão traseira,Com Vítimas Feridas,Plena Noite,Crescente,Céu Claro,Simples,Reta,Não,2,0,1,0,1,0,1,2,"-10,992042","-40,10157397",SPRF-BA,DEL04-BA,UOP02-DEL04-BA
582961,2024-02-24,sábado,03:00:00,MA,222,406,SANTA LUZIA,Reação tardia ou ineficiente do condutor,Colisão transversal,Com Vítimas Fatais,Plena Noite,Decrescente,Céu Claro,Dupla,Reta,Sim,3,1,0,1,0,1,1,2,"-4,03061355","-45,77171571",SPRF-MA,DEL02-MA,UOP01-DEL02-MA
582963,2024-02-24,sábado,00:00:00,MT,70,720,CACERES,Reação tardia ou ineficiente do condutor,Saída de leito carroçável,Sem Vítimas,Amanhecer,Crescente,Nublado,Simples,Reta,Não,1,0,0,0,1,0,0,1,"-16,208335944","-57,5747607832",SPRF-MT,DEL03-MT,UOP01-DEL03-MT
582966,2024-02-23,sexta-feira,20:40:00,BA,407,"199,9",CALDEIRAO GRANDE,Condutor Dormindo,Colisão transversal,Com Vítimas Fatais,Plena Noite,Crescente,Céu Claro,Simples,Reta,Não,4,1,0,0,1,2,0,4,"-11,09596912","-40,07383834",SPRF-BA,DEL04-BA,UOP02-DEL04-BA
582971,2024-02-24,sábado,09:20:00,MG,40,512,RIBEIRAO DAS NEVES,Velocidade Incompatível,Colisão lateral mesmo sentido,Com Vítimas Feridas,Pleno dia,Decrescente,Céu Claro,Simples,Reta;Aclive,Não,5,0,0,2,1,2,2,5,"-19,78946999","-44,11290699",SPRF-MG,DEL01-MG,UOP02-DEL01-MG
582972,2024-02-24,sábado,10:40:00,SP,116,215,GUARULHOS,Reação tardia ou ineficiente do condutor,Colisão lateral mesmo sentido,Com Vítimas Feridas,Pleno dia,Crescente,Céu Claro,Múltipla,Reta,Sim,5,0,0,2,2,1,2,3,"-23,44695693","-46,45394103",SPRF-SP,DEL01-SP,UOP01-DEL01-SP
582983,2024-02-24,sábado,12:00:00,PR,376,105,PARANAVAI,Condutor deixou de manter distância do veículo da frente,Colisão traseira,Com Vítimas Feridas,Pleno dia,Crescente,Céu Claro,Dupla,Reta,Não,4,0,0,1,1,2,1,4,"-23,05727163","-52,43920671",SPRF-PR,DEL09-PR,UOP02-DEL09-PR
582987,2024-02-24,sábado,09:25:00,PR,277,128,BALSA NOVA,Demais falhas na via,Tombamento,Com Vítimas Feridas,Pleno dia,Crescente,Céu Claro,Dupla,Aclive;Reta,Não,4,0,3,0,0,2,3,4,"-25,45322376","-49,62472987",SPRF-PR,DEL03-PR,UOP03-DEL03-PR
582989,2024-02-24,sábado,11:00:00,PR,116,168,QUITANDINHA,Ausência de reação do condutor,Colisão lateral sentido oposto,Sem Vítimas,Pleno dia,Decrescente,Céu Claro,Simples,Curva;Declive,Não,3,0,0,0,1,2,0,3,"-25,87257323","-49,46295588",SPRF-PR,DEL01-PR,UOP03-DEL01-PR
582993,2024-02-24,sábado,11:45:00,MT,158,543,AGUA BOA,Condutor deixou de manter distância do veículo da frente,Colisão traseira,Com Vítimas Feridas,Pleno dia,Crescente,Céu Claro,Simples,Reta,Não,2,0,0,1,1,0,1,2,"-13,861447","-52,062259",SPRF-MT,DEL07-MT,UOP02-DEL07-MT
582994,2024-02-24,sábado,12:45:00,SP,116,561,BARRA DO TURVO,Reação tardia ou ineficiente do condutor,Tombamento,Com Vítimas Feridas,Pleno dia,Crescente,Céu Claro,Dupla,Declive;Curva,Não,2,0,1,0,0,1,1,2,"-25,018987","-48,51311",SPRF-SP,DEL05-SP,UOP02-DEL05-SP
582996,2024-02-24,sábado,02:00:00,MT,70,120,GENERAL CARNEIRO,Demais falhas mecânicas ou elétricas,Incêndio,Sem Vítimas,Pleno dia,Crescente,Garoa/Chuvisco,Simples,Reta,Não,1,0,0,0,1,0,0,1,"-15,59752533","-53,12106998",SPRF-MT,DEL07-MT,UOP01-DEL07-MT
582997,2024-02-24,sábado,12:40:00,MG,262,643,IBIA,Condutor Dormindo,Colisão traseira,Com Vítimas Feridas,Pleno dia,Decrescente,Céu Claro,Simples,Reta,Não,2,0,0,1,1,0,1,2,"-19,57542719","-46,59495614",SPRF-MG,DEL08-MG,UOP01-DEL08-MG
582998,2024-02-24,sábado,11:10:00,RS,290,178,BUTIA,Carga excessiva e/ou mal acondicionada,Derramamento de carga,Sem Vítimas,Pleno dia,Crescente,Céu Claro,Simples,Reta;Declive,Não,3,0,0,0,2,1,0,3,"-30,134542","-51,992455",SPRF-RS,DEL02-RS,UOP03-DEL02-RS
583000,2024-02-24,sábado,09:54:00,PE,101,190,PALMARES,Reação tardia ou ineficiente do condutor,Colisão com objeto,Com Vítimas Feridas,Pleno dia,Decrescente,Céu Claro,Dupla,Curva;Declive,Não,2,0,1,0,0,1,1,2,"-8,69573052","-35,6103118",SPRF-PE,DEL01-PE,UOP03-DEL01-PE
583001,2024-02-24,sábado,11:20:00,PR,376,"70,3",GUAIRACA,Ausência de reação do condutor,Colisão lateral sentido oposto,Com Vítimas Feridas,Pleno dia,Decrescente,Céu Claro,Simples,Reta;Declive,Não,3,0,1,0,1,3,1,5,"-22,93638517","-52,73905105",SPRF-PR,DEL09-PR,UOP02-DEL09-PR
583002,2024-02-24,sábado,09:30:00,PR,153,33,SANTO ANTONIO DA PLATINA,Demais falhas mecânicas ou elétricas,Colisão lateral sentido oposto,Com Vítimas Feridas,Pleno dia,Decrescente,Céu Claro,Simples,Declive;Reta;Ponte,Não,5,0,1,1,2,6,2,9,"-23,23229394","-50,0364961",SPRF-PR,DEL07-PR,UOP04-DEL07-PR
583005,2024-02-24,sábado,05:20:00,SP,116,300,SAO LOURENCO DA SERRA,Manobra de mudança de faixa,Colisão lateral mesmo sentido,Com Vítimas Feridas,Amanhecer,Decrescente,Céu Claro,Dupla,Reta,Não,3,0,1,0,0,3,1,4,"-23,79791758","-46,91475576",SPRF-SP,DEL04-SP,UOP01-DEL04-SP
583007,2024-02-24,sábado,12:15:00,SC,282,"538,9",CHAPECO,Reação tardia ou ineficiente do condutor,Colisão traseira,Sem Vítimas,Pleno dia,Decrescente,Céu Claro,Simples,Curva;Declive,Não,3,0,0,0,2,2,0,4,"-27,00079038","-52,67025948",SPRF-SC,DEL07-SC,UOP01-DEL07-SC
583008,2024-02-24,sábado,10:50:00,SC,101,"253,1",PAULO LOPES,Condutor Dormindo,Saída de leito carroçável,Com Vítimas Feridas,Pleno dia,Decrescente,Céu Claro,Dupla,Reta,Sim,1,0,1,0,0,0,1,1,"-27,96492999","-48,67962057",SPRF-SC,DEL02-SC,UOP03-DEL02-SC
583018,2024-02-24,sábado,15:00:00,SC,101,"220,8",PALHOCA,Manobra de mudança de faixa,Colisão lateral mesmo sentido,Com Vítimas Feridas,Pleno dia,Crescente,Nublado,Dupla,Reta,Sim,3,0,1,0,1,1,1,3,"-27,69198941","-48,66368358",SPRF-SC,DEL01-SC,UOP02-DEL01-SC
583019,2024-02-24,sábado,14:30:00,GO,414,"338,6",COCALZINHO DE GOIAS,Mal súbito do condutor,Saída de leito carroçável,Com Vítimas Feridas,Pleno dia,Crescente,Céu Claro,Simples,Reta,Não,2,0,0,1,0,2,1,3,"-15,580993","-48,628662",SPRF-GO,DEL02-GO,UOP01-DEL02-GO
583021,2024-02-24,sábado,15:00:00,ES,101,269,SERRA,Ingestão de álcool pelo condutor,Colisão lateral mesmo sentido,Sem Vítimas,Pleno dia,Crescente,Céu Claro,Dupla,Reta,Sim,4,0,0,0,3,1,0,3,"-20,21740496","-40,26990578",SPRF-ES,DEL02-ES,UOP01-DEL02-ES
583023,2024-01-03,quarta-feira,15:00:00,MG,40,"524,9",CONTAGEM,Ausência de reação do condutor,Colisão com objeto,Com Vítimas Fatais,Pleno dia,Decrescente,Chuva,Dupla,Declive;Reta,Sim,1,1,0,0,0,0,0,1,"-19,8754469","-44,05345586",SPRF-MG,DEL01-MG,UOP02-DEL01-MG
583036,2024-02-24,sábado,13:55:00,MT,174,333,PONTES E LACERDA,Transitar na contramão,Atropelamento de Pedestre,Com Vítimas Feridas,Pleno dia,Crescente,Céu Claro,Simples,Aclive;Reta,Não,3,0,0,1,1,1,1,2,"-14,85557192","-59,30273488",SPRF-MT,DEL04-MT,UOP01-DEL04-MT
583038,2024-02-24,sábado,16:20:00,RJ,40,114,DUQUE DE CAXIAS,Velocidade Incompatível,Tombamento,Sem Vítimas,Pleno dia,Crescente,Nublado,Dupla,Retorno Regulamentado;Curva,Não,2,0,0,0,1,1,0,2,"-22,71853604","-43,28993324",SPRF-RJ,DEL01-RJ,UOP02-DEL01-RJ
583046,2024-02-24,sábado,15:10:00,GO,60,29,ALEXANIA,Reação tardia ou ineficiente do condutor,Colisão traseira,Com Vítimas Feridas,Pleno dia,Decrescente,Chuva,Dupla,Reta,Não,6,0,2,0,4,0,2,2,"-16,0963","-48,5202",SPRF-DF,DEL03-DF,UOP01-DEL03-DF
583050,2024-02-24,sábado,16:15:00,BA,116,813,VITORIA DA CONQUISTA,Reação tardia ou ineficiente do condutor,Colisão transversal,Com Vítimas Feridas,Pleno dia,Decrescente,Céu Claro,Simples,Reta,Sim,3,0,1,0,1,2,1,4,"-14,764626","-40,70569",SPRF-BA,DEL08-BA,UOP01-DEL08-BA
583059,2024-02-24,sábado,18:50:00,PA,222,19,DOM ELISEU,Ingestão de álcool pelo condutor,Colisão lateral sentido oposto,Com Vítimas Feridas,Plena Noite,Decrescente,Céu Claro,Simples,Reta,Sim,4,0,0,1,2,1,1,4,"-4,295786","-47,565977",SPRF-PA,DEL02-PA,UOP02-DEL02-PA
583064,2024-02-24,sábado,16:30:00,SC,280,"152,8",MAFRA,Velocidade Incompatível,Colisão frontal,Com Vítimas Fatais,Pleno dia,Decrescente,Chuva,Simples,Aclive;Curva,Não,3,1,0,0,1,1,0,3,"-26,2236769","-49,7112766",SPRF-SC,DEL06-SC,UOP03-DEL06-SC
583066,2024-02-24,sábado,18:50:00,MS,163,"417,3",NOVA ALVORADA DO SUL,Mal súbito do condutor,Saída de leito carroçável,Com Vítimas Feridas,Plena Noite,Decrescente,Nublado,Simples,Reta,Não,2,0,1,0,0,1,1,2,"-21,01779397","-54,50703485",SPRF-MS,DEL02-MS,UOP01-DEL02-MS
583070,2024-02-24,sábado,19:40:00,TO,153,153,ARAGUAINA,Transitar na contramão,Colisão frontal,Com Vítimas Feridas,Plena Noite,Crescente,Nublado,Simples,Reta;Aclive,Não,3,0,1,0,1,1,1,3,"-7,27288096","-48,2662611",SPRF-TO,DEL02-TO,UOP01-DEL02-TO
583071,2024-02-24,sábado,14:50:00,RS,290,"364,1",VILA NOVA DO SUL,Ultrapassagem Indevida,Colisão lateral mesmo sentido,Sem Vítimas,Pleno dia,Decrescente,Céu Claro,Simples,Reta;Aclive,Não,3,0,0,0,3,0,0,2,"-30,367632","-53,811005",SPRF-RS,DEL09-RS,UOP02-DEL09-RS
583075,2024-02-24,sábado,03:00:00,BA,101,101,ALAGOINHAS,Ingestão de álcool pelo condutor,Colisão frontal,Sem Vítimas,Plena Noite,Crescente,Céu Claro,Simples,Reta,Sim,2,0,0,0,2,0,0,2,"-12,14919808","-38,39662694",SPRF-BA,DEL01-BA,UOP04-DEL01-BA
583084,2024-02-24,sábado,19:33:00,PA,316,151,CAPANEMA,Retorno proibido,Colisão lateral mesmo sentido,Com Vítimas Fatais,Plena Noite,Crescente,Garoa/Chuvisco,Simples,Reta,Sim,2,1,0,0,1,0,0,2,"-1,21279075","-47,18200692",SPRF-PA,DEL01-PA,UOP03-DEL01-PA
583085,2024-02-24,sábado,19:40:00,SC,116,172,PONTE ALTA DO NORTE,Ausência de reação do condutor,Colisão lateral mesmo sentido,Sem Vítimas,Plena Noite,Decrescente,Garoa/Chuvisco,Simples,Curva,Não,3,0,0,0,1,2,0,3,"-27,2035","-50,4657062",SPRF-SC,DEL05-SC,UOP03-DEL05-SC
583091,2024-02-24,sábado,17:43:00,MT,364,200,RONDONOPOLIS,Condutor deixou de manter distância do veículo da frente,Colisão lateral mesmo sentido,Sem Vítimas,Anoitecer,Decrescente,Céu Claro,Dupla,Retorno Regulamentado,Sim,4,0,0,0,3,2,0,4,"-16,489924","-54,647149",SPRF-MT,DEL02-MT,UOP01-DEL02-MT
583092,2024-02-23,sexta-feira,17:15:00,MG,267,"203,4",BOM JARDIM DE MINAS,Pista Escorregadia,Saída de leito carroçável,Com Vítimas Feridas,Pleno dia,Decrescente,Chuva,Simples,Declive;Curva,Não,3,0,1,1,0,1,2,2,"-21,93193766","-44,11060298",SPRF-MG,DEL05-MG,UOP01-DEL05-MG
583095,2024-02-24,sábado,21:12:00,MS,163,"264,8",DOURADOS,Ausência de reação do condutor,Colisão traseira,Com Vítimas Feridas,Plena Noite,Crescente,Nublado,Dupla,Reta,Sim,8,0,2,0,5,1,2,3,"-22,22742781","-54,7393301",SPRF-MS,DEL04-MS,UOP01-DEL04-MS
583096,2024-02-24,sábado,19:30:00,MG,262,630,IBIA,Reação tardia ou ineficiente do condutor,Tombamento,Com Vítimas Feridas,Plena Noite,Crescente,Nublado,Simples,Curva,Não,3,0,0,1,2,0,1,1,"-19,59127689","-46,48020051",SPRF-MG,DEL08-MG,UOP01-DEL08-MG
583097,2024-02-23,sexta-feira,22:00:00,MG,267,"201,2",BOM JARDIM DE MINAS,Problema com o freio,Tombamento,Com Vítimas Feridas,Plena Noite,Decrescente,Nublado,Simples,Curva,Não,2,0,1,0,0,1,1,2,"-21,931292","-44,094997",SPRF-MG,DEL05-MG,UOP01-DEL05-MG
583099,2024-02-24,sábado,18:00:00,MG,153,"4,1",ARAPORA,Manobra de mudança de faixa,Saída de leito carroçável,Com Vítimas Feridas,Anoitecer,Decrescente,Nublado,Dupla,Viaduto;Reta,Sim,2,0,0,1,0,1,1,2,"-18,45132998","-49,18791489",SPRF-MG,DEL15-MG,UOP03-DEL15-MG
583101,2024-02-24,sábado,21:10:00,ES,101,133,LINHARES,Ultrapassagem Indevida,Colisão lateral sentido oposto,Sem Vítimas,Plena Noite,Crescente,Céu Claro,Simples,Reta,Não,6,0,0,0,3,3,0,5,"-19,25700702","-40,08983616",SPRF-ES,DEL04-ES,UOP01-DEL04-ES
583102,2024-02-24,sábado,22:00:00,GO,60,114,GOIANAPOLIS,Objeto estático sobre o leito carroçável,Colisão traseira,Com Vítimas Feridas,Plena Noite,Decrescente,Chuva,Dupla,Curva,Não,3,0,1,0,2,0,1,2,"-16,4691","-49,0705",SPRF-GO,DEL01-GO,UOP01-DEL01-GO
583125,2024-02-24,sábado,22:40:00,BA,407,97,JAGUARARI,Ausência de reação do condutor,Colisão traseira,Com Vítimas Fatais,Plena Noite,Decrescente,Nublado,Simples,Reta,Não,4,1,0,0,2,1,0,3,"-10,19445898","-40,22081893",SPRF-BA,DEL04-BA,UOP01-DEL04-BA
583133,2024-02-25,domingo,00:30:00,SP,381,88,SAO PAULO,Ausência de reação do condutor,Tombamento,Sem Vítimas,Plena Noite,Crescente,Céu Claro,Dupla,Reta,Sim,2,0,0,0,1,2,0,3,"-23,47469314","-46,56112919",SPRF-SP,DEL03-SP,UOP01-DEL03-SP
583143,2024-02-25,domingo,02:40:00,MG,40,466,SETE LAGOAS,Reação tardia ou ineficiente do condutor,Tombamento,Sem Vítimas,Plena Noite,Crescente,Céu Claro,Dupla,Reta,Sim,1,0,0,0,1,0,0,1,"-19,44436025","-44,32384821",SPRF-MG,DEL02-MG,UOP01-DEL02-MG
583146,2024-02-25,domingo,01:10:00,PR,373,402,CANDOI,Transitar na contramão,Colisão frontal,Com Vítimas Fatais,Plena Noite,Decrescente,Céu Claro,Simples,Reta,Não,7,5,0,0,1,1,0,3,"-25,58488801","-52,05896395",SPRF-PR,DEL08-PR,UOP01-DEL08-PR
583150,2024-02-24,sábado,19:00:00,RR,174,205,RORAINOPOLIS,Demais falhas mecânicas ou elétricas,Colisão traseira,Com Vítimas Fatais,Plena Noite,Crescente,Nublado,Simples,Reta,Não,3,1,1,0,1,0,1,3,"0,882818","-60,433716",SPRF-RR,DEL01-RR,UOP01-DEL01-RR
583152,2024-02-25,domingo,02:15:00,MG,40,466,SETE LAGOAS,Objeto estático sobre o leito carroçável,Tombamento,Com Vítimas Feridas,Plena Noite,Crescente,Nublado,Dupla,Reta,Sim,2,0,1,1,0,0,2,1,"-19,44436025","-44,32384821",SPRF-MG,DEL02-MG,UOP01-DEL02-MG
583160,2024-02-25,domingo,03:40:00,SP,116,"55,1",LORENA,Ingestão de álcool pelo condutor,Colisão traseira,Com Vítimas Feridas,Plena Noite,Decrescente,Nevoeiro/Neblina,Dupla,Reta,Não,4,0,0,2,1,1,2,3,"-22,76356421","-45,12272385",SPRF-SP,DEL08-SP,UOP02-DEL08-SP
583168,2024-01-05,sexta-feira,14:50:00,MG,251,"488,5",FRANCISCO SA,Ausência de reação do condutor,Engavetamento,Com Vítimas Feridas,Pleno dia,Crescente,Chuva,Simples,Reta,Não,6,0,1,0,4,4,1,8,"-16,53065068","-43,5834233",SPRF-MG,DEL12-MG,UOP01-DEL12-MG
583170,2024-02-25,domingo,04:47:00,MT,163,829,SINOP,Ausência de reação do condutor,Saída de leito carroçável,Sem Vítimas,Amanhecer,Decrescente,Céu Claro,Simples,Reta,Sim,1,0,0,0,0,1,0,1,"-11,940981","-55,515553",SPRF-MT,DEL06-MT,UOP02-DEL06-MT
583175,2024-02-25,domingo,05:30:00,BA,410,29,TUCANO,Ausência de reação do condutor,Colisão traseira,Com Vítimas Fatais,Amanhecer,Decrescente,Céu Claro,Simples,Reta,Não,3,1,0,1,1,0,1,2,"-10,962833","-38,751016",SPRF-BA,DEL07-BA,UOP02-DEL07-BA
583196,2024-02-25,domingo,06:30:00,SC,282,"612,3",MARAVILHA,Ingestão de álcool pelo condutor,Colisão lateral sentido oposto,Sem Vítimas,Pleno dia,Crescente,Céu Claro,Simples,Curva,Não,3,0,0,0,2,1,0,3,"-26,76254832","-53,25107574",SPRF-SC,DEL07-SC,UOP02-DEL07-SC
583201,2024-01-08,segunda-feira,13:50:00,PR,376,"675,4",GUARATUBA,Demais falhas mecânicas ou elétricas,Incêndio,Sem Vítimas,Pleno dia,Crescente,Sol,Simples,Reta,Não,2,0,0,0,1,1,0,2,"-25,97311818","-48,89058063",SPRF-PR,DEL01-PR,UOP04-DEL01-PR
583202,2024-01-08,segunda-feira,10:20:00,MG,40,"498,4",ESMERALDAS,Manobra de mudança de faixa,Colisão traseira,Com Vítimas Feridas,Pleno dia,Crescente,Nublado,Dupla,Reta,Sim,2,0,1,0,1,0,1,2,"-19,68467685","-44,18191183",SPRF-MG,DEL02-MG,UOP01-DEL02-MG
583208,2024-02-25,domingo,07:20:00,MT,163,1100,GUARANTA DO NORTE,Demais falhas mecânicas ou elétricas,Incêndio,Sem Vítimas,Pleno dia,Crescente,Céu Claro,Simples,Reta,Não,2,0,0,0,1,3,0,4,"-9,6667967","-54,8801308",SPRF-MT,DEL06-MT,UOP03-DEL06-MT
583212,2024-02-25,domingo,10:00:00,MG,116,515,UBAPORANGA,Ausência de reação do condutor,Colisão lateral sentido oposto,Sem Vítimas,Pleno dia,Crescente,Céu Claro,Simples,Curva,Não,3,0,0,0,2,1,0,3,"-19,68778501","-42,11758577",SPRF-MG,DEL06-MG,UOP02-DEL06-MG
583213,2024-02-25,domingo,11:25:00,SC,101,"119,8",ITAJAI,Acesso irregular,Colisão traseira,Com Vítimas Feridas,Pleno dia,Decrescente,Nublado,Múltipla,Reta,Sim,5,0,1,0,3,1,1,4,"-26,9043179","-48,71555481",SPRF-SC,DEL04-SC,UOP04-DEL04-SC
583216,2024-01-13,sábado,03:42:00,RN,406,"103,6",JOAO CAMARA,Transitar na contramão,Colisão lateral sentido oposto,Com Vítimas Feridas,Amanhecer,Crescente,Nublado,Simples,Reta,Não,5,0,0,1,2,2,1,2,"-5,54067796","-35,80553967",SPRF-RN,DEL02-RN,UOP01-DEL02-RN
583232,2024-02-25,domingo,13:00:00,CE,226,247,PEDRA BRANCA,Demais falhas mecânicas ou elétricas,Incêndio,Sem Vítimas,Pleno dia,Crescente,Céu Claro,Simples,Reta,Não,2,0,0,0,1,1,0,2,"-5,43709187","-39,98989105",SPRF-CE,DEL02-CE,UOP02-DEL02-CE
583252,2024-02-25,domingo,13:40:00,MS,158,70,PARANAIBA,Ingestão de álcool pelo condutor,Capotamento,Sem Vítimas,Pleno dia,Crescente,Céu Claro,Simples,Curva,Não,2,0,0,0,1,3,0,4,"-19,48824064","-51,29391952",SPRF-MS,DEL08-MS,UOP01-DEL08-MS
583288,2024-02-25,domingo,19:30:00,PI,316,"44,5",LAGOA DO PIAUI,Ausência de reação do condutor,Tombamento,Com Vítimas Feridas,Plena Noite,Decrescente,Céu Claro,Simples,Aclive,Não,1,0,1,0,0,0,1,1,"-5,43754797","-42,63447174",SPRF-PI,DEL01-PI,UOP02-DEL01-PI
583290,2024-02-25,domingo,18:00:00,MG,153,"194,9",FRUTAL,Demais falhas mecânicas ou elétricas,Colisão com objeto,Sem Vítimas,Pleno dia,Decrescente,Céu Claro,Simples,Ponte;Reta;Declive,Não,1,0,0,0,1,0,0,1,"-19,9622283","-48,98832279",SPRF-MG,DEL13-MG,UOP02-DEL13-MG
583294,2024-02-25,domingo,17:30:00,PA,230,1113,ITAITUBA,Reação tardia ou ineficiente do condutor,Tombamento,Com Vítimas Feridas,Anoitecer,Crescente,Nublado,Simples,Curva,Não,2,0,1,0,0,2,1,3,"-4,39860033","-55,91943523",SPRF-PA,DEL05-PA,UOP02-DEL05-PA
583295,2024-02-25,domingo,12:15:00,MG,262,"488,1",BOM DESPACHO,Demais falhas mecânicas ou elétricas,Incêndio,Sem Vítimas,Pleno dia,Decrescente,Sol,Simples,Reta,Não,1,0,0,0,1,0,0,1,"-19,78442409","-45,32295201",SPRF-MG,DEL08-MG,UOP03-DEL08-MG
583296,2024-02-25,domingo,20:20:00,MG,153,77,PRATA,Velocidade Incompatível,Saída de leito carroçável,Com Vítimas Feridas,Plena Noite,Crescente,Chuva,Simples,Curva,Não,1,0,1,0,0,0,1,1,"-19,03944921","-49,01083952",SPRF-MG,DEL15-MG,UOP03-DEL15-MG
583300,2024-02-25,domingo,13:00:00,GO,158,132,CAIAPONIA,Pista esburacada,Colisão traseira,Com Vítimas Feridas,Pleno dia,Crescente,Céu Claro,Simples,Reta,Não,6,0,1,0,4,2,1,4,"-16,73657492","-51,68945021",SPRF-GO,DEL04-GO,UOP02-DEL04-GO
583310,2024-02-25,domingo,21:00:00,GO,60,134,GOIANIA,Ingestão de álcool pelo condutor,Colisão lateral mesmo sentido,Sem Vítimas,Plena Noite,Decrescente,Céu Claro,Dupla,Reta,Não,3,0,0,0,2,3,0,5,"-16,5827","-49,1876",SPRF-GO,DEL01-GO,UOP01-DEL01-GO
583313,2024-02-25,domingo,17:50:00,BA,101,254,CONCEICAO DO ALMEIDA,Ultrapassagem Indevida,Colisão frontal,Com Vítimas Fatais,Anoitecer,Crescente,Céu Claro,Simples,Reta;Declive,Não,7,2,0,0,4,1,0,6,"-12,91662","-39,244712",SPRF-BA,DEL01-BA,UOP02-DEL01-BA
583314,2024-02-25,domingo,20:30:00,BA,101,120,ALAGOINHAS,Reação tardia ou ineficiente do condutor,Colisão frontal,Com Vítimas Feridas,Plena Noite,Decrescente,Céu Claro,Simples,Reta,Não,3,0,0,1,0,2,1,3,"-12,161929","-38,488121",SPRF-BA,DEL01-BA,UOP04-DEL01-BA
583335,2024-02-25,domingo,21:50:00,AL,101,"161,5",CAMPO ALEGRE,Velocidade Incompatível,Colisão traseira,Com Vítimas Fatais,Plena Noite,Crescente,Céu Claro,Dupla,Reta,Não,3,1,0,0,0,2,0,3,"-9,90050999","-36,246598",SPRF-AL,DEL02-AL,UOP02-DEL02-AL