id,data_inversa,dia_semana,horario,uf,br,km,municipio,causa_acidente,tipo_acidente,classificacao_acidente,fase_dia,sentido_via,condicao_metereologica,tipo_pista,tracado_via,uso_solo,pessoas,mortos,feridos_leves,feridos_graves,ilesos,ignorados,feridos,veiculos,latitude,longitude,regional,delegacia,uop
583337,2024-02-25,domingo,19:30:00,MT,70,539,VARZEA GRANDE,Condutor deixou de manter distância do veículo da frente,Colisão lateral mesmo sentido,Com Vítimas Feridas,Plena Noite,Crescente,Ignorado,Simples,Reta,Não,2,0,0,1,1,0,1,2,"-15,65535203","-56,20867099",SPRF-MT,DEL01-MT,UOP02-DEL01-MT
583345,2024-02-25,domingo,23:40:00,PR,376,220,CAMBIRA,Ausência de reação do condutor,Colisão frontal,Sem Vítimas,Plena Noite,Crescente,Céu Claro,Simples,Reta,Não,2,0,0,0,2,0,0,2,"-23,60241541","-51,59826198",SPRF-PR,DEL09-PR,UOP01-DEL09-PR
583348,2024-02-26,segunda-feira,00:40:00,MG,381,495,BETIM,Reação tardia ou ineficiente do condutor,Colisão lateral mesmo sentido,Com Vítimas Feridas,Plena Noite,Crescente,Céu Claro,Múltipla,Aclive;Reta,Sim,6,0,3,0,1,2,3,5,"-19,98722309","-44,17533875",SPRF-MG,DEL01-MG,UOP03-DEL01-MG
583356,2024-02-26,segunda-feira,01:36:00,TO,153,135,ARAGUAINA,Demais falhas mecânicas ou elétricas,Incêndio,Sem Vítimas,Plena Noite,Crescente,Céu Claro,Simples,Reta,Sim,2,0,0,0,1,1,0,2,"-7,12896688","-48,19843215",SPRF-TO,DEL02-TO,UOP01-DEL02-TO
583358,2024-02-26,segunda-feira,02:20:00,MG,381,"870,1",POUSO ALEGRE,Condutor Dormindo,Colisão traseira,Com Vítimas Feridas,Plena Noite,Decrescente,Nublado,Dupla,Aclive;Reta,Sim,3,0,0,1,1,1,1,3,"-22,38934861","-45,95342917",SPRF-MG,DEL16-MG,UOP01-DEL16-MG
583364,2024-02-26,segunda-feira,04:45:00,GO,50,173,CAMPO ALEGRE DE GOIAS,Ausência de reação do condutor,Saída de leito carroçável,Com Vítimas Feridas,Plena Noite,Decrescente,Céu Claro,Dupla,Reta,Não,2,0,0,1,0,1,1,2,"-17,3542","-47,7899",SPRF-GO,DEL06-GO,UOP01-DEL06-GO
583365,2024-02-26,segunda-feira,03:20:00,PB,104,"147,1",QUEIMADAS,Deficiência do Sistema de Iluminação/Sinalização,Colisão traseira,Com Vítimas Feridas,Plena Noite,Crescente,Céu Claro,Simples,Reta,Não,4,0,1,2,1,0,3,3,"-7,439395","-35,901844",SPRF-PB,DEL02-PB,UOP03-DEL02-PB
583366,2024-02-26,segunda-feira,01:00:00,MG,116,"780,2",LEOPOLDINA,Reação tardia ou ineficiente do condutor,Saída de leito carroçável,Sem Vítimas,Plena Noite,Crescente,Ignorado,Simples,Curva,Não,2,0,0,0,1,1,0,2,"-21,61482397","-42,69263203",SPRF-MG,DEL07-MG,UOP01-DEL07-MG
583371,2024-02-26,segunda-feira,02:18:00,MS,262,486,ANASTACIO,Objeto estático sobre o leito carroçável,Tombamento,Sem Vítimas,Plena Noite,Crescente,Céu Claro,Simples,Ponte;Reta,Não,2,0,0,0,1,2,0,3,"-20,49906428","-55,7806778",SPRF-MS,DEL03-MS,UOP01-DEL03-MS
583376,2024-02-26,segunda-feira,06:40:00,PR,116,119,CURITIBA,Condutor deixou de manter distância do veículo da frente,Colisão traseira,Sem Vítimas,Pleno dia,Decrescente,Nublado,Dupla,Reta;Aclive,Não,2,0,0,0,2,0,0,2,"-25,58101257","-49,31316108",SPRF-PR,DEL01-PR,UOP03-DEL01-PR
583391,2024-02-26,segunda-feira,06:20:00,RO,364,732,PORTO VELHO,Ultrapassagem Indevida,Colisão frontal,Com Vítimas Feridas,Pleno dia,Crescente,Chuva,Simples,Reta,Não,3,0,0,1,1,1,1,3,"-8,91228369","-63,96547549",SPRF-RO,DEL01-RO,UOP01-DEL01-RO
583404,2024-02-26,segunda-feira,06:00:00,RJ,465,8,SEROPEDICA,Ultrapassagem Indevida,Queda de ocupante de veículo,Com Vítimas Feridas,Pleno dia,Decrescente,Céu Claro,Simples,Reta,Não,3,0,1,0,1,1,1,3,"-22,767147","-43,678768",SPRF-RJ,DEL06-RJ,UOP02-DEL06-RJ
583407,2024-02-26,segunda-feira,08:30:00,RS,116,241,NOVO HAMBURGO,Avarias e/ou desgaste excessivo no pneu,Colisão traseira,Com Vítimas Feridas,Pleno dia,Decrescente,Nublado,Dupla,Reta,Sim,5,0,0,1,4,0,1,2,"-29,71396796","-51,1476744",SPRF-RS,DEL01-RS,UOP02-DEL01-RS
583413,2024-01-05,sexta-feira,16:40:00,RR,401,58,BONFIM,Reação tardia ou ineficiente do condutor,Saída de leito carroçável,Com Vítimas Feridas,Pleno dia,Crescente,Céu Claro,Dupla,Reta,Não,3,0,2,0,1,0,2,1,"3,11391913","-60,32282704",SPRF-RR,DEL01-RR,UOP01-DEL01-RR
583417,2024-02-10,sábado,21:58:00,PA,163,"951,8",BELTERRA,Entrada inopinada do pedestre,Atropelamento de Pedestre,Com Vítimas Fatais,Plena Noite,Decrescente,Ignorado,Simples,Reta,Não,2,1,0,0,0,1,0,2,"-2,79412901","-54,90000471",SPRF-PA,DEL05-PA,UOP01-DEL05-PA
583420,2024-02-26,segunda-feira,09:35:00,SP,116,"305,6",SAO LOURENCO DA SERRA,Manobra de mudança de faixa,Colisão lateral mesmo sentido,Sem Vítimas,Pleno dia,Decrescente,Céu Claro,Dupla,Curva,Sim,3,0,0,0,2,1,0,3,"-23,84287313","-46,93238591",SPRF-SP,DEL04-SP,UOP01-DEL04-SP
583430,2024-02-26,segunda-feira,08:00:00,PR,116,185,CAMPO DO TENENTE,Reação tardia ou ineficiente do condutor,Colisão traseira,Sem Vítimas,Pleno dia,Crescente,Céu Claro,Simples,Reta,Não,3,0,0,0,3,0,0,2,"-25,9210664","-49,61779874",SPRF-PR,DEL01-PR,UOP03-DEL01-PR
583432,2024-02-26,segunda-feira,10:15:00,PR,376,"666,9",GUARATUBA,Problema com o freio,Tombamento,Com Vítimas Feridas,Pleno dia,Crescente,Nublado,Simples,Declive;Curva,Não,3,0,1,0,1,3,1,5,"-25,86037408","-48,95087256",SPRF-PR,DEL01-PR,UOP04-DEL01-PR
583434,2024-02-26,segunda-feira,10:30:00,SC,101,"209,2",SAO JOSE,Trafegar com motocicleta (ou similar) entre as faixas,Colisão traseira,Com Vítimas Feridas,Pleno dia,Decrescente,Nublado,Múltipla,Reta;Aclive,Sim,4,0,0,1,2,2,1,5,"-27,61000542","-48,63895057",SPRF-SC,DEL01-SC,UOP01-DEL01-SC
583437,2024-02-26,segunda-feira,10:40:00,MG,381,"449,3",SANTA LUZIA,Reação tardia ou ineficiente do condutor,Colisão traseira,Com Vítimas Feridas,Pleno dia,Decrescente,Sol,Simples,Reta;Aclive,Sim,3,0,1,0,1,1,1,3,"-19,84164036","-43,86232683",SPRF-MG,DEL01-MG,UOP01-DEL01-MG
583441,2024-02-26,segunda-feira,11:00:00,MT,70,517,VARZEA GRANDE,Acessar a via sem observar a presença dos outros veículos,Colisão transversal,Com Vítimas Feridas,Pleno dia,Crescente,Céu Claro,Simples,Reta,Sim,3,0,0,1,1,2,1,4,"-15,70178337","-56,1593914",SPRF-MT,DEL01-MT,UOP02-DEL01-MT
583442,2024-02-26,segunda-feira,11:20:00,GO,20,"121,7",FLORES DE GOIAS,Demais falhas mecânicas ou elétricas,Incêndio,Sem Vítimas,Pleno dia,Crescente,Céu Claro,Simples,Reta,Não,2,0,0,0,2,0,0,1,"-14,867457","-46,818375",SPRF-DF,DEL02-DF,UOP03-DEL02-DF
583444,2024-02-26,segunda-feira,11:50:00,SC,282,"0,3",FLORIANOPOLIS,Manobra de mudança de faixa,Colisão lateral mesmo sentido,Com Vítimas Feridas,Pleno dia,Decrescente,Nublado,Múltipla,Reta;Declive,Sim,2,0,1,0,1,0,1,2,"-27,59845","-48,571995",SPRF-SC,DEL01-SC,UOP01-DEL01-SC
583447,2024-02-26,segunda-feira,10:43:00,MA,135,"16,5",SAO LUIS,Condutor deixou de manter distância do veículo da frente,Colisão traseira,Sem Vítimas,Pleno dia,Decrescente,Chuva,Dupla,Reta;Em Obras,Sim,2,0,0,0,2,0,0,2,"-2,70264079","-44,31049629",SPRF-MA,DEL01-MA,UOP01-DEL01-MA
583448,2024-02-26,segunda-feira,11:55:00,MG,116,"390,3",GOVERNADOR VALADARES,Conversão proibida,Colisão transversal,Com Vítimas Fatais,Pleno dia,Decrescente,Céu Claro,Simples,Reta,Não,3,1,0,0,2,0,0,2,"-18,70114901","-41,98544802",SPRF-MG,DEL06-MG,UOP01-DEL06-MG
583449,2024-02-26,segunda-feira,12:39:00,ES,262,49,MARECHAL FLORIANO,Ausência de reação do condutor,Colisão lateral sentido oposto,Com Vítimas Feridas,Pleno dia,Crescente,Sol,Simples,Curva,Sim,4,0,1,1,1,1,2,3,"-20,41251052","-40,69798571",SPRF-ES,DEL01-ES,UOP01-DEL01-ES
583455,2024-02-26,segunda-feira,13:30:00,SC,101,"199,7",SAO JOSE,Ultrapassagem Indevida,Colisão lateral mesmo sentido,Com Vítimas Feridas,Pleno dia,Crescente,Nublado,Múltipla,Aclive,Não,3,0,0,1,2,0,1,3,"-27,53413705","-48,63003205",SPRF-SC,DEL01-SC,UOP01-DEL01-SC
583461,2024-02-26,segunda-feira,14:10:00,MG,381,"453,8",SABARA,Mal súbito do condutor,Colisão frontal,Com Vítimas Feridas,Pleno dia,Decrescente,Céu Claro,Simples,Curva,Sim,4,0,1,1,1,1,2,4,"-19,84175157","-43,8628847",SPRF-MG,DEL01-MG,UOP01-DEL01-MG
583462,2024-02-26,segunda-feira,13:00:00,BA,324,526,FEIRA DE SANTANA,Condutor deixou de manter distância do veículo da frente,Colisão traseira,Com Vítimas Feridas,Pleno dia,Decrescente,Céu Claro,Dupla,Reta,Sim,3,0,1,0,1,3,1,5,"-12,30639712","-38,89051509",SPRF-BA,DEL01-BA,UOP03-DEL01-BA
583463,2024-02-26,segunda-feira,13:45:00,PE,101,"35,7",IGARASSU,Acumulo de água sobre o pavimento,Saída de leito carroçável,Com Vítimas Feridas,Pleno dia,Decrescente,Chuva,Dupla,Reta;Declive,Não,2,0,1,0,1,0,1,1,"-7,77952193","-34,93231384",SPRF-PE,DEL01-PE,UOP02-DEL01-PE
583470,2024-02-26,segunda-feira,14:30:00,MG,251,321,SALINAS,Afundamento ou ondulação no pavimento,Saída de leito carroçável,Com Vítimas Fatais,Pleno dia,Decrescente,Céu Claro,Simples,Reta;Declive,Não,1,1,0,0,0,0,0,1,"-16,18343625","-42,33650208",SPRF-MG,DEL12-MG,UOP02-DEL12-MG
583471,2024-02-26,segunda-feira,12:55:00,SC,116,"152,4",SANTA CECILIA,Velocidade Incompatível,Colisão com objeto,Sem Vítimas,Pleno dia,Decrescente,Nublado,Múltipla,Curva,Não,2,0,0,0,1,1,0,2,"-27,04856485","-50,42638928",SPRF-SC,DEL06-SC,UOP02-DEL06-SC
583474,2024-02-26,segunda-feira,15:30:00,MG,50,164,UBERABA,Condutor deixou de manter distância do veículo da frente,Colisão traseira,Com Vítimas Feridas,Pleno dia,Decrescente,Céu Claro,Dupla,Reta;Aclive,Não,2,0,0,1,1,0,1,2,"-19,6847632","-47,99273153",SPRF-MG,DEL13-MG,UOP01-DEL13-MG
583475,2024-02-26,segunda-feira,13:11:00,PE,424,75,GARANHUNS,Ingestão de álcool pelo condutor,Colisão lateral sentido oposto,Sem Vítimas,Pleno dia,Decrescente,Céu Claro,Simples,Reta,Não,2,0,0,0,2,0,0,2,"-8,80482636","-36,58367325",SPRF-PE,DEL03-PE,UOP01-DEL03-PE
583479,2024-02-26,segunda-feira,15:05:00,CE,20,"137,3",TAUA,Transitar na contramão,Colisão frontal,Com Vítimas Fatais,Pleno dia,Crescente,Céu Claro,Simples,Reta,Não,3,1,0,0,2,0,0,2,"-5,58332508","-40,09069286",SPRF-CE,DEL02-CE,UOP02-DEL02-CE
583484,2024-02-26,segunda-feira,10:35:00,RJ,493,22,MAGE,Conversão proibida,Colisão transversal,Com Vítimas Feridas,Pleno dia,Crescente,Céu Claro,Simples,Curva,Sim,2,0,1,0,1,0,1,2,"-22,659311","-43,053303",SPRF-RJ,DEL04-RJ,UOP02-DEL04-RJ
583487,2024-02-26,segunda-feira,16:35:00,MG,381,368,TIMOTEO,Demais falhas mecânicas ou elétricas,Incêndio,Sem Vítimas,Pleno dia,Decrescente,Céu Claro,Simples,Reta,Não,2,0,0,0,1,1,0,2,"-19,52520113","-42,64657617",SPRF-MG,DEL03-MG,UOP01-DEL03-MG
583493,2024-02-26,segunda-feira,17:20:00,RJ,40,96,DUQUE DE CAXIAS,Curva acentuada,Tombamento,Com Vítimas Feridas,Anoitecer,Decrescente,Nublado,Simples,Curva;Aclive,Não,2,0,1,0,0,1,1,2,"-22,56876595","-43,27693723",SPRF-RJ,DEL01-RJ,UOP01-DEL01-RJ
583502,2024-02-26,segunda-feira,17:00:00,MT,163,603,NOVA MUTUM,Pedestre - Ingestão de álcool/ substâncias psicoativas,Atropelamento de Pedestre,Com Vítimas Feridas,Anoitecer,Crescente,Céu Claro,Simples,Interseção de Vias,Não,3,0,0,1,1,2,1,4,"-13,88122005","-56,08852761",SPRF-MT,DEL01-MT,UOP01-DEL01-MT
583505,2024-02-26,segunda-feira,16:50:00,MA,10,"292,5",CIDELANDIA,Ultrapassagem Indevida,Colisão lateral sentido oposto,Com Vítimas Feridas,Pleno dia,Decrescente,Céu Claro,Simples,Reta,Não,5,0,0,1,3,2,1,5,"-5,181159","-47,525482",SPRF-MA,DEL04-MA,UOP01-DEL04-MA
583507,2024-02-26,segunda-feira,17:02:00,SP,381,30,ATIBAIA,Ausência de reação do condutor,Colisão traseira,Sem Vítimas,Pleno dia,Crescente,Nublado,Dupla,Reta,Não,2,0,0,0,2,0,0,2,"-23,04885102","-46,56482797",SPRF-SP,DEL03-SP,UOP02-DEL03-SP
583509,2024-02-26,segunda-feira,17:30:00,SP,116,61,GUARATINGUETA,Ausência de reação do condutor,Colisão traseira,Com Vítimas Feridas,Anoitecer,Decrescente,Chuva,Dupla,Reta,Não,2,0,1,0,0,1,1,2,"-22,79763613","-45,1674588",SPRF-SP,DEL08-SP,UOP01-DEL08-SP
583513,2024-02-26,segunda-feira,18:10:00,PB,101,86,BAYEUX,Reação tardia ou ineficiente do condutor,Engavetamento,Sem Vítimas,Plena Noite,Decrescente,Nublado,Dupla,Reta,Sim,5,0,0,0,4,1,0,5,"-7,15118983","-34,91012184",SPRF-PB,DEL01-PB,UOP01-DEL01-PB
583518,2024-02-26,segunda-feira,17:00:00,MT,70,504,CUIABA,Condutor Dormindo,Colisão lateral sentido oposto,Com Vítimas Feridas,Anoitecer,Decrescente,Céu Claro,Simples,Reta,Não,3,0,1,0,1,1,1,3,"-15,66785604","-55,9564296",SPRF-MT,DEL01-MT,UOP02-DEL01-MT
583519,2024-02-26,segunda-feira,15:20:00,MT,364,"347,5",SANTO ANTONIO DO LEVERGER,Reação tardia ou ineficiente do condutor,Colisão traseira,Com Vítimas Feridas,Pleno dia,Crescente,Nublado,Dupla,Reta,Não,3,0,0,1,1,3,1,5,"-15,807347","-55,54692",SPRF-MT,DEL05-MT,UOP02-DEL05-MT
583524,2024-02-26,segunda-feira,20:10:00,SP,381,30,ATIBAIA,Entrada inopinada do pedestre,Atropelamento de Pedestre,Com Vítimas Feridas,Plena Noite,Decrescente,Céu Claro,Dupla,Reta,Sim,2,0,0,1,1,0,1,2,"-23,04885102","-46,56482797",SPRF-SP,DEL03-SP,UOP02-DEL03-SP
583530,2024-02-26,segunda-feira,18:00:00,BA,116,"499,3",SANTA TERESINHA,Ausência de reação do condutor,Colisão frontal,Com Vítimas Feridas,Plena Noite,Decrescente,Céu Claro,Simples,Reta,Não,3,0,2,1,0,0,3,2,"-12,5856623","-39,52239348",SPRF-BA,DEL03-BA,UOP02-DEL03-BA
583531,2024-02-26,segunda-feira,20:05:00,MA,316,273,BELA VISTA DO MARANHAO,Ausência de sinalização,Colisão lateral sentido oposto,Com Vítimas Feridas,Anoitecer,Crescente,Céu Claro,Simples,Reta,Não,2,0,1,0,1,0,1,2,"-3,714912","-45,293404",SPRF-MA,DEL02-MA,UOP01-DEL02-MA
583534,2024-02-26,segunda-feira,17:05:00,RO,364,"459,3",ARIQUEMES,Reação tardia ou ineficiente do condutor,Saída de leito carroçável,Com Vítimas Feridas,Anoitecer,Decrescente,Céu Claro,Simples,Reta,Não,2,0,1,0,0,3,1,4,"-10,25114696","-62,71924497",SPRF-RO,DEL03-RO,UOP02-DEL03-RO
583535,2024-02-26,segunda-feira,20:10:00,SP,116,"127,8",CACAPAVA,Manobra de mudança de faixa,Colisão lateral mesmo sentido,Com Vítimas Feridas,Plena Noite,Crescente,Céu Claro,Dupla,Reta,Sim,3,0,1,0,2,0,1,3,"-23,10991026","-45,70246044",SPRF-SP,DEL02-SP,UOP02-DEL02-SP
583555,2024-02-26,segunda-feira,17:30:00,MG,116,"220,7",CATUJI,Reação tardia ou ineficiente do condutor,Tombamento,Com Vítimas Feridas,Anoitecer,Decrescente,Nublado,Simples,Curva,Não,3,0,0,2,0,1,2,2,"-17,40682777","-41,51524967",SPRF-MG,DEL11-MG,UOP01-DEL11-MG
583556,2024-02-26,segunda-feira,20:00:00,MT,163,1032,PEIXOTO DE AZEVEDO,Condutor usando celular,Colisão frontal,Com Vítimas Feridas,Plena Noite,Crescente,Ignorado,Simples,Reta,Não,4,0,1,0,1,2,1,4,"-10,3429349","-55,04102846",SPRF-MT,DEL06-MT,UOP03-DEL06-MT
583559,2024-02-26,segunda-feira,17:30:00,MT,163,662,LUCAS DO RIO VERDE,Ultrapassagem Indevida,Colisão lateral mesmo sentido,Com Vítimas Feridas,Plena Noite,Decrescente,Nublado,Simples,Reta,Não,7,0,1,0,5,3,1,5,"-13,28739685","-56,03130341",SPRF-MT,DEL06-MT,UOP01-DEL06-MT
583562,2024-02-26,segunda-feira,20:50:00,SC,282,72,RANCHO QUEIMADO,Reação tardia ou ineficiente do condutor,Colisão frontal,Com Vítimas Feridas,Plena Noite,Decrescente,Chuva,Múltipla,Declive;Curva,Não,4,0,2,0,1,1,2,3,"-27,683439","-49,105259",SPRF-SC,DEL01-SC,UOP03-DEL01-SC
583565,2024-02-26,segunda-feira,23:10:00,PR,277,"37,8",MORRETES,Condutor Dormindo,Colisão com objeto,Com Vítimas Feridas,Plena Noite,Decrescente,Garoa/Chuvisco,Dupla,Reta;Declive,Não,2,0,1,0,0,2,1,3,"-25,57373761","-48,84458184",SPRF-PR,DEL01-PR,UOP05-DEL01-PR
583573,2024-02-27,terça-feira,04:15:00,RJ,101,70,CAMPOS DOS GOYTACAZES,Acessar a via sem observar a presença dos outros veículos,Atropelamento de Pedestre,Com Vítimas Feridas,Plena Noite,Crescente,Céu Claro,Simples,Reta,Não,2,0,1,0,0,1,1,2,"-21,785784","-41,381531",SPRF-RJ,DEL08-RJ,UOP02-DEL08-RJ
583579,2024-02-26,segunda-feira,21:30:00,PR,373,"445,3",CHOPINZINHO,Ultrapassagem Indevida,Colisão frontal,Com Vítimas Fatais,Plena Noite,Decrescente,Céu Claro,Simples,Reta,Não,3,1,0,0,2,0,0,3,"-25,848435","-52,327398",SPRF-PR,DEL02-PR,UOP01-DEL02-PR
583585,2024-01-26,sexta-feira,03:00:00,MG,116,"411,4",GOVERNADOR VALADARES,Condutor Dormindo,Colisão lateral mesmo sentido,Com Vítimas Feridas,Plena Noite,Decrescente,Nublado,Dupla,Reta,Sim,3,0,1,1,1,0,2,2,"-18,87193533","-41,96834207",SPRF-MG,DEL06-MG,UOP01-DEL06-MG
583588,2024-02-27,terça-feira,06:00:00,ES,262,"52,5",MARECHAL FLORIANO,Ausência de sinalização,Colisão com objeto,Com Vítimas Fatais,Amanhecer,Decrescente,Céu Claro,Simples,Reta,Não,4,1,0,2,1,0,2,2,"-20,41363499","-40,723665",SPRF-ES,DEL01-ES,UOP01-DEL01-ES
583589,2024-02-27,terça-feira,05:35:00,MG,116,"590,1",MANHUACU,Condutor Dormindo,Saída de leito carroçável,Com Vítimas Feridas,Amanhecer,Crescente,Céu Claro,Simples,Curva,Não,1,0,1,0,0,0,1,1,"-20,25539878","-42,14140443",SPRF-MG,DEL06-MG,UOP03-DEL06-MG
583600,2024-02-26,segunda-feira,09:05:00,PE,101,68,RECIFE,Reação tardia ou ineficiente do condutor,Colisão com objeto,Sem Vítimas,Pleno dia,Decrescente,Céu Claro,Múltipla,Viaduto;Aclive;Reta,Sim,1,0,0,0,1,0,0,1,"-8,05074296","-34,94580619",SPRF-PE,DEL01-PE,UOP01-DEL01-PE
583603,2024-01-30,terça-feira,08:10:00,GO,153,560,PROFESSOR JAMIL,Reação tardia ou ineficiente do condutor,Saída de leito carroçável,Com Vítimas Fatais,Pleno dia,Crescente,Céu Claro,Dupla,Reta;Aclive,Não,2,2,0,0,0,0,0,1,"-17,2174","-49,2288",SPRF-GO,DEL03-GO,UOP01-DEL03-GO
583615,2024-02-27,terça-feira,05:05:00,GO,50,180,CAMPO ALEGRE DE GOIAS,Condutor Dormindo,Saída de leito carroçável,Com Vítimas Feridas,Plena Noite,Decrescente,Céu Claro,Dupla,Reta,Não,1,0,1,0,0,0,1,1,"-17,4105","-47,787",SPRF-GO,DEL06-GO,UOP01-DEL06-GO
583618,2024-02-27,terça-feira,08:55:00,RS,290,"513,8",ROSARIO DO SUL,Reação tardia ou ineficiente do condutor,Saída de leito carroçável,Com Vítimas Feridas,Pleno dia,Crescente,Céu Claro,Simples,Curva,Não,1,0,1,0,0,0,1,1,"-30,13892","-55,236351",SPRF-RS,DEL11-RS,UOP02-DEL11-RS
583620,2024-02-27,terça-feira,08:50:00,PB,101,"84,9",BAYEUX,Reação tardia ou ineficiente do condutor,Engavetamento,Com Vítimas Feridas,Pleno dia,Decrescente,Chuva,Dupla,Reta,Sim,6,0,2,0,3,1,2,5,"-7,13957906","-34,92312806",SPRF-PB,DEL01-PB,UOP01-DEL01-PB
583622,2024-02-11,domingo,15:15:00,MG,381,611,OLIVEIRA,Demais falhas mecânicas ou elétricas,Incêndio,Sem Vítimas,Pleno dia,Decrescente,Céu Claro,Dupla,Reta,Sim,2,0,0,0,1,2,0,3,"-20,71328969","-44,76134722",SPRF-MG,DEL04-MG,UOP01-DEL04-MG
583623,2024-02-07,quarta-feira,10:20:00,SP,116,219,GUARULHOS,Ausência de reação do condutor,Engavetamento,Com Vítimas Feridas,Pleno dia,Crescente,Sol,Múltipla,Reta,Sim,3,0,1,0,2,0,1,3,"-23,46143954","-46,48885316",SPRF-SP,DEL01-SP,UOP01-DEL01-SP
583627,2024-02-27,terça-feira,09:00:00,SC,101,222,PALHOCA,Acessar a via sem observar a presença dos outros veículos,Colisão com objeto,Com Vítimas Feridas,Pleno dia,Decrescente,Nublado,Dupla,Reta,Não,3,0,2,0,0,1,2,2,"-27,70865409","-48,65586407",SPRF-SC,DEL01-SC,UOP02-DEL01-SC
583629,2024-02-27,terça-feira,09:10:00,MG,381,501,BETIM,Ausência de reação do condutor,Colisão traseira,Com Vítimas Feridas,Pleno dia,Crescente,Céu Claro,Múltipla,Reta,Não,4,0,1,0,1,2,1,4,"-20,01012715","-44,21830758",SPRF-MG,DEL01-MG,UOP03-DEL01-MG
583633,2024-02-27,terça-feira,08:30:00,MS,267,"234,3",NOVA ALVORADA DO SUL,Reação tardia ou ineficiente do condutor,Colisão lateral mesmo sentido,Com Vítimas Feridas,Pleno dia,Crescente,Céu Claro,Simples,Em Obras;Reta,Não,6,0,2,0,2,2,2,5,"-21,50969578","-54,24777385",SPRF-MS,DEL02-MS,UOP01-DEL02-MS
583636,2024-02-26,segunda-feira,11:30:00,PE,101,"88,6",JABOATAO DOS GUARARAPES,Reação tardia ou ineficiente do condutor,Engavetamento,Com Vítimas Feridas,Pleno dia,Crescente,Céu Claro,Dupla,Reta,Não,5,0,1,0,4,0,1,3,"-8,204855","-34,982083",SPRF-PE,DEL01-PE,UOP01-DEL01-PE
583639,2024-02-27,terça-feira,11:00:00,SC,101,199,BIGUACU,Reação tardia ou ineficiente do condutor,Colisão traseira,Com Vítimas Feridas,Pleno dia,Crescente,Garoa/Chuvisco,Dupla,Reta,Sim,5,0,2,0,2,1,2,4,"-27,53413705","-48,63003205",SPRF-SC,DEL01-SC,UOP01-DEL01-SC
583645,2024-02-27,terça-feira,05:30:00,SC,116,"137,3",SANTA CECILIA,Ultrapassagem Indevida,Colisão lateral mesmo sentido,Sem Vítimas,Amanhecer,Crescente,Chuva,Simples,Aclive;Reta,Não,5,0,0,0,4,2,0,6,"-26,946361","-50,42928293",SPRF-SC,DEL06-SC,UOP02-DEL06-SC
583648,2024-02-27,terça-feira,11:30:00,SP,116,228,SAO PAULO,Reação tardia ou ineficiente do condutor,Colisão lateral mesmo sentido,Com Vítimas Feridas,Pleno dia,Decrescente,Céu Claro,Dupla,Reta,Não,2,0,1,0,1,0,1,2,"-23,50343484","-46,56638712",SPRF-SP,DEL01-SP,UOP01-DEL01-SP
583649,2024-02-27,terça-feira,10:00:00,PR,373,"173,2",PONTA GROSSA,Entrada inopinada do pedestre,Atropelamento de Pedestre,Com Vítimas Feridas,Pleno dia,Crescente,Céu Claro,Simples,Reta,Sim,2,0,0,1,1,0,1,2,"-25,0805653","-50,20175905",SPRF-PR,DEL03-PR,UOP01-DEL03-PR
583650,2024-02-27,terça-feira,12:20:00,PB,101,122,CAAPORA,Condutor deixou de manter distância do veículo da frente,Colisão traseira,Com Vítimas Feridas,Pleno dia,Decrescente,Céu Claro,Dupla,Aclive;Reta,Não,6,0,2,1,2,1,3,3,"-7,45038197","-34,97994215",SPRF-PB,DEL01-PB,UOP02-DEL01-PB
583655,2024-02-27,terça-feira,08:20:00,SC,282,69,RANCHO QUEIMADO,Ausência de reação do condutor,Tombamento,Com Vítimas Feridas,Pleno dia,Decrescente,Nublado,Simples,Reta,Não,1,0,1,0,0,0,1,1,"-27,690144","-49,083813",SPRF-SC,DEL01-SC,UOP03-DEL01-SC
583659,2024-02-15,quinta-feira,13:30:00,PR,277,"35,5",MORRETES,Reação tardia ou ineficiente do condutor,Colisão traseira,Sem Vítimas,Pleno dia,Crescente,Garoa/Chuvisco,Dupla,Reta,Não,3,0,0,0,2,2,0,4,"-25,55225338","-48,79892578",SPRF-PR,DEL01-PR,UOP05-DEL01-PR
583664,2024-02-27,terça-feira,10:40:00,SC,116,"252,7",LAGES,Reação tardia ou ineficiente do condutor,Colisão traseira,Com Vítimas Feridas,Pleno dia,Crescente,Garoa/Chuvisco,Simples,Reta,Não,4,0,2,0,1,2,2,4,"-27,85340789","-50,38268819",SPRF-SC,DEL05-SC,UOP02-DEL05-SC
583667,2024-02-27,terça-feira,13:00:00,MG,116,"579,3",MANHUACU,Velocidade Incompatível,Capotamento,Com Vítimas Fatais,Pleno dia,Crescente,Céu Claro,Simples,Curva;Declive,Não,3,2,0,0,0,2,0,3,"-20,17836097","-42,18664844",SPRF-MG,DEL06-MG,UOP03-DEL06-MG
583668,2024-02-27,terça-feira,10:15:00,GO,364,22,SAO SIMAO,Reação tardia ou ineficiente do condutor,Saída de leito carroçável,Com Vítimas Feridas,Pleno dia,Crescente,Céu Claro,Simples,Reta,Não,3,0,1,0,1,2,1,4,"-18,91832398","-50,6614995",SPRF-GO,DEL05-GO,UOP02-DEL05-GO