id,data_inversa,dia_semana,horario,uf,br,km,municipio,causa_acidente,tipo_acidente,classificacao_acidente,fase_dia,sentido_via,condicao_metereologica,tipo_pista,tracado_via,uso_solo,pessoas,mortos,feridos_leves,feridos_graves,ilesos,ignorados,feridos,veiculos,latitude,longitude,regional,delegacia,uop
583677,2024-02-27,terça-feira,13:00:00,SC,116,"69,9",MONTE CASTELO,Reação tardia ou ineficiente do condutor,Colisão traseira,Com Vítimas Feridas,Pleno dia,Decrescente,Nublado,Simples,Reta,Não,4,0,2,0,1,2,2,4,"-26,46909494","-50,23134921",SPRF-SC,DEL06-SC,UOP02-DEL06-SC
583679,2024-02-27,terça-feira,14:40:00,MG,262,"437,9",NOVA SERRANA,Acessar a via sem observar a presença dos outros veículos,Colisão traseira,Com Vítimas Feridas,Pleno dia,Crescente,Céu Claro,Dupla,Reta,Não,3,0,1,0,1,1,1,3,"-19,88077517","-44,93230104",SPRF-MG,DEL08-MG,UOP03-DEL08-MG
583680,2024-02-27,terça-feira,14:00:00,MG,153,195,FRUTAL,Demais falhas mecânicas ou elétricas,Incêndio,Sem Vítimas,Pleno dia,Crescente,Céu Claro,Simples,Aclive;Reta,Sim,2,0,0,0,1,1,0,2,"-19,96769471","-48,99592821",SPRF-MG,DEL13-MG,UOP02-DEL13-MG
583686,2024-02-27,terça-feira,16:08:00,BA,324,"536,7",CONCEICAO DO JACUIPE,Acessar a via sem observar a presença dos outros veículos,Colisão traseira,Sem Vítimas,Pleno dia,Decrescente,Céu Claro,Dupla,Reta,Sim,3,0,0,0,2,2,0,4,"-12,36902201","-38,81384601",SPRF-BA,DEL01-BA,UOP03-DEL01-BA
583697,2024-02-27,terça-feira,17:15:00,SC,101,141,BALNEARIO CAMBORIU,Reação tardia ou ineficiente do condutor,Colisão traseira,Com Vítimas Feridas,Pleno dia,Decrescente,Chuva,Dupla,Reta,Sim,2,0,1,0,1,0,1,2,"-27,04761729","-48,59995855",SPRF-SC,DEL04-SC,UOP03-DEL04-SC
583701,2024-02-27,terça-feira,17:25:00,MG,381,452,SABARA,Condutor deixou de manter distância do veículo da frente,Colisão traseira,Com Vítimas Feridas,Pleno dia,Decrescente,Céu Claro,Simples,Viaduto;Reta,Sim,3,0,1,1,1,0,2,2,"-19,834718","-43,856966",SPRF-MG,DEL01-MG,UOP01-DEL01-MG
583716,2024-02-27,terça-feira,17:15:00,PR,277,"496,2",GUARANIACU,Ausência de reação do condutor,Saída de leito carroçável,Com Vítimas Feridas,Pleno dia,Decrescente,Chuva,Simples,Aclive;Reta,Não,2,0,1,0,0,1,1,2,"-25,19210596","-52,6568109",SPRF-PR,DEL04-PR,UOP04-DEL04-PR
583717,2024-02-27,terça-feira,14:07:00,AC,364,128,RIO BRANCO,Manobra de mudança de faixa,Colisão lateral mesmo sentido,Com Vítimas Feridas,Pleno dia,Decrescente,Céu Claro,Simples,Interseção de Vias;Reta,Sim,3,0,2,0,1,0,2,2,"-10,02644375","-67,8206882",SPRF-AC,DEL01-AC,UOP01-DEL01-AC
583718,2024-02-27,terça-feira,15:30:00,MG,50,190,UBERABA,Demais falhas mecânicas ou elétricas,Incêndio,Sem Vítimas,Pleno dia,Crescente,Céu Claro,Dupla,Reta,Não,2,0,0,0,1,1,0,2,"-19,85630175","-47,86944462",SPRF-MG,DEL13-MG,UOP01-DEL13-MG
583719,2024-02-27,terça-feira,18:50:00,DF,40,"5,6",BRASILIA,Conversão proibida,Colisão lateral mesmo sentido,Com Vítimas Feridas,Plena Noite,Decrescente,Céu Claro,Dupla,Reta,Sim,2,0,1,0,1,0,1,2,"-16,026221","-47,979169",SPRF-DF,DEL01-DF,UOP01-DEL01-DF
583722,2024-02-27,terça-feira,18:50:00,ES,101,"230,5",FUNDAO,Ausência de reação do condutor,Colisão frontal,Com Vítimas Feridas,Plena Noite,Crescente,Céu Claro,Simples,Reta,Sim,3,0,0,1,1,1,1,3,"-19,93558165","-40,40603211",SPRF-ES,DEL02-ES,UOP01-DEL02-ES
583740,2024-02-27,terça-feira,22:00:00,SP,116,223,GUARULHOS,Reação tardia ou ineficiente do condutor,Colisão lateral mesmo sentido,Com Vítimas Feridas,Plena Noite,Crescente,Ignorado,Múltipla,Reta,Sim,2,0,1,0,0,1,1,2,"-23,47559815","-46,5246609",SPRF-SP,DEL01-SP,UOP01-DEL01-SP
583743,2024-02-27,terça-feira,19:10:00,MG,153,"155,6",COMENDADOR GOMES,Condutor deixou de manter distância do veículo da frente,Engavetamento,Com Vítimas Feridas,Plena Noite,Decrescente,Céu Claro,Simples,Aclive;Reta,Não,6,0,2,0,3,4,2,7,"-19,62824275","-48,935707",SPRF-MG,DEL13-MG,UOP02-DEL13-MG
583746,2024-02-27,terça-feira,15:38:00,MG,262,152,SAO DOMINGOS DO PRATA,Demais falhas mecânicas ou elétricas,Incêndio,Sem Vítimas,Pleno dia,Decrescente,Céu Claro,Simples,Reta,Não,2,0,0,0,1,1,0,2,"-19,99702081","-42,78390787",SPRF-MG,DEL03-MG,UOP03-DEL03-MG
583747,2024-02-27,terça-feira,18:00:00,RO,364,429,JARU,Ausência de reação do condutor,Colisão traseira,Sem Vítimas,Anoitecer,Crescente,Céu Claro,Simples,Curva;Aclive,Não,3,0,0,0,3,0,0,3,"-10,41628317","-62,5026501",SPRF-RO,DEL03-RO,UOP02-DEL03-RO
583750,2024-02-27,terça-feira,06:20:00,CE,116,17,EUSEBIO,Velocidade Incompatível,Tombamento,Sem Vítimas,Pleno dia,Decrescente,Céu Claro,Múltipla,Retorno Regulamentado,Não,2,0,0,0,1,2,0,3,"-3,89617918","-38,50336042",SPRF-CE,DEL01-CE,UOP02-DEL01-CE
583751,2024-02-27,terça-feira,19:15:00,MA,222,623,ACAILANDIA,Velocidade Incompatível,Colisão transversal,Com Vítimas Feridas,Plena Noite,Decrescente,Chuva,Simples,Curva;Declive,Não,3,0,1,0,1,1,1,3,"-4,76489336","-47,05419172",SPRF-MA,DEL04-MA,UOP03-DEL04-MA
583753,2024-02-27,terça-feira,22:15:00,SP,116,"160,1",JACAREI,Ausência de reação do condutor,Colisão traseira,Com Vítimas Fatais,Plena Noite,Decrescente,Nublado,Dupla,Reta,Sim,2,1,0,0,1,0,0,2,"-23,27101606","-45,96787896",SPRF-SP,DEL02-SP,UOP01-DEL02-SP
583755,2024-02-27,terça-feira,18:30:00,BA,242,140,RAFAEL JAMBEIRO,Demais falhas mecânicas ou elétricas,Incêndio,Sem Vítimas,Pleno dia,Crescente,Céu Claro,Simples,Reta,Não,2,0,0,0,1,2,0,3,"-12,57095596","-39,52842794",SPRF-BA,DEL06-BA,UOP02-DEL06-BA
583756,2024-02-27,terça-feira,20:35:00,RJ,101,144,MACAE,Velocidade Incompatível,Tombamento,Com Vítimas Feridas,Plena Noite,Decrescente,Céu Claro,Simples,Curva,Não,2,0,0,1,0,1,1,2,"-22,21328005","-41,75426573",SPRF-RJ,DEL08-RJ,UOP04-DEL08-RJ
583764,2024-02-28,quarta-feira,02:15:00,BA,242,412,SEABRA,Acessar a via sem observar a presença dos outros veículos,Colisão transversal,Com Vítimas Fatais,Plena Noite,Decrescente,Céu Claro,Simples,Reta,Não,4,2,0,0,1,2,0,4,"-12,43486296","-41,75626091",SPRF-BA,DEL06-BA,UOP01-DEL06-BA
583765,2024-02-28,quarta-feira,04:58:00,GO,60,198,GUAPO,Ausência de reação do condutor,Colisão traseira,Com Vítimas Feridas,Amanhecer,Decrescente,Nublado,Dupla,Aclive,Não,17,0,11,4,1,2,15,4,"-16,8596","-49,6031",SPRF-GO,DEL01-GO,UOP02-DEL01-GO
583766,2024-02-28,quarta-feira,03:15:00,SC,470,"86,9",RODEIO,Demais falhas mecânicas ou elétricas,Colisão com objeto,Com Vítimas Feridas,Plena Noite,Crescente,Céu Claro,Simples,Ponte,Não,2,0,1,0,0,2,1,3,"-26,949951","-49,357296",SPRF-SC,DEL04-SC,UOP01-DEL04-SC
583769,2024-01-22,segunda-feira,19:18:00,RN,304,121,ITAJA,Demais falhas mecânicas ou elétricas,Queda de ocupante de veículo,Com Vítimas Fatais,Plena Noite,Crescente,Céu Claro,Simples,Reta;Aclive,Não,2,1,0,0,0,1,0,1,"-5,6379008","-36,8481209",SPRF-RN,DEL04-RN,UOP01-DEL04-RN
583771,2024-02-28,quarta-feira,02:00:00,CE,222,"199,7",FORQUILHA,Reação tardia ou ineficiente do condutor,Colisão traseira,Sem Vítimas,Plena Noite,Decrescente,Chuva,Simples,Reta,Sim,3,0,0,0,1,2,0,3,"-3,80233599","-40,191586",SPRF-CE,DEL04-CE,UOP01-DEL04-CE
583772,2024-02-06,terça-feira,01:10:00,MG,153,62,MONTE ALEGRE DE MINAS,Acostamento em desnível,Saída de leito carroçável,Com Vítimas Feridas,Pleno dia,Crescente,Céu Claro,Simples,Reta,Não,2,0,1,0,0,1,1,2,"-18,90963798","-49,03804997",SPRF-MG,DEL15-MG,UOP03-DEL15-MG
583774,2024-02-23,sexta-feira,07:07:00,MG,365,694,MONTE ALEGRE DE MINAS,Condutor deixou de manter distância do veículo da frente,Colisão traseira,Com Vítimas Feridas,Amanhecer,Crescente,Céu Claro,Dupla,Reta,Não,3,0,3,0,0,0,3,2,"-18,87801743","-48,94107198",SPRF-MG,DEL15-MG,UOP03-DEL15-MG
583785,2024-02-28,quarta-feira,07:20:00,PR,369,"166,3",CAMBE,Desrespeitar a preferência no cruzamento,Colisão transversal,Com Vítimas Feridas,Pleno dia,Decrescente,Sol,Dupla,Retorno Regulamentado,Não,2,0,0,1,1,0,1,2,"-23,29536795","-51,30853415",SPRF-PR,DEL07-PR,UOP01-DEL07-PR
583786,2024-02-28,quarta-feira,07:50:00,MG,50,"175,3",UBERABA,Reação tardia ou ineficiente do condutor,Colisão traseira,Com Vítimas Feridas,Pleno dia,Decrescente,Céu Claro,Múltipla,Reta;Declive,Não,3,0,1,0,1,1,1,3,"-19,77880359","-47,9695118",SPRF-MG,DEL13-MG,UOP01-DEL13-MG
583787,2024-02-28,quarta-feira,08:15:00,SC,101,198,BIGUACU,Ausência de reação do condutor,Queda de ocupante de veículo,Com Vítimas Feridas,Pleno dia,Crescente,Céu Claro,Dupla,Reta,Sim,2,0,1,0,0,1,1,2,"-27,52658712","-48,63506019",SPRF-SC,DEL01-SC,UOP01-DEL01-SC
583789,2024-02-28,quarta-feira,08:00:00,SC,101,141,BALNEARIO CAMBORIU,Manobra de mudança de faixa,Colisão lateral mesmo sentido,Com Vítimas Feridas,Pleno dia,Decrescente,Céu Claro,Dupla,Reta,Não,4,0,2,0,1,1,2,4,"-27,04761729","-48,59995855",SPRF-SC,DEL04-SC,UOP03-DEL04-SC
583800,2024-02-28,quarta-feira,07:00:00,PR,376,671,GUARATUBA,Demais falhas mecânicas ou elétricas,Incêndio,Sem Vítimas,Pleno dia,Crescente,Céu Claro,Dupla,Reta;Declive,Não,2,0,0,0,1,1,0,2,"-25,90851198","-48,92070682",SPRF-PR,DEL01-PR,UOP04-DEL01-PR
583802,2024-02-28,quarta-feira,08:50:00,SC,101,422,ARARANGUA,Manobra de mudança de faixa,Colisão lateral mesmo sentido,Com Vítimas Feridas,Pleno dia,Decrescente,Céu Claro,Múltipla,Reta,Sim,2,0,1,0,1,0,1,2,"-29,00145951","-49,5582962",SPRF-SC,DEL02-SC,UOP02-DEL02-SC
583804,2024-02-28,quarta-feira,09:20:00,RS,290,"95,4",PORTO ALEGRE,Manobra de mudança de faixa,Colisão lateral mesmo sentido,Com Vítimas Feridas,Pleno dia,Crescente,Céu Claro,Simples,Curva;Viaduto,Não,4,0,1,0,2,1,1,3,"-29,982832","-51,201572",SPRF-RS,DEL01-RS,UOP01-DEL01-RS
583808,2024-02-28,quarta-feira,08:50:00,SC,101,"120,7",ITAJAI,Condutor deixou de manter distância do veículo da frente,Colisão traseira,Com Vítimas Feridas,Pleno dia,Decrescente,Sol,Múltipla,Viaduto,Não,3,0,1,0,2,0,1,3,"-26,912758","-48,711998",SPRF-SC,DEL04-SC,UOP04-DEL04-SC
583818,2024-02-28,quarta-feira,09:50:00,SE,101,161,SANTA LUZIA DO ITANHY,Reação tardia ou ineficiente do condutor,Engavetamento,Sem Vítimas,Pleno dia,Decrescente,Sol,Simples,Reta,Não,3,0,0,0,3,0,0,3,"-11,30258308","-37,48628693",SPRF-SE,DEL02-SE,UOP01-DEL02-SE
583819,2024-02-20,terça-feira,08:54:00,MS,262,"369,9",TERENOS,Ausência de reação do condutor,Colisão frontal,Com Vítimas Feridas,Pleno dia,Crescente,Céu Claro,Simples,Reta,Não,3,0,2,0,0,1,2,3,"-20,479548","-54,769619",SPRF-MS,DEL01-MS,UOP03-DEL01-MS
583824,2024-02-28,quarta-feira,10:00:00,PR,376,"309,1",MAUA DA SERRA,Velocidade Incompatível,Tombamento,Com Vítimas Feridas,Pleno dia,Decrescente,Céu Claro,Dupla,Declive;Curva,Não,2,0,1,0,0,1,1,2,"-23,97981536","-51,08609019",SPRF-PR,DEL07-PR,UOP02-DEL07-PR
583829,2024-02-28,quarta-feira,09:00:00,MA,316,"425,9",PERITORO,Entrada inopinada do pedestre,Atropelamento de Pedestre,Com Vítimas Feridas,Pleno dia,Decrescente,Céu Claro,Simples,Reta,Não,3,0,0,1,2,0,1,3,"-4,374085","-44,332352",SPRF-MA,DEL03-MA,UOP01-DEL03-MA
583830,2024-02-28,quarta-feira,11:15:00,CE,116,42,HORIZONTE,Condutor deixou de manter distância do veículo da frente,Colisão traseira,Com Vítimas Feridas,Pleno dia,Crescente,Nublado,Múltipla,Reta,Sim,3,0,2,0,1,0,2,2,"-4,08722773","-38,500659",SPRF-CE,DEL01-CE,UOP02-DEL01-CE
583834,2024-02-27,terça-feira,08:02:00,GO,158,199,CAIAPONIA,Velocidade Incompatível,Colisão com objeto,Sem Vítimas,Pleno dia,Decrescente,Ignorado,Simples,Em Obras;Curva;Declive,Não,1,0,0,0,0,1,0,1,"-17,30699095","-51,88400189",SPRF-GO,DEL05-GO,UOP01-DEL05-GO
583835,2024-02-28,quarta-feira,12:30:00,SC,101,149,ITAPEMA,Reação tardia ou ineficiente do condutor,Queda de ocupante de veículo,Com Vítimas Feridas,Pleno dia,Crescente,Céu Claro,Múltipla,Reta,Sim,4,0,1,0,2,1,1,3,"-27,1089649","-48,61277586",SPRF-SC,DEL04-SC,UOP03-DEL04-SC
583837,2024-02-28,quarta-feira,13:00:00,GO,60,"91,5",ANAPOLIS,Transitar no Acostamento,Colisão lateral mesmo sentido,Com Vítimas Feridas,Pleno dia,Crescente,Céu Claro,Dupla,Reta,Sim,3,0,1,0,1,2,1,4,"-16,3491","-48,9095",SPRF-GO,DEL02-GO,UOP01-DEL02-GO
583838,2024-02-28,quarta-feira,12:10:00,SP,116,96,PINDAMONHANGABA,Condutor deixou de manter distância do veículo da frente,Colisão traseira,Com Vítimas Feridas,Pleno dia,Crescente,Céu Claro,Dupla,Retorno Regulamentado;Reta,Não,4,0,2,0,2,0,2,2,"-22,96945055","-45,43869623",SPRF-SP,DEL08-SP,UOP01-DEL08-SP
583841,2024-02-28,quarta-feira,11:40:00,BA,242,414,SEABRA,Entrada inopinada do pedestre,Atropelamento de Pedestre,Com Vítimas Feridas,Pleno dia,Decrescente,Céu Claro,Simples,Reta,Sim,3,0,0,1,1,1,1,3,"-12,427427","-41,77020288",SPRF-BA,DEL06-BA,UOP01-DEL06-BA
583844,2024-02-28,quarta-feira,13:00:00,SP,116,117,TAUBATE,Reação tardia ou ineficiente do condutor,Engavetamento,Com Vítimas Feridas,Pleno dia,Crescente,Céu Claro,Dupla,Reta,Sim,7,0,2,0,4,1,2,4,"-23,0582298","-45,6176951",SPRF-SP,DEL02-SP,UOP02-DEL02-SP
583845,2024-02-28,quarta-feira,12:52:00,MS,262,"411,6",TERENOS,Reação tardia ou ineficiente do condutor,Colisão com objeto,Com Vítimas Feridas,Pleno dia,Crescente,Céu Claro,Simples,Reta;Aclive,Não,3,0,1,1,1,0,2,2,"-20,4420518","-55,12363104",SPRF-MS,DEL01-MS,UOP03-DEL01-MS
583848,2024-02-28,quarta-feira,14:30:00,MG,381,572,ITAGUARA,Manobra de mudança de faixa,Colisão lateral mesmo sentido,Com Vítimas Feridas,Pleno dia,Crescente,Sol,Dupla,Reta,Não,3,0,1,0,1,2,1,4,"-20,45206504","-44,5689098",SPRF-MG,DEL04-MG,UOP03-DEL04-MG
583850,2024-02-28,quarta-feira,11:40:00,GO,50,284,CATALAO,Carga excessiva e/ou mal acondicionada,Colisão frontal,Com Vítimas Feridas,Pleno dia,Crescente,Céu Claro,Simples,Reta,Não,2,0,1,0,0,1,1,2,"-18,2049","-47,9609",SPRF-GO,DEL06-GO,UOP01-DEL06-GO
583853,2024-02-28,quarta-feira,14:00:00,MG,365,599,UBERLANDIA,Mal súbito do condutor,Colisão traseira,Com Vítimas Feridas,Pleno dia,Crescente,Céu Claro,Simples,Aclive,Não,2,0,1,0,1,0,1,2,"-18,88997892","-48,12177605",SPRF-MG,DEL15-MG,UOP01-DEL15-MG
583856,2024-02-04,domingo,13:00:00,MT,364,838,CAMPO NOVO DO PARECIS,Reação tardia ou ineficiente do condutor,Saída de leito carroçável,Com Vítimas Feridas,Pleno dia,Crescente,Céu Claro,Simples,Reta,Não,2,0,1,0,0,3,1,4,"-14,08850697","-57,99424022",SPRF-MT,DEL01-MT,UOP01-DEL01-MT
583861,2024-02-28,quarta-feira,09:30:00,MT,163,982,TERRA NOVA DO NORTE,Ultrapassagem Indevida,Colisão lateral mesmo sentido,Sem Vítimas,Pleno dia,Crescente,Céu Claro,Dupla,Declive;Reta,Não,4,0,0,0,1,4,0,5,"-10,7481159","-55,14584334",SPRF-MT,DEL06-MT,UOP03-DEL06-MT
583863,2024-02-28,quarta-feira,15:30:00,TO,10,460,PALMAS,Reação tardia ou ineficiente do condutor,Colisão com objeto,Sem Vítimas,Pleno dia,Crescente,Sol,Dupla,Declive,Sim,2,0,0,0,1,1,0,2,"-10,18165389","-48,17412734",SPRF-TO,DEL01-TO,UOP03-DEL01-TO
583864,2024-02-28,quarta-feira,14:10:00,PA,230,1099,ITAITUBA,Avarias e/ou desgaste excessivo no pneu,Saída de leito carroçável,Com Vítimas Feridas,Pleno dia,Crescente,Nublado,Simples,Declive,Não,1,0,0,1,0,0,1,1,"-4,355028","-55,801571",SPRF-PA,DEL05-PA,UOP02-DEL05-PA
583866,2024-02-28,quarta-feira,15:20:00,MG,40,"602,9",CONGONHAS,Condutor deixou de manter distância do veículo da frente,Colisão traseira,Sem Vítimas,Pleno dia,Crescente,Céu Claro,Simples,Reta,Não,6,0,0,0,5,1,0,3,"-20,4483358","-43,84031206",SPRF-MG,DEL05-MG,UOP02-DEL05-MG
583870,2024-02-28,quarta-feira,15:45:00,MG,50,206,DELTA,Problema com o freio,Colisão traseira,Com Vítimas Feridas,Pleno dia,Crescente,Sol,Dupla,Reta,Não,4,0,1,0,2,1,1,3,"-19,92627147","-47,82191068",SPRF-MG,DEL13-MG,UOP01-DEL13-MG
583872,2024-02-28,quarta-feira,16:34:00,PR,376,666,GUARATUBA,Problema com o freio,Tombamento,Com Vítimas Feridas,Pleno dia,Crescente,Chuva,Dupla,Declive;Curva,Não,3,0,1,0,1,1,1,3,"-25,86037408","-48,95087256",SPRF-PR,DEL01-PR,UOP04-DEL01-PR
583875,2024-02-28,quarta-feira,16:35:00,PA,316,64,CASTANHAL,Ausência de reação do condutor,Colisão com objeto,Sem Vítimas,Pleno dia,Crescente,Nublado,Dupla,Reta,Sim,1,0,0,0,1,0,0,1,"-1,29629557","-47,91983997",SPRF-PA,DEL01-PA,UOP01-DEL01-PA
583881,2024-02-28,quarta-feira,17:00:00,SC,101,123,ITAJAI,Condutor deixou de manter distância do veículo da frente,Colisão traseira,Com Vítimas Feridas,Pleno dia,Decrescente,Céu Claro,Simples,Interseção de Vias,Não,3,0,1,1,1,0,2,2,"-26,93668609","-48,69876905",SPRF-SC,DEL04-SC,UOP04-DEL04-SC
583885,2024-02-28,quarta-feira,16:20:00,PR,376,"196,2",MARIALVA,Manobra de mudança de faixa,Saída de leito carroçável,Com Vítimas Feridas,Pleno dia,Decrescente,Chuva,Dupla,Reta;Declive,Não,5,0,1,0,3,1,1,3,"-23,50026007","-51,76384001",SPRF-PR,DEL09-PR,UOP01-DEL09-PR
583886,2024-02-28,quarta-feira,17:00:00,SC,101,"214,2",PALHOCA,Velocidade Incompatível,Colisão transversal,Com Vítimas Feridas,Pleno dia,Crescente,Nublado,Múltipla,Reta,Sim,4,0,1,0,1,2,1,4,"-27,64443","-48,67057",SPRF-SC,DEL01-SC,UOP02-DEL01-SC
583893,2024-02-28,quarta-feira,17:50:00,RJ,101,65,CAMPOS DOS GOYTACAZES,Ausência de reação do condutor,Colisão traseira,Com Vítimas Feridas,Pleno dia,Decrescente,Céu Claro,Dupla,Reta,Sim,4,0,3,0,1,0,3,2,"-21,75371806","-41,344292",SPRF-RJ,DEL08-RJ,UOP02-DEL08-RJ
583901,2024-02-28,quarta-feira,18:20:00,MG,381,"917,4",CAMANDUCAIA,Reação tardia ou ineficiente do condutor,Colisão lateral mesmo sentido,Com Vítimas Feridas,Anoitecer,Decrescente,Céu Claro,Dupla,Curva;Declive,Não,3,0,1,0,1,2,1,4,"-22,76700121","-46,17875277",SPRF-MG,DEL16-MG,UOP03-DEL16-MG
583902,2024-02-28,quarta-feira,19:00:00,PB,230,26,JOAO PESSOA,Pedestre andava na pista,Atropelamento de Pedestre,Com Vítimas Fatais,Plena Noite,Decrescente,Céu Claro,Dupla,Reta,Sim,8,1,0,0,6,1,0,4,"-7,165559","-34,888908",SPRF-PB,DEL01-PB,UOP01-DEL01-PB
583912,2024-02-28,quarta-feira,20:15:00,RS,153,51,ERECHIM,Velocidade Incompatível,Colisão transversal,Com Vítimas Feridas,Plena Noite,Decrescente,Chuva,Simples,Reta,Sim,3,0,1,0,1,2,1,4,"-27,66024898","-52,28414106",SPRF-RS,DEL08-RS,UOP04-DEL08-RS
583913,2024-02-28,quarta-feira,19:30:00,SC,470,175,POUSO REDONDO,Ultrapassagem Indevida,Colisão frontal,Com Vítimas Feridas,Plena Noite,Decrescente,Nublado,Simples,Curva,Sim,6,0,1,1,3,1,2,5,"-27,25617","-49,938969",SPRF-SC,DEL04-SC,UOP02-DEL04-SC
583916,2024-02-28,quarta-feira,20:15:00,PE,232,"52,1",VITORIA DE SANTO ANTAO,Ausência de reação do condutor,Colisão traseira,Sem Vítimas,Plena Noite,Decrescente,Chuva,Dupla,Reta,Não,3,0,0,0,2,1,0,3,"-8,13420544","-35,34022822",SPRF-PE,DEL01-PE,UOP01-DEL01-PE
583918,2024-02-28,quarta-feira,21:30:00,CE,20,"205,4",BOA VIAGEM,Animais na Pista,Atropelamento de Animal,Com Vítimas Feridas,Plena Noite,Crescente,Nublado,Simples,Reta,Não,2,0,1,0,1,0,1,1,"-5,1141029","-39,7230919",SPRF-CE,DEL02-CE,UOP02-DEL02-CE
583922,2024-02-28,quarta-feira,20:20:00,GO,60,"3,1",SANTO ANTONIO DO DESCOBERTO,Demais falhas mecânicas ou elétricas,Incêndio,Sem Vítimas,Plena Noite,Crescente,Nublado,Dupla,Declive;Reta,Não,3,0,0,0,2,1,0,2,"-16,078571","-48,268934",SPRF-DF,DEL03-DF,UOP01-DEL03-DF
583923,2024-02-28,quarta-feira,19:15:00,MA,135,"0,4",SAO LUIS,Acessar a via sem observar a presença dos outros veículos,Colisão transversal,Com Vítimas Fatais,Plena Noite,Decrescente,Nublado,Dupla,Retorno Regulamentado;Reta,Sim,3,1,0,0,0,2,0,3,"-2,585244","-44,242971",SPRF-MA,DEL01-MA,UOP01-DEL01-MA
583924,2024-02-28,quarta-feira,21:15:00,MS,163,550,BANDEIRANTES,Manobra de mudança de faixa,Colisão transversal,Sem Vítimas,Plena Noite,Decrescente,Ignorado,Simples,Curva,Não,2,0,0,0,0,2,0,2,"-19,90449362","-54,37274337",SPRF-MS,DEL01-MS,UOP02-DEL01-MS
583925,2024-02-28,quarta-feira,18:05:00,PA,230,1129,ITAITUBA,Ingestão de álcool pelo condutor,Tombamento,Com Vítimas Feridas,Anoitecer,Crescente,Nublado,Dupla,Declive;Curva,Sim,3,0,1,0,1,3,1,5,"-4,29379678","-55,96271396",SPRF-PA,DEL05-PA,UOP02-DEL05-PA
583926,2024-02-28,quarta-feira,21:30:00,AL,104,"83,7",RIO LARGO,Velocidade Incompatível,Tombamento,Sem Vítimas,Plena Noite,Crescente,Céu Claro,Dupla,Declive;Curva,Não,1,0,0,0,1,0,0,1,"-9,44165773","-35,83538341",SPRF-AL,DEL01-AL,UOP01-DEL01-AL
583928,2024-02-01,quinta-feira,19:30:00,MA,316,218,GOVERNADOR NEWTON BELLO,Chuva,Colisão transversal,Sem Vítimas,Plena Noite,Decrescente,Chuva,Simples,Reta,Não,3,0,0,0,2,1,0,3,"-3,45764","-45,672226",SPRF-MA,DEL02-MA,UOP01-DEL02-MA
583929,2024-02-28,quarta-feira,21:00:00,MG,116,239,TEOFILO OTONI,Demais falhas mecânicas ou elétricas,Incêndio,Sem Vítimas,Plena Noite,Decrescente,Céu Claro,Simples,Reta,Não,2,0,0,0,1,1,0,2,"-17,53123509","-41,48222923",SPRF-MG,DEL11-MG,UOP01-DEL11-MG
583931,2024-02-28,quarta-feira,22:40:00,GO,153,346,JARAGUA,Problema na suspensão,Tombamento,Com Vítimas Feridas,Plena Noite,Decrescente,Céu Claro,Simples,Reta;Declive,Não,4,0,2,0,2,0,2,1,"-15,637603","-49,373875",SPRF-GO,DEL02-GO,UOP02-DEL02-GO
583933,2024-02-29,quinta-feira,00:01:00,PR,376,"11,6",MARINGA,Acessar a via sem observar a presença dos outros veículos,Atropelamento de Pedestre,Com Vítimas Fatais,Plena Noite,Decrescente,Céu Claro,Dupla,Reta,Sim,4,1,1,0,1,1,1,4,"-23,390095","-51,894247",SPRF-PR,DEL09-PR,UOP01-DEL09-PR
583935,2024-02-28,quarta-feira,12:30:00,MG,267,286,BAEPENDI,Velocidade Incompatível,Tombamento,Com Vítimas Feridas,Pleno dia,Decrescente,Céu Claro,Simples,Declive;Curva,Não,2,0,1,0,0,2,1,3,"-21,92460612","-44,77877599",SPRF-MG,DEL17-MG,UOP01-DEL17-MG
583945,2024-02-28,quarta-feira,23:40:00,PR,369,"44,8",BANDEIRANTES,Velocidade Incompatível,Tombamento,Com Vítimas Feridas,Plena Noite,Crescente,Nublado,Simples,Curva,Não,2,0,1,0,0,1,1,2,"-23,089462","-50,288475",SPRF-PR,DEL07-PR,UOP05-DEL07-PR
583950,2024-02-29,quinta-feira,03:00:00,RS,293,"30,5",CAPAO DO LEAO,Problema com o freio,Incêndio,Sem Vítimas,Plena Noite,Crescente,Céu Claro,Simples,Aclive,Não,2,0,0,0,1,1,0,2,"-31,72752355","-52,62326608",SPRF-RS,DEL07-RS,UOP01-DEL07-RS
583959,2024-02-29,quinta-feira,02:44:00,GO,153,6,PORANGATU,Reação tardia ou ineficiente do condutor,Colisão traseira,Com Vítimas Feridas,Plena Noite,Decrescente,Ignorado,Simples,Reta,Não,2,0,0,1,1,0,1,2,"-12,887886","-49,110176",SPRF-GO,DEL07-GO,UOP01-DEL07-GO