id,data_inversa,dia_semana,horario,uf,br,km,municipio,causa_acidente,tipo_acidente,classificacao_acidente,fase_dia,sentido_via,condicao_metereologica,tipo_pista,tracado_via,uso_solo,pessoas,mortos,feridos_leves,feridos_graves,ilesos,ignorados,feridos,veiculos,latitude,longitude,regional,delegacia,uop
585780,2024-03-08,sexta-feira,05:30:00,GO,414,416,ABADIANIA,Deficiência do Sistema de Iluminação/Sinalização,Incêndio,Sem Vítimas,Amanhecer,Decrescente,Céu Claro,Simples,Aclive;Curva,Não,1,0,0,0,1,0,0,1,"-16,10265292","-48,86338234",SPRF-GO,DEL02-GO,UOP01-DEL02-GO
585791,2024-03-07,quinta-feira,20:30:00,MA,316,"96,6",PRESIDENTE MEDICI,Pedestre andava na pista,Atropelamento de Pedestre,Com Vítimas Fatais,Plena Noite,Crescente,Céu Claro,Simples,Reta,Não,2,1,0,0,0,1,0,2,"-2,383268","-45,818657",SPRF-MA,DEL02-MA,UOP02-DEL02-MA
585796,2024-01-29,segunda-feira,02:40:00,MG,40,525,CONTAGEM,Acesso irregular,Colisão traseira,Com Vítimas Feridas,Plena Noite,Crescente,Nublado,Dupla,Reta,Sim,4,0,0,2,0,2,2,3,"-19,88361702","-44,05039336",SPRF-MG,DEL01-MG,UOP02-DEL01-MG
585804,2024-03-08,sexta-feira,08:35:00,MG,381,"483,6",BETIM,Trafegar com motocicleta (ou similar) entre as faixas,Colisão lateral mesmo sentido,Com Vítimas Feridas,Pleno dia,Decrescente,Céu Claro,Múltipla,Curva;Aclive,Sim,3,0,2,0,1,0,2,2,"-19,95963461","-44,08212662",SPRF-MG,DEL01-MG,UOP03-DEL01-MG
585809,2024-03-08,sexta-feira,09:05:00,ES,101,"144,3",LINHARES,Condutor deixou de manter distância do veículo da frente,Colisão traseira,Com Vítimas Feridas,Pleno dia,Decrescente,Céu Claro,Dupla,Reta,Não,2,0,1,0,1,0,1,2,"-19,35188295","-40,0636685",SPRF-ES,DEL04-ES,UOP01-DEL04-ES
585815,2024-03-08,sexta-feira,08:30:00,MG,381,"435,6",SABARA,Transitar na contramão,Colisão frontal,Com Vítimas Fatais,Pleno dia,Crescente,Céu Claro,Simples,Curva,Sim,3,1,0,0,1,1,0,3,"-19,79302","-43,74624",SPRF-MG,DEL01-MG,UOP01-DEL01-MG
585819,2024-03-08,sexta-feira,09:30:00,SC,470,83,RODEIO,Velocidade Incompatível,Colisão lateral sentido oposto,Com Vítimas Feridas,Pleno dia,Crescente,Garoa/Chuvisco,Simples,Declive;Curva,Não,3,0,1,0,1,1,1,3,"-26,95960096","-49,32500839",SPRF-SC,DEL04-SC,UOP01-DEL04-SC
585820,2024-03-08,sexta-feira,09:52:00,ES,101,"279,2",SERRA,Condutor deixou de manter distância do veículo da frente,Colisão traseira,Com Vítimas Feridas,Pleno dia,Decrescente,Garoa/Chuvisco,Múltipla,Reta,Não,4,0,1,0,2,1,1,3,"-20,218122","-40,339325",SPRF-ES,DEL02-ES,UOP01-DEL02-ES
585826,2024-03-08,sexta-feira,09:55:00,MG,381,"492,2",BETIM,Demais falhas mecânicas ou elétricas,Engavetamento,Com Vítimas Feridas,Pleno dia,Decrescente,Sol,Múltipla,Curva,Sim,7,0,2,0,4,1,2,5,"-19,97490091","-44,19004301",SPRF-MG,DEL01-MG,UOP03-DEL01-MG
585831,2024-03-08,sexta-feira,10:00:00,PR,376,421,TIBAGI,Reação tardia ou ineficiente do condutor,Tombamento,Com Vítimas Feridas,Pleno dia,Crescente,Céu Claro,Dupla,Curva,Não,2,0,1,0,0,2,1,3,"-24,69031","-50,581493",SPRF-PR,DEL03-PR,UOP02-DEL03-PR
585836,2024-03-08,sexta-feira,10:30:00,SP,116,308,SAO LOURENCO DA SERRA,Entrada inopinada do pedestre,Atropelamento de Pedestre,Com Vítimas Feridas,Pleno dia,Crescente,Sol,Dupla,Curva,Sim,3,0,0,1,1,1,1,3,"-23,86213995","-46,94718508",SPRF-SP,DEL04-SP,UOP01-DEL04-SP
585842,2024-03-08,sexta-feira,07:47:00,PR,476,145,CURITIBA,Pista Escorregadia,Tombamento,Com Vítimas Fatais,Pleno dia,Decrescente,Chuva,Dupla,Aclive;Reta,Sim,2,1,0,0,1,0,0,2,"-25,5491797","-49,3247908",SPRF-PR,DEL01-PR,UOP06-DEL01-PR
585848,2024-03-08,sexta-feira,11:50:00,MG,116,418,GOVERNADOR VALADARES,Ausência de reação do condutor,Colisão com objeto,Sem Vítimas,Pleno dia,Crescente,Céu Claro,Simples,Reta,Sim,2,0,0,0,1,1,0,2,"-18,91059296","-41,94156567",SPRF-MG,DEL06-MG,UOP01-DEL06-MG
585861,2024-03-08,sexta-feira,12:40:00,ES,262,"122,2",CONCEICAO DO CASTELO,Ausência de reação do condutor,Saída de leito carroçável,Com Vítimas Feridas,Pleno dia,Decrescente,Céu Claro,Simples,Curva;Aclive,Não,2,0,1,0,0,1,1,2,"-20,29353997","-41,23936799",SPRF-ES,DEL01-ES,UOP02-DEL01-ES
585862,2024-03-08,sexta-feira,11:00:00,SC,282,"54,3",AGUAS MORNAS,Faixas de trânsito com largura insuficiente,Colisão frontal,Com Vítimas Fatais,Pleno dia,Crescente,Chuva,Simples,Curva;Aclive,Não,5,2,0,2,1,0,2,2,"-27,6878224","-48,9781041",SPRF-SC,DEL01-SC,UOP03-DEL01-SC
585863,2024-03-08,sexta-feira,12:00:00,MS,163,484,CAMPO GRANDE,Acessar a via sem observar a presença dos outros veículos,Tombamento,Com Vítimas Feridas,Pleno dia,Crescente,Nublado,Simples,Interseção de Vias,Não,3,0,1,0,2,0,1,2,"-20,45104898","-54,5403266",SPRF-MS,DEL01-MS,UOP02-DEL01-MS
585865,2024-03-08,sexta-feira,13:40:00,DF,60,"2,8",BRASILIA,Ausência de reação do condutor,Colisão transversal,Com Vítimas Feridas,Pleno dia,Decrescente,Céu Claro,Dupla,Reta,Sim,3,0,0,1,1,1,1,3,"-15,887383","-48,077988",SPRF-DF,DEL03-DF,UOP01-DEL03-DF
585870,2024-03-08,sexta-feira,12:58:00,PE,101,89,CABO DE SANTO AGOSTINHO,Manobra de mudança de faixa,Saída de leito carroçável,Sem Vítimas,Pleno dia,Decrescente,Céu Claro,Dupla,Reta,Não,1,0,0,0,1,0,0,1,"-8,20760697","-34,98372005",SPRF-PE,DEL01-PE,UOP01-DEL01-PE
585876,2024-03-08,sexta-feira,14:20:00,RS,392,"266,2",CACAPAVA DO SUL,Reação tardia ou ineficiente do condutor,Saída de leito carroçável,Sem Vítimas,Pleno dia,Decrescente,Chuva,Simples,Declive;Reta,Não,2,0,0,0,1,1,0,2,"-30,42600205","-53,49895076",SPRF-RS,DEL09-RS,UOP02-DEL09-RS
585879,2024-03-08,sexta-feira,14:30:00,ES,101,69,SAO MATEUS,Condutor deixou de manter distância do veículo da frente,Colisão traseira,Com Vítimas Fatais,Pleno dia,Crescente,Céu Claro,Simples,Reta,Sim,3,1,0,0,1,1,0,3,"-18,73556097","-39,86069526",SPRF-ES,DEL04-ES,UOP02-DEL04-ES
585882,2024-01-21,domingo,07:05:00,PR,277,517,GUARANIACU,Neblina,Colisão traseira,Com Vítimas Feridas,Pleno dia,Decrescente,Nevoeiro/Neblina,Múltipla,Aclive;Curva,Sim,3,0,0,1,1,1,1,3,"-25,11378015","-52,82230904",SPRF-PR,DEL04-PR,UOP04-DEL04-PR
585886,2024-03-08,sexta-feira,14:56:00,AP,156,254,MACAPA,Pista Escorregadia,Colisão lateral sentido oposto,Sem Vítimas,Pleno dia,Crescente,Garoa/Chuvisco,Simples,Reta,Não,3,0,0,0,3,0,0,3,"0,2028299","-51,116314",SPRF-AP,DEL01-AP,UOP01-DEL01-AP
585891,2024-03-08,sexta-feira,14:12:00,SP,116,"149,2",SAO JOSE DOS CAMPOS,Ausência de reação do condutor,Colisão traseira,Com Vítimas Feridas,Pleno dia,Crescente,Céu Claro,Múltipla,Reta,Sim,5,0,1,2,1,1,3,3,"-23,20700047","-45,88626861",SPRF-SP,DEL02-SP,UOP01-DEL02-SP
585899,2024-03-08,sexta-feira,11:40:00,RJ,465,11,SEROPEDICA,Manobra de mudança de faixa,Colisão lateral sentido oposto,Com Vítimas Fatais,Pleno dia,Decrescente,Nublado,Simples,Declive;Reta,Sim,3,1,0,0,1,1,0,3,"-22,784172","-43,656998",SPRF-RJ,DEL06-RJ,UOP02-DEL06-RJ
585902,2024-03-08,sexta-feira,13:20:00,PR,277,110,CAMPO LARGO,Transitar no Acostamento,Colisão com objeto,Com Vítimas Feridas,Pleno dia,Crescente,Nublado,Dupla,Reta,Não,4,0,1,0,1,4,1,6,"-25,4434","-49,4625",SPRF-PR,DEL03-PR,UOP03-DEL03-PR
585908,2024-03-08,sexta-feira,16:25:00,ES,101,"287,8",CARIACICA,Manobra de mudança de faixa,Colisão lateral mesmo sentido,Com Vítimas Feridas,Pleno dia,Crescente,Garoa/Chuvisco,Dupla,Reta,Sim,2,0,1,0,1,0,1,2,"-20,26493528","-40,38471702",SPRF-ES,DEL01-ES,UOP01-DEL01-ES
585910,2024-03-08,sexta-feira,16:10:00,GO,153,503,GOIANIA,Trafegar com motocicleta (ou similar) entre as faixas,Colisão lateral mesmo sentido,Com Vítimas Feridas,Pleno dia,Crescente,Céu Claro,Dupla,Viaduto,Sim,4,0,1,1,1,3,2,5,"-16,7366","-49,243",SPRF-GO,DEL01-GO,UOP01-DEL01-GO
585911,2024-03-08,sexta-feira,16:51:00,SP,116,509,CAJATI,Reação tardia ou ineficiente do condutor,Saída de leito carroçável,Com Vítimas Feridas,Pleno dia,Crescente,Garoa/Chuvisco,Múltipla,Curva,Não,1,0,1,0,0,0,1,1,"-24,82178987","-48,21419034",SPRF-SP,DEL05-SP,UOP02-DEL05-SP
585917,2024-03-08,sexta-feira,04:00:00,BA,101,"126,3",ALAGOINHAS,Velocidade Incompatível,Tombamento,Com Vítimas Feridas,Amanhecer,Crescente,Ignorado,Simples,Curva;Declive,Não,2,0,1,0,0,2,1,3,"-12,19979483","-38,59985325",SPRF-BA,DEL01-BA,UOP04-DEL01-BA
585920,2024-03-08,sexta-feira,14:15:00,MT,163,780,SORRISO,Demais falhas mecânicas ou elétricas,Incêndio,Sem Vítimas,Pleno dia,Decrescente,Céu Claro,Simples,Reta,Não,2,0,0,0,1,2,0,3,"-12,33445708","-55,58934832",SPRF-MT,DEL06-MT,UOP02-DEL06-MT
585921,2024-03-08,sexta-feira,13:30:00,PR,153,389,MALLET,Transitar na contramão,Colisão frontal,Sem Vítimas,Pleno dia,Crescente,Nublado,Simples,Declive,Não,2,0,0,0,1,1,0,2,"-25,884455","-50,837606",SPRF-PR,DEL08-PR,UOP02-DEL08-PR
585922,2024-03-08,sexta-feira,12:45:00,SC,280,32,ARAQUARI,Chuva,Colisão lateral mesmo sentido,Com Vítimas Feridas,Pleno dia,Decrescente,Chuva,Simples,Reta,Não,3,0,2,0,1,0,2,3,"-26,420618","-48,779335",SPRF-SC,DEL03-SC,UOP03-DEL03-SC
585925,2024-03-08,sexta-feira,16:20:00,MS,262,10,TRES LAGOAS,Condutor deixou de manter distância do veículo da frente,Colisão traseira,Com Vítimas Feridas,Pleno dia,Decrescente,Céu Claro,Simples,Curva,Não,2,0,1,0,1,0,1,2,"-20,81201065","-51,69252359",SPRF-MS,DEL07-MS,UOP01-DEL07-MS
585931,2024-03-08,sexta-feira,17:46:00,SP,153,"105,7",JOSE BONIFACIO,Ausência de reação do condutor,Saída de leito carroçável,Com Vítimas Feridas,Pleno dia,Decrescente,Céu Claro,Simples,Reta,Não,2,0,1,0,0,1,1,2,"-21,047516","-49,654482",SPRF-SP,DEL09-SP,UOP01-DEL09-SP
585941,2024-03-08,sexta-feira,12:15:00,SC,282,"147,8",BOM RETIRO,Condutor deixou de manter distância do veículo da frente,Colisão traseira,Com Vítimas Feridas,Pleno dia,Decrescente,Chuva,Simples,Reta,Não,5,0,2,0,2,3,2,7,"-27,788177","-49,641987",SPRF-SC,DEL05-SC,UOP01-DEL05-SC
585946,2024-03-08,sexta-feira,15:25:00,RS,386,"159,8",ALMIRANTE TAMANDARE DO SUL,Acumulo de água sobre o pavimento,Colisão lateral sentido oposto,Com Vítimas Feridas,Pleno dia,Crescente,Chuva,Simples,Curva,Não,3,0,1,0,1,1,1,3,"-28,150818","-52,847565",SPRF-RS,DEL08-RS,UOP01-DEL08-RS
585949,2024-03-08,sexta-feira,16:30:00,PR,153,"32,9",SANTO ANTONIO DA PLATINA,Reação tardia ou ineficiente do condutor,Saída de leito carroçável,Com Vítimas Feridas,Pleno dia,Crescente,Céu Claro,Simples,Curva,Não,1,0,1,0,0,0,1,1,"-23,22711873","-50,02866715",SPRF-PR,DEL07-PR,UOP04-DEL07-PR
585951,2024-03-08,sexta-feira,14:55:00,RO,364,464,ARIQUEMES,Pista Escorregadia,Saída de leito carroçável,Sem Vítimas,Pleno dia,Decrescente,Chuva,Simples,Declive,Não,1,0,0,0,1,0,0,1,"-10,22931551","-62,75479234",SPRF-RO,DEL03-RO,UOP01-DEL03-RO
585956,2024-03-08,sexta-feira,17:00:00,SC,101,111,ITAJAI,Reação tardia ou ineficiente do condutor,Colisão lateral mesmo sentido,Com Vítimas Feridas,Pleno dia,Decrescente,Céu Claro,Dupla,Ponte,Sim,3,0,1,0,2,0,1,3,"-26,83955734","-48,71418074",SPRF-SC,DEL04-SC,UOP04-DEL04-SC
585961,2024-03-08,sexta-feira,13:45:00,PA,10,292,MAE DO RIO,Manobra de mudança de faixa,Tombamento,Com Vítimas Feridas,Pleno dia,Crescente,Céu Claro,Simples,Aclive,Não,2,0,1,0,0,1,1,2,"-1,87665","-47,523024",SPRF-PA,DEL02-PA,UOP01-DEL02-PA
585963,2024-03-08,sexta-feira,19:15:00,PR,376,500,PONTA GROSSA,Acessar a via sem observar a presença dos outros veículos,Colisão transversal,Com Vítimas Feridas,Plena Noite,Crescente,Nublado,Simples,Interseção de Vias,Não,3,0,1,0,1,2,1,4,"-25,20185079","-50,07092178",SPRF-PR,DEL03-PR,UOP04-DEL03-PR
585965,2024-03-08,sexta-feira,20:25:00,SC,101,"44,3",JOINVILLE,Manobra de mudança de faixa,Colisão lateral mesmo sentido,Com Vítimas Feridas,Plena Noite,Decrescente,Chuva,Múltipla,Reta,Sim,4,0,1,0,2,1,1,4,"-26,33899916","-48,85911942",SPRF-SC,DEL03-SC,UOP01-DEL03-SC
585971,2024-03-08,sexta-feira,18:45:00,PR,277,"512,6",GUARANIACU,Acessar a via sem observar a presença dos outros veículos,Colisão transversal,Com Vítimas Fatais,Anoitecer,Decrescente,Céu Claro,Simples,Reta,Não,4,1,0,1,2,0,1,2,"-25,12196181","-52,80303955",SPRF-PR,DEL04-PR,UOP04-DEL04-PR
585972,2024-03-08,sexta-feira,20:00:00,BA,116,146,CANUDOS,Pista esburacada,Tombamento,Sem Vítimas,Plena Noite,Decrescente,Céu Claro,Simples,Reta,Não,2,0,0,0,1,1,0,2,"-9,88508705","-39,16553279",SPRF-BA,DEL07-BA,UOP01-DEL07-BA
585974,2024-03-08,sexta-feira,20:50:00,SP,116,"76,8",ROSEIRA,Deficiência do Sistema de Iluminação/Sinalização,Colisão traseira,Com Vítimas Feridas,Plena Noite,Decrescente,Nublado,Dupla,Reta,Não,3,0,2,0,1,0,2,2,"-22,87747687","-45,27203908",SPRF-SP,DEL08-SP,UOP01-DEL08-SP
585976,2024-03-08,sexta-feira,19:50:00,ES,262,107,VENDA NOVA DO IMIGRANTE,Ultrapassagem Indevida,Colisão lateral mesmo sentido,Com Vítimas Feridas,Plena Noite,Decrescente,Céu Claro,Simples,Reta,Sim,3,0,0,2,1,0,2,2,"-20,32991844","-41,15343646",SPRF-ES,DEL01-ES,UOP02-DEL01-ES
585988,2024-03-08,sexta-feira,14:56:00,MG,116,"81,1",MEDINA,Ausência de reação do condutor,Colisão lateral sentido oposto,Com Vítimas Fatais,Pleno dia,Crescente,Céu Claro,Simples,Reta,Não,6,1,0,1,3,3,1,8,"-16,28447738","-41,46992308",SPRF-MG,DEL11-MG,UOP02-DEL11-MG
586007,2024-03-09,sábado,00:05:00,PB,101,"10,6",MAMANGUAPE,Transtornos Mentais (exceto suicidio),Queda de ocupante de veículo,Com Vítimas Feridas,Plena Noite,Decrescente,Céu Claro,Dupla,Aclive,Não,2,0,0,1,1,0,1,1,"-6,583587","-35,144005",SPRF-PB,DEL01-PB,UOP04-DEL01-PB
586010,2024-03-09,sábado,00:20:00,SE,101,"66,6",MARUIM,Transitar na contramão,Colisão frontal,Sem Vítimas,Plena Noite,Crescente,Céu Claro,Simples,Aclive;Reta;Em Obras,Não,3,0,0,0,1,2,0,3,"-10,71207086","-37,05954216",SPRF-SE,DEL02-SE,UOP02-DEL02-SE
586015,2024-03-08,sexta-feira,23:19:00,RJ,101,126,CONCEICAO DE MACABU,Mal súbito do condutor,Colisão com objeto,Sem Vítimas,Plena Noite,Crescente,Chuva,Dupla,Reta,Não,2,0,0,0,2,0,0,1,"-22,07552106","-41,6876848",SPRF-RJ,DEL08-RJ,UOP04-DEL08-RJ
586022,2024-03-09,sábado,00:30:00,MG,262,128,RIO CASCA,Demais falhas mecânicas ou elétricas,Incêndio,Sem Vítimas,Plena Noite,Crescente,Céu Claro,Simples,Reta,Não,1,0,0,0,1,0,0,1,"-20,17258903","-42,69802405",SPRF-MG,DEL03-MG,UOP03-DEL03-MG
586024,2024-03-09,sábado,02:00:00,PR,376,"171,2",MARINGA,Ausência de reação do condutor,Colisão traseira,Com Vítimas Feridas,Plena Noite,Decrescente,Céu Claro,Dupla,Reta,Sim,3,0,0,2,0,1,2,2,"-23,41595703","-51,97950402",SPRF-PR,DEL09-PR,UOP01-DEL09-PR
586029,2024-03-09,sábado,03:00:00,PR,376,658,TIJUCAS DO SUL,Reação tardia ou ineficiente do condutor,Colisão com objeto,Com Vítimas Feridas,Plena Noite,Decrescente,Garoa/Chuvisco,Dupla,Curva,Não,2,0,1,0,0,1,1,2,"-25,85300602","-49,02166198",SPRF-PR,DEL01-PR,UOP04-DEL01-PR
586030,2024-03-09,sábado,04:45:00,MG,381,154,GOVERNADOR VALADARES,Acesso irregular,Colisão frontal,Com Vítimas Feridas,Pleno dia,Crescente,Céu Claro,Simples,Reta,Não,2,0,0,1,1,0,1,2,"-18,88666107","-42,00230199",SPRF-MG,DEL06-MG,UOP01-DEL06-MG
586033,2024-03-09,sábado,05:30:00,SC,101,"236,1",PALHOCA,Afundamento ou ondulação no pavimento,Saída de leito carroçável,Com Vítimas Fatais,Plena Noite,Decrescente,Garoa/Chuvisco,Dupla,Viaduto;Reta,Não,4,1,2,0,0,1,2,2,"-27,82769","-48,63002",SPRF-SC,DEL01-SC,UOP02-DEL01-SC
586039,2024-03-09,sábado,04:10:00,MG,381,"671,6",PERDOES,Velocidade Incompatível,Saída de leito carroçável,Com Vítimas Fatais,Plena Noite,Crescente,Chuva,Dupla,Declive;Curva,Não,5,1,0,2,1,1,2,3,"-21,08945416","-45,06864195",SPRF-MG,DEL04-MG,UOP02-DEL04-MG
586041,2024-03-08,sexta-feira,18:30:00,MG,251,"494,5",FRANCISCO SA,Demais falhas mecânicas ou elétricas,Incêndio,Sem Vítimas,Plena Noite,Decrescente,Céu Claro,Simples,Reta,Não,2,0,0,0,1,1,0,2,"-16,55575876","-43,6098222",SPRF-MG,DEL12-MG,UOP01-DEL12-MG
586049,2024-03-09,sábado,00:44:00,SC,280,75,JARAGUA DO SUL,Ingestão de álcool pelo condutor,Colisão frontal,Com Vítimas Feridas,Plena Noite,Crescente,Garoa/Chuvisco,Simples,Reta,Não,3,0,1,0,1,1,1,3,"-26,458391","-49,170483",SPRF-SC,DEL03-SC,UOP03-DEL03-SC
586050,2024-03-08,sexta-feira,21:40:00,GO,364,8,SAO SIMAO,Acessar a via sem observar a presença dos outros veículos,Colisão com objeto,Sem Vítimas,Plena Noite,Decrescente,Céu Claro,Simples,Reta,Sim,4,0,0,0,3,3,0,5,"-19,00415","-50,555191",SPRF-GO,DEL05-GO,UOP02-DEL05-GO
586054,2024-03-09,sábado,07:00:00,GO,50,"215,3",CAMPO ALEGRE DE GOIAS,Condutor Dormindo,Colisão traseira,Com Vítimas Feridas,Pleno dia,Crescente,Céu Claro,Dupla,Reta,Não,4,0,1,0,2,3,1,5,"-17,6806","-47,7281",SPRF-GO,DEL06-GO,UOP01-DEL06-GO
586056,2024-03-09,sábado,07:30:00,ES,101,297,VIANA,Manobra de mudança de faixa,Colisão com objeto,Com Vítimas Feridas,Pleno dia,Crescente,Céu Claro,Dupla,Reta,Sim,5,0,1,0,1,4,1,6,"-20,3493338","-40,41226261",SPRF-ES,DEL01-ES,UOP01-DEL01-ES
586060,2024-03-09,sábado,05:00:00,MS,60,393,SIDROLANDIA,Ingestão de álcool pelo condutor,Saída de leito carroçável,Sem Vítimas,Amanhecer,Decrescente,Céu Claro,Simples,Reta,Não,1,0,0,0,1,0,0,1,"-20,73820805","-54,7809068",SPRF-MS,DEL01-MS,UOP04-DEL01-MS
586078,2024-03-09,sábado,08:55:00,RJ,40,109,DUQUE DE CAXIAS,Ultrapassagem Indevida,Colisão lateral mesmo sentido,Com Vítimas Feridas,Pleno dia,Crescente,Céu Claro,Dupla,Reta,Sim,3,0,1,0,2,0,1,2,"-22,67374628","-43,28638368",SPRF-RJ,DEL01-RJ,UOP02-DEL01-RJ
586084,2024-03-09,sábado,08:00:00,MG,381,393,BOM JESUS DO AMPARO,Reação tardia ou ineficiente do condutor,Tombamento,Com Vítimas Feridas,Pleno dia,Crescente,Nublado,Dupla,Aclive;Reta,Não,2,0,1,0,0,1,1,2,"-19,75958849","-43,46406908",SPRF-MG,DEL01-MG,UOP01-DEL01-MG
586085,2024-03-09,sábado,09:00:00,MT,158,728,BARRA DO GARCAS,Manobra de mudança de faixa,Tombamento,Com Vítimas Feridas,Pleno dia,Crescente,Sol,Simples,Reta,Não,2,0,1,0,0,2,1,3,"-15,29706578","-52,17788754",SPRF-MT,DEL07-MT,UOP01-DEL07-MT
586086,2024-03-09,sábado,08:35:00,RS,392,"265,4",CACAPAVA DO SUL,Reação tardia ou ineficiente do condutor,Saída de leito carroçável,Com Vítimas Fatais,Pleno dia,Crescente,Garoa/Chuvisco,Simples,Reta;Declive,Não,6,1,2,0,3,0,2,1,"-30,430232","-53,499739",SPRF-RS,DEL09-RS,UOP02-DEL09-RS
586097,2024-03-09,sábado,11:35:00,MG,40,"624,9",CONSELHEIRO LAFAIETE,Condutor deixou de manter distância do veículo da frente,Colisão traseira,Com Vítimas Feridas,Pleno dia,Crescente,Céu Claro,Simples,Reta,Não,3,0,1,0,1,1,1,3,"-20,61105611","-43,80635422",SPRF-MG,DEL05-MG,UOP02-DEL05-MG
586102,2024-03-09,sábado,11:55:00,RJ,101,276,TANGUA,Manobra de mudança de faixa,Colisão traseira,Com Vítimas Feridas,Pleno dia,Crescente,Céu Claro,Dupla,Reta,Sim,5,0,2,0,2,1,2,3,"-22,73796393","-42,73871802",SPRF-RJ,DEL02-RJ,UOP03-DEL02-RJ
586105,2024-03-09,sábado,10:14:00,MG,381,525,BRUMADINHO,Velocidade Incompatível,Colisão com objeto,Com Vítimas Feridas,Pleno dia,Crescente,Céu Claro,Dupla,Curva;Declive,Não,2,0,1,0,0,1,1,2,"-20,16710798","-44,33422398",SPRF-MG,DEL04-MG,UOP03-DEL04-MG
586106,2024-03-09,sábado,12:20:00,TO,235,175,TUPIRAMA,Ausência de reação do condutor,Colisão frontal,Com Vítimas Feridas,Pleno dia,Crescente,Céu Claro,Simples,Reta,Não,3,0,0,2,0,6,2,8,"-8,96918589","-48,26393399",SPRF-TO,DEL02-TO,UOP02-DEL02-TO
586115,2024-03-09,sábado,10:20:00,SC,282,"622,9",IRACEMINHA,Demais falhas mecânicas ou elétricas,Incêndio,Sem Vítimas,Pleno dia,Decrescente,Céu Claro,Simples,Curva;Declive,Não,2,0,0,0,1,1,0,2,"-26,797441","-53,323349",SPRF-SC,DEL07-SC,UOP02-DEL07-SC
586120,2024-03-09,sábado,09:40:00,AM,230,"616,3",HUMAITA,Acessar a via sem observar a presença dos outros veículos,Colisão lateral mesmo sentido,Com Vítimas Feridas,Pleno dia,Decrescente,Céu Claro,Simples,Reta,Sim,2,0,0,1,1,0,1,2,"-7,53522108","-63,05604989",SPRF-AM,DEL01-AM,UOP05-DEL01-AM
586124,2024-03-09,sábado,14:00:00,RS,153,556,BAGE,Avarias e/ou desgaste excessivo no pneu,Saída de leito carroçável,Com Vítimas Feridas,Pleno dia,Crescente,Céu Claro,Simples,Curva;Declive,Não,2,0,1,1,0,0,2,1,"-30,884673","-53,614644",SPRF-RS,DEL11-RS,UOP03-DEL11-RS
586128,2024-03-09,sábado,10:50:00,MG,251,"330,5",FRUTA DE LEITE,Demais falhas na via,Tombamento,Com Vítimas Feridas,Pleno dia,Crescente,Sol,Simples,Declive;Curva,Não,2,0,2,0,0,0,2,1,"-16,24846247","-42,38739967",SPRF-MG,DEL12-MG,UOP02-DEL12-MG
586130,2024-03-09,sábado,13:45:00,MT,163,106,RONDONOPOLIS,Velocidade Incompatível,Colisão lateral mesmo sentido,Sem Vítimas,Pleno dia,Decrescente,Céu Claro,Dupla,Aclive;Reta,Não,3,0,0,0,2,3,0,5,"-16,61130805","-54,70053179",SPRF-MT,DEL02-MT,UOP01-DEL02-MT
586133,2024-03-09,sábado,09:30:00,MG,365,"83,5",JEQUITAI,Ausência de reação do condutor,Colisão traseira,Com Vítimas Feridas,Pleno dia,Decrescente,Céu Claro,Simples,Reta,Não,5,0,0,1,1,3,1,4,"-17,16221758","-44,400429",SPRF-MG,DEL12-MG,UOP01-DEL12-MG
586142,2024-03-09,sábado,16:00:00,SP,381,85,SAO PAULO,Ausência de reação do condutor,Tombamento,Com Vítimas Fatais,Pleno dia,Crescente,Nublado,Dupla,Aclive;Reta,Sim,2,1,0,0,0,1,0,2,"-23,45730871","-46,571433",SPRF-SP,DEL03-SP,UOP01-DEL03-SP
586146,2024-03-09,sábado,15:15:00,RO,364,"515,3",ARIQUEMES,Acessar a via sem observar a presença dos outros veículos,Colisão transversal,Com Vítimas Feridas,Pleno dia,Crescente,Céu Claro,Simples,Reta,Sim,5,0,2,0,2,3,2,5,"-9,92497302","-63,05491046",SPRF-RO,DEL03-RO,UOP01-DEL03-RO
586151,2024-03-09,sábado,15:00:00,PR,373,"218,2",IMBITUVA,Ingestão de álcool pelo condutor,Saída de leito carroçável,Sem Vítimas,Pleno dia,Decrescente,Céu Claro,Simples,Aclive;Reta,Não,1,0,0,0,1,0,0,1,"-25,16064674","-50,55360764",SPRF-PR,DEL03-PR,UOP01-DEL03-PR
586156,2024-03-09,sábado,16:50:00,MS,158,97,PARANAIBA,Manobra de mudança de faixa,Tombamento,Com Vítimas Feridas,Anoitecer,Decrescente,Nublado,Dupla,Curva,Sim,4,0,2,0,0,2,2,3,"-19,69627676","-51,17701292",SPRF-MS,DEL08-MS,UOP01-DEL08-MS
586161,2024-03-09,sábado,15:00:00,RJ,393,140,SAPUCAIA,Problema com o freio,Saída de leito carroçável,Com Vítimas Feridas,Pleno dia,Crescente,Céu Claro,Simples,Curva,Não,1,0,1,0,0,0,1,1,"-22,00993396","-42,94794103",SPRF-RJ,DEL05-RJ,UOP01-DEL05-RJ
586167,2024-03-09,sábado,18:45:00,CE,116,"193,8",LIMOEIRO DO NORTE,Desrespeitar a preferência no cruzamento,Colisão transversal,Com Vítimas Fatais,Plena Noite,Decrescente,Nublado,Dupla,Reta;Declive;Rotatória,Sim,9,2,0,3,3,1,3,5,"-5,1394461","-38,15730688",SPRF-CE,DEL03-CE,UOP01-DEL03-CE