id,data_inversa,dia_semana,horario,uf,br,km,municipio,causa_acidente,tipo_acidente,classificacao_acidente,fase_dia,sentido_via,condicao_metereologica,tipo_pista,tracado_via,uso_solo,pessoas,mortos,feridos_leves,feridos_graves,ilesos,ignorados,feridos,veiculos,latitude,longitude,regional,delegacia,uop
587036,2024-03-13,quarta-feira,17:30:00,SC,470,147,RIO DO SUL,Ultrapassagem Indevida,Colisão transversal,Com Vítimas Feridas,Pleno dia,Decrescente,Céu Claro,Simples,Reta,Sim,2,0,0,1,1,0,1,2,"-27,240673","-49,685822",SPRF-SC,DEL04-SC,UOP02-DEL04-SC
587046,2024-03-13,quarta-feira,14:30:00,RJ,116,"274,6",BARRA MANSA,Ausência de reação do condutor,Colisão com objeto,Com Vítimas Feridas,Pleno dia,Decrescente,Sol,Dupla,Reta,Não,3,0,1,0,1,1,1,3,"-22,56163574","-44,14771584",SPRF-RJ,DEL07-RJ,UOP02-DEL07-RJ
587047,2024-03-13,quarta-feira,13:00:00,AL,101,82,RIO LARGO,Velocidade Incompatível,Tombamento,Com Vítimas Feridas,Pleno dia,Decrescente,Chuva,Dupla,Ponte;Declive,Não,1,0,1,0,0,0,1,1,"-9,44864971","-35,86079908",SPRF-AL,DEL01-AL,UOP01-DEL01-AL
587052,2024-03-13,quarta-feira,18:00:00,PR,163,293,MARECHAL CANDIDO RONDON,Acessar a via sem observar a presença dos outros veículos,Colisão transversal,Com Vítimas Feridas,Pleno dia,Crescente,Céu Claro,Simples,Aclive;Reta;Interseção de Vias,Não,3,0,0,1,1,1,1,3,"-24,51149718","-54,11831975",SPRF-PR,DEL06-PR,UOP02-DEL06-PR
587057,2024-03-13,quarta-feira,17:14:00,AC,317,292,EPITACIOLANDIA,Ausência de reação do condutor,Colisão transversal,Com Vítimas Feridas,Pleno dia,Decrescente,Céu Claro,Simples,Reta,Sim,2,0,1,0,1,0,1,2,"-11,03108421","-68,73276472",SPRF-AC,DEL01-AC,UOP02-DEL01-AC
587061,2024-03-13,quarta-feira,19:00:00,SC,101,"236,3",PALHOCA,Acessar a via sem observar a presença dos outros veículos,Colisão lateral mesmo sentido,Com Vítimas Fatais,Plena Noite,Crescente,Céu Claro,Dupla,Reta,Não,5,1,1,0,1,4,1,6,"-27,829308","-48,6300206",SPRF-SC,DEL01-SC,UOP02-DEL01-SC
587062,2024-03-13,quarta-feira,16:15:00,BA,330,830,IPIAU,Acessar a via sem observar a presença dos outros veículos,Colisão transversal,Com Vítimas Feridas,Pleno dia,Crescente,Céu Claro,Simples,Curva,Não,2,0,0,1,1,0,1,2,"-14,08149106","-39,78114237",SPRF-BA,DEL03-BA,UOP01-DEL03-BA
587068,2024-03-13,quarta-feira,18:10:00,MT,364,203,RONDONOPOLIS,Demais falhas mecânicas ou elétricas,Incêndio,Sem Vítimas,Anoitecer,Decrescente,Garoa/Chuvisco,Dupla,Reta,Sim,2,0,0,0,1,1,0,2,"-16,47555256","-54,65344724",SPRF-MT,DEL02-MT,UOP01-DEL02-MT
587069,2024-03-13,quarta-feira,14:00:00,MG,365,344,VARJAO DE MINAS,Mal súbito do condutor,Colisão frontal,Com Vítimas Feridas,Pleno dia,Crescente,Céu Claro,Simples,Reta,Sim,3,0,1,0,1,2,1,4,"-18,31606807","-45,981434",SPRF-MG,DEL10-MG,UOP01-DEL10-MG
587074,2024-03-13,quarta-feira,18:50:00,SC,101,"37,2",JOINVILLE,Avarias e/ou desgaste excessivo no pneu,Colisão com objeto,Com Vítimas Feridas,Plena Noite,Crescente,Céu Claro,Dupla,Reta,Não,4,0,1,0,2,2,1,5,"-26,25050176","-48,90863867",SPRF-SC,DEL03-SC,UOP01-DEL03-SC
587076,2024-03-13,quarta-feira,19:15:00,SE,101,"74,5",MARUIM,Demais falhas mecânicas ou elétricas,Incêndio,Sem Vítimas,Plena Noite,Crescente,Chuva,Dupla,Reta;Em Obras,Não,2,0,0,0,1,2,0,3,"-10,76273662","-37,11145231",SPRF-SE,DEL01-SE,UOP01-DEL01-SE
587085,2024-03-13,quarta-feira,21:50:00,AL,101,135,SAO MIGUEL DOS CAMPOS,Área urbana sem a presença de local apropriado para a travessia de pedestres,Atropelamento de Pedestre,Com Vítimas Fatais,Plena Noite,Crescente,Céu Claro,Simples,Reta,Sim,2,1,0,0,0,1,0,2,"-9,77991538","-36,10623646",SPRF-AL,DEL02-AL,UOP01-DEL02-AL
587089,2024-03-13,quarta-feira,18:05:00,PB,230,"124,3",RIACHAO DO BACAMARTE,Condutor Dormindo,Colisão traseira,Sem Vítimas,Plena Noite,Crescente,Chuva,Dupla,Aclive;Reta,Não,3,0,0,0,2,1,0,3,"-7,25038","-35,683654",SPRF-PB,DEL02-PB,UOP01-DEL02-PB
587100,2024-03-13,quarta-feira,15:45:00,PA,230,1116,ITAITUBA,Transitar na contramão,Colisão frontal,Com Vítimas Fatais,Pleno dia,Crescente,Garoa/Chuvisco,Simples,Reta,Não,3,1,0,0,1,2,0,4,"-4,35698041","-55,80607483",SPRF-PA,DEL05-PA,UOP02-DEL05-PA
587101,2024-03-13,quarta-feira,23:15:00,SP,116,85,PINDAMONHANGABA,Ausência de reação do condutor,Colisão traseira,Com Vítimas Feridas,Plena Noite,Decrescente,Céu Claro,Dupla,Reta,Sim,2,0,1,0,1,0,1,2,"-22,92211829","-45,34450085",SPRF-SP,DEL08-SP,UOP01-DEL08-SP
587102,2024-02-02,sexta-feira,05:40:00,SC,101,"106,1",PENHA,Ausência de reação do condutor,Colisão traseira,Com Vítimas Feridas,Amanhecer,Crescente,Nublado,Múltipla,Interseção de Vias;Retorno Regulamentado,Sim,3,0,1,0,1,2,1,4,"-26,81031601","-48,68293896",SPRF-SC,DEL03-SC,UOP02-DEL03-SC
587103,2024-03-13,quarta-feira,23:11:00,PE,424,91,GARANHUNS,Pedestre andava na pista,Atropelamento de Pedestre,Com Vítimas Fatais,Plena Noite,Crescente,Céu Claro,Simples,Reta,Não,2,1,0,0,0,1,0,2,"-8,90409633","-36,49974647",SPRF-PE,DEL03-PE,UOP01-DEL03-PE
587105,2024-03-14,quinta-feira,00:15:00,MG,262,554,LUZ,Ausência de reação do condutor,Tombamento,Com Vítimas Fatais,Plena Noite,Decrescente,Céu Claro,Simples,Curva,Não,2,1,0,0,0,1,0,2,"-19,71480322","-45,90726126",SPRF-MG,DEL08-MG,UOP02-DEL08-MG
587107,2024-03-14,quinta-feira,00:30:00,SC,101,"374,7",ICARA,Condutor Dormindo,Saída de leito carroçável,Com Vítimas Feridas,Plena Noite,Decrescente,Nevoeiro/Neblina,Dupla,Reta,Não,2,0,1,0,0,2,1,3,"-28,736311","-49,24681664",SPRF-SC,DEL02-SC,UOP01-DEL02-SC
587109,2024-03-14,quinta-feira,00:20:00,RJ,116,144,DUQUE DE CAXIAS,Pedestre cruzava a pista fora da faixa,Atropelamento de Pedestre,Com Vítimas Feridas,Plena Noite,Crescente,Céu Claro,Dupla,Reta,Não,2,0,1,0,1,0,1,2,"-22,66687859","-43,26368215",SPRF-RJ,DEL01-RJ,UOP02-DEL01-RJ
587110,2024-03-14,quinta-feira,00:03:00,PE,316,60,TRINDADE,Pedestre andava na pista,Atropelamento de Pedestre,Com Vítimas Fatais,Plena Noite,Decrescente,Nublado,Simples,Declive,Sim,2,1,0,0,0,1,0,2,"-7,777446","-40,247628",SPRF-PE,DEL05-PE,UOP02-DEL05-PE
587111,2024-03-13,quarta-feira,22:56:00,MG,381,"805,2",SAO GONCALO DO SAPUCAI,Carga excessiva e/ou mal acondicionada,Colisão com objeto,Com Vítimas Feridas,Plena Noite,Decrescente,Ignorado,Dupla,Reta,Não,2,0,1,0,1,0,1,2,"-21,97055811","-45,63081659",SPRF-MG,DEL16-MG,UOP02-DEL16-MG
587113,2024-03-14,quinta-feira,02:00:00,RS,392,"169,8",PIRATINI,Ausência de reação do condutor,Colisão lateral sentido oposto,Com Vítimas Fatais,Plena Noite,Crescente,Nevoeiro/Neblina,Simples,Reta,Não,3,1,0,1,0,1,1,3,"-31,07128409","-52,9987341",SPRF-RS,DEL07-RS,UOP01-DEL07-RS
587114,2024-03-14,quinta-feira,03:50:00,RJ,101,66,CAMPOS DOS GOYTACAZES,Reação tardia ou ineficiente do condutor,Colisão transversal,Com Vítimas Fatais,Plena Noite,Crescente,Céu Claro,Simples,Curva;Rotatória;Interseção de Vias,Sim,7,1,2,2,2,0,4,2,"-21,765306","-41,346521",SPRF-RJ,DEL08-RJ,UOP02-DEL08-RJ
587118,2024-03-14,quinta-feira,04:55:00,MG,381,481,CONTAGEM,Manobra de mudança de faixa,Colisão lateral mesmo sentido,Sem Vítimas,Amanhecer,Crescente,Céu Claro,Dupla,Reta,Sim,4,0,0,0,2,2,0,3,"-19,95931561","-44,08825597",SPRF-MG,DEL01-MG,UOP03-DEL01-MG
587119,2024-03-14,quinta-feira,05:58:00,ES,101,263,SERRA,Ausência de reação do condutor,Colisão traseira,Sem Vítimas,Amanhecer,Decrescente,Céu Claro,Múltipla,Reta,Sim,2,0,0,0,1,1,0,2,"-20,16554736","-40,27301648",SPRF-ES,DEL02-ES,UOP01-DEL02-ES
587123,2024-03-14,quinta-feira,05:30:00,SC,280,34,ARAQUARI,Acessar a via sem observar a presença dos outros veículos,Colisão transversal,Com Vítimas Feridas,Amanhecer,Decrescente,Céu Claro,Simples,Reta,Sim,3,0,1,0,1,2,1,4,"-26,42993971","-48,79615614",SPRF-SC,DEL03-SC,UOP03-DEL03-SC
587124,2024-03-14,quinta-feira,06:30:00,MG,381,486,BETIM,Trafegar com motocicleta (ou similar) entre as faixas,Colisão lateral mesmo sentido,Com Vítimas Fatais,Pleno dia,Decrescente,Céu Claro,Múltipla,Reta,Sim,2,1,0,0,0,1,0,2,"-19,95644414","-44,13611598",SPRF-MG,DEL01-MG,UOP03-DEL01-MG
587127,2024-03-14,quinta-feira,06:50:00,SP,381,80,SAO PAULO,Reação tardia ou ineficiente do condutor,Colisão traseira,Com Vítimas Feridas,Pleno dia,Decrescente,Céu Claro,Dupla,Aclive;Curva,Sim,2,0,1,0,0,1,1,2,"-23,40889686","-46,58095945",SPRF-SP,DEL03-SP,UOP01-DEL03-SP
587130,2024-03-14,quinta-feira,06:50:00,RS,448,21,CANOAS,Reação tardia ou ineficiente do condutor,Colisão traseira,Com Vítimas Feridas,Pleno dia,Crescente,Céu Claro,Múltipla,Reta,Não,5,0,2,0,3,0,2,3,"-29,96574","-51,202034",SPRF-RS,DEL01-RS,UOP01-DEL01-RS
587132,2024-03-13,quarta-feira,23:20:00,PA,316,119,SANTA MARIA DO PARA,Entrada inopinada do pedestre,Atropelamento de Pedestre,Com Vítimas Feridas,Plena Noite,Crescente,Céu Claro,Simples,Reta,Não,4,0,0,1,3,0,1,2,"-1,313478","-47,432678",SPRF-PA,DEL01-PA,UOP02-DEL01-PA
587135,2024-03-13,quarta-feira,21:20:00,PR,163,"38,6",SANTO ANTONIO DO SUDOESTE,Ausência de reação do condutor,Colisão frontal,Com Vítimas Feridas,Plena Noite,Decrescente,Céu Claro,Simples,Curva;Declive,Não,2,0,0,1,1,0,1,2,"-26,04074358","-53,72910976",SPRF-PR,DEL02-PR,UOP02-DEL02-PR
587140,2024-03-14,quinta-feira,06:40:00,SE,101,69,MARUIM,Acessar a via sem observar a presença dos outros veículos,Colisão transversal,Com Vítimas Feridas,Pleno dia,Crescente,Céu Claro,Simples,Rotatória;Reta;Interseção de Vias,Sim,4,0,2,0,2,0,2,2,"-10,72937357","-37,0810103",SPRF-SE,DEL01-SE,UOP01-DEL01-SE
587145,2024-03-14,quinta-feira,07:50:00,RJ,101,491,ANGRA DOS REIS,Acesso irregular,Colisão transversal,Com Vítimas Feridas,Pleno dia,Decrescente,Céu Claro,Simples,Reta,Sim,2,0,0,1,1,0,1,2,"-22,95442983","-44,32193004",SPRF-RJ,DEL03-RJ,UOP03-DEL03-RJ
587150,2024-03-14,quinta-feira,07:30:00,BA,101,217,MURITIBA,Manobra de mudança de faixa,Colisão lateral sentido oposto,Com Vítimas Feridas,Pleno dia,Crescente,Céu Claro,Simples,Reta,Sim,4,0,0,1,2,1,1,4,"-12,620522","-39,088215",SPRF-BA,DEL01-BA,UOP02-DEL01-BA
587153,2024-03-14,quinta-feira,08:15:00,RJ,493,52,DUQUE DE CAXIAS,Manobra de mudança de faixa,Colisão lateral mesmo sentido,Com Vítimas Feridas,Pleno dia,Crescente,Céu Claro,Dupla,Reta,Não,2,0,1,0,1,0,1,2,"-22,672089","-43,285053",SPRF-RJ,DEL01-RJ,UOP03-DEL01-RJ
587154,2024-03-14,quinta-feira,08:30:00,SC,470,"141,3",RIO DO SUL,Problema com o freio,Colisão traseira,Com Vítimas Feridas,Pleno dia,Crescente,Nublado,Simples,Reta,Sim,4,0,1,0,2,2,1,5,"-27,20809484","-49,65012431",SPRF-SC,DEL04-SC,UOP02-DEL04-SC
587156,2024-03-14,quinta-feira,08:30:00,PB,230,"147,5",CAMPINA GRANDE,Condutor deixou de manter distância do veículo da frente,Colisão traseira,Com Vítimas Fatais,Pleno dia,Crescente,Céu Claro,Dupla,Reta,Sim,3,1,1,0,0,1,1,2,"-7,2425","-35,8567",SPRF-PB,DEL02-PB,UOP01-DEL02-PB
587167,2024-03-14,quinta-feira,07:34:00,PR,369,"442,2",UBIRATA,Reação tardia ou ineficiente do condutor,Colisão traseira,Com Vítimas Feridas,Pleno dia,Decrescente,Céu Claro,Simples,Aclive;Reta,Não,4,0,0,3,0,3,3,5,"-24,55718","-53,07734",SPRF-PR,DEL04-PR,UOP03-DEL04-PR
587171,2024-03-14,quinta-feira,08:20:00,PE,232,75,GRAVATA,Demais falhas mecânicas ou elétricas,Saída de leito carroçável,Com Vítimas Feridas,Pleno dia,Decrescente,Céu Claro,Dupla,Aclive;Reta,Não,1,0,1,0,0,0,1,1,"-8,19737799","-35,525476",SPRF-PE,DEL02-PE,UOP02-DEL02PE
587176,2024-03-14,quinta-feira,10:50:00,MS,463,84,PONTA PORA,Transitar na contramão,Colisão lateral mesmo sentido,Com Vítimas Feridas,Pleno dia,Crescente,Céu Claro,Simples,Reta;Declive,Não,4,0,2,0,1,1,2,4,"-22,559221","-55,490416",SPRF-MS,DEL04-MS,UOP03-DEL04-MS
587179,2024-03-14,quinta-feira,12:00:00,MT,163,"1051,1",MATUPA,Ausência de reação do condutor,Colisão lateral sentido oposto,Com Vítimas Feridas,Pleno dia,Crescente,Céu Claro,Simples,Reta,Não,2,0,0,1,0,1,1,2,"-10,081219","-54,910578",SPRF-MT,DEL06-MT,UOP03-DEL06-MT
587187,2024-03-14,quinta-feira,11:27:00,RS,290,"172,6",BUTIA,Demais falhas mecânicas ou elétricas,Incêndio,Sem Vítimas,Pleno dia,Crescente,Céu Claro,Simples,Reta,Não,1,0,0,0,1,0,0,1,"-30,126518","-51,930946",SPRF-RS,DEL02-RS,UOP03-DEL02-RS
587188,2024-03-14,quinta-feira,10:50:00,RJ,393,258,BARRA DO PIRAI,Acessar a via sem observar a presença dos outros veículos,Colisão transversal,Com Vítimas Feridas,Pleno dia,Crescente,Sol,Simples,Reta;Interseção de Vias,Não,5,0,1,0,3,2,1,5,"-22,46851425","-43,86428833",SPRF-RJ,DEL05-RJ,UOP04-DEL05-RJ
587191,2024-03-14,quinta-feira,07:20:00,MG,116,"577,3",MANHUACU,Velocidade Incompatível,Colisão lateral sentido oposto,Com Vítimas Feridas,Pleno dia,Crescente,Céu Claro,Simples,Curva;Declive,Não,4,0,1,0,2,2,1,5,"-20,161295","-42,189066",SPRF-MG,DEL06-MG,UOP03-DEL06-MG
587203,2024-03-14,quinta-feira,09:00:00,MT,163,845,SINOP,Condutor deixou de manter distância do veículo da frente,Colisão traseira,Sem Vítimas,Pleno dia,Decrescente,Céu Claro,Simples,Reta,Sim,2,0,0,0,1,1,0,2,"-11,89877541","-55,50500735",SPRF-MT,DEL06-MT,UOP02-DEL06-MT
587205,2024-03-14,quinta-feira,09:00:00,MA,135,245,PERITORO,Reação tardia ou ineficiente do condutor,Colisão lateral sentido oposto,Com Vítimas Fatais,Pleno dia,Decrescente,Nublado,Simples,Reta,Não,3,1,0,0,1,6,0,8,"-4,53022605","-44,35168229",SPRF-MA,DEL03-MA,UOP01-DEL03-MA
587207,2024-02-27,terça-feira,08:00:00,RS,392,"2,1",RIO GRANDE,Condutor deixou de manter distância do veículo da frente,Engavetamento,Com Vítimas Feridas,Pleno dia,Decrescente,Garoa/Chuvisco,Simples,Reta,Não,7,0,2,0,3,2,2,7,"-32,05362099","-52,08645803",SPRF-RS,DEL07-RS,UOP02-DEL07-RS
587214,2024-03-14,quinta-feira,14:40:00,PE,407,47,PETROLINA,Condutor Dormindo,Colisão lateral sentido oposto,Com Vítimas Feridas,Pleno dia,Crescente,Céu Claro,Simples,Reta,Não,5,0,1,0,3,1,1,3,"-8,79178343","-40,87357537",SPRF-PE,DEL06-PE,UOP02-DEL06-PE
587221,2024-03-14,quinta-feira,13:30:00,BA,116,392,SANTA BARBARA,Acessar a via sem observar a presença dos outros veículos,Tombamento,Com Vítimas Feridas,Pleno dia,Decrescente,Sol,Dupla,Reta,Não,2,0,1,0,0,1,1,2,"-11,95668603","-38,97578416",SPRF-BA,DEL02-BA,UOP01-DEL02-BA
587222,2024-03-14,quinta-feira,16:30:00,SP,116,356,MIRACATU,Velocidade Incompatível,Colisão traseira,Sem Vítimas,Pleno dia,Crescente,Céu Claro,Dupla,Túnel;Reta;Declive,Não,5,0,0,0,3,3,0,5,"-24,09650594","-47,25670436",SPRF-SP,DEL04-SP,UOP03-DEL04-SP
587224,2024-03-14,quinta-feira,10:50:00,MG,381,481,CONTAGEM,Condutor deixou de manter distância do veículo da frente,Colisão lateral mesmo sentido,Com Vítimas Feridas,Pleno dia,Decrescente,Céu Claro,Dupla,Reta,Sim,4,0,0,1,1,2,1,4,"-19,95931561","-44,08825597",SPRF-MG,DEL01-MG,UOP03-DEL01-MG
587235,2024-03-14,quinta-feira,12:30:00,PI,343,"344,8",TERESINA,Condutor deixou de manter distância do veículo da frente,Colisão traseira,Sem Vítimas,Pleno dia,Decrescente,Céu Claro,Simples,Reta,Sim,2,0,0,0,2,0,0,2,"-5,102889","-42,766506",SPRF-PI,DEL01-PI,UOP01-DEL01-PI
587237,2024-03-14,quinta-feira,16:25:00,TO,153,678,GURUPI,Condutor Dormindo,Colisão lateral sentido oposto,Com Vítimas Feridas,Pleno dia,Crescente,Céu Claro,Simples,Reta,Não,5,0,1,0,3,1,1,4,"-11,77460203","-49,10744996",SPRF-TO,DEL01-TO,UOP02-DEL01-TO
587242,2024-01-14,domingo,19:05:00,ES,262,"29,6",DOMINGOS MARTINS,Ultrapassagem Indevida,Colisão lateral sentido oposto,Com Vítimas Feridas,Plena Noite,Crescente,Céu Claro,Simples,Curva,Não,5,0,0,1,2,2,1,5,"-20,38426904","-40,55863435",SPRF-ES,DEL01-ES,UOP01-DEL01-ES
587243,2024-03-14,quinta-feira,17:06:00,MT,364,441,VARZEA GRANDE,Manobra de mudança de faixa,Colisão lateral mesmo sentido,Com Vítimas Feridas,Anoitecer,Decrescente,Céu Claro,Simples,Reta,Não,5,0,2,0,2,2,2,4,"-15,6468216","-56,18903017",SPRF-MT,DEL01-MT,UOP02-DEL01-MT
587244,2024-03-14,quinta-feira,00:15:00,PI,343,"311,8",ALTOS,Chuva,Colisão com objeto,Sem Vítimas,Plena Noite,Decrescente,Chuva,Simples,Curva,Não,1,0,0,0,1,0,0,1,"-5,039865","-42,49408",SPRF-PI,DEL01-PI,UOP01-DEL01-PI
587248,2024-03-14,quinta-feira,14:35:00,MT,163,"576,1",NOVA MUTUM,Demais falhas mecânicas ou elétricas,Incêndio,Sem Vítimas,Pleno dia,Decrescente,Sol,Simples,Reta,Não,2,0,0,0,1,2,0,3,"-14,11632394","-56,11857367",SPRF-MT,DEL01-MT,UOP01-DEL01-MT
587249,2024-03-14,quinta-feira,18:30:00,CE,116,163,RUSSAS,Objeto estático sobre o leito carroçável,Colisão traseira,Com Vítimas Feridas,Plena Noite,Decrescente,Céu Claro,Simples,Reta,Sim,2,0,0,1,1,0,1,2,"-4,938666","-37,989956",SPRF-CE,DEL03-CE,UOP01-DEL03-CE
587254,2024-03-14,quinta-feira,09:00:00,MT,158,421,RIBEIRAO CASCALHEIRA,Pista esburacada,Saída de leito carroçável,Sem Vítimas,Pleno dia,Crescente,Céu Claro,Simples,Reta,Não,2,0,0,0,1,3,0,4,"-12,93072031","-51,82259908",SPRF-MT,DEL07-MT,UOP02-DEL07-MT
587261,2024-03-14,quinta-feira,18:15:00,BA,324,603,SIMOES FILHO,Condutor deixou de manter distância do veículo da frente,Colisão traseira,Sem Vítimas,Plena Noite,Crescente,Garoa/Chuvisco,Dupla,Curva,Sim,4,0,0,0,3,1,0,4,"-12,77978866","-38,41589628",SPRF-BA,DEL01-BA,UOP01-DEL01-BA
587266,2024-03-14,quinta-feira,18:25:00,PR,373,298,PRUDENTOPOLIS,Reação tardia ou ineficiente do condutor,Capotamento,Com Vítimas Fatais,Anoitecer,Decrescente,Céu Claro,Simples,Curva,Não,1,1,0,0,0,0,0,1,"-25,29306257","-51,12921692",SPRF-PR,DEL08-PR,UOP01-DEL08-PR
587276,2024-03-14,quinta-feira,14:15:00,RJ,393,127,SAPUCAIA,Velocidade Incompatível,Colisão transversal,Com Vítimas Feridas,Pleno dia,Decrescente,Céu Claro,Simples,Curva,Sim,3,0,2,0,0,1,2,3,"-21,95405281","-42,84509996",SPRF-RJ,DEL05-RJ,UOP01-DEL05-RJ
587280,2024-03-14,quinta-feira,11:40:00,MG,50,27,ARAGUARI,Demais falhas mecânicas ou elétricas,Colisão traseira,Sem Vítimas,Pleno dia,Decrescente,Céu Claro,Dupla,Aclive;Reta,Não,3,0,0,0,3,0,0,2,"-18,61943321","-48,09375199",SPRF-MG,DEL15-MG,UOP02-DEL15-MG
587287,2024-03-14,quinta-feira,19:00:00,AL,423,84,DELMIRO GOUVEIA,Pedestre andava na pista,Atropelamento de Pedestre,Com Vítimas Feridas,Plena Noite,Crescente,Chuva,Simples,Reta,Não,2,0,0,1,0,1,1,2,"-9,34305022","-38,01996892",SPRF-BA,DEL07-BA,UOP01-DEL07-BA
587291,2024-03-14,quinta-feira,18:35:00,MS,163,103,ITAQUIRAI,Acessar a via sem observar a presença dos outros veículos,Colisão transversal,Sem Vítimas,Plena Noite,Crescente,Céu Claro,Simples,Reta,Não,2,0,0,0,2,0,0,2,"-23,25402074","-54,22770482",SPRF-MS,DEL09-MS,UOP01-DEL09-MS
587298,2024-03-14,quinta-feira,15:17:00,RJ,495,28,PETROPOLIS,Transitar na contramão,Colisão frontal,Com Vítimas Feridas,Pleno dia,Decrescente,Céu Claro,Simples,Curva,Não,2,0,0,1,1,0,1,2,"-22,396297","-43,120255",SPRF-RJ,DEL05-RJ,UOP02-DEL05-RJ
587300,2024-03-14,quinta-feira,22:00:00,RS,116,255,ESTEIO,Condutor Dormindo,Colisão lateral mesmo sentido,Sem Vítimas,Plena Noite,Crescente,Céu Claro,Dupla,Reta,Sim,2,0,0,0,2,0,0,2,"-29,83522986","-51,17484349",SPRF-RS,DEL01-RS,UOP02-DEL01-RS
587308,2024-03-14,quinta-feira,22:15:00,MG,40,"245,8",SAO GONCALO DO ABAETE,Animais na Pista,Colisão com objeto,Com Vítimas Feridas,Plena Noite,Crescente,Céu Claro,Simples,Curva;Declive,Não,2,0,1,0,0,1,1,2,"-18,0946169","-45,47580786",SPRF-MG,DEL14-MG,UOP02-DEL14-MG
587311,2024-03-14,quinta-feira,23:45:00,ES,259,"15,7",JOAO NEIVA,Ausência de reação do condutor,Colisão frontal,Com Vítimas Fatais,Plena Noite,Decrescente,Céu Claro,Simples,Curva,Não,3,2,0,0,1,0,0,2,"-19,65967081","-40,43165669",SPRF-ES,DEL02-ES,UOP01-DEL02-ES
587313,2024-03-14,quinta-feira,15:00:00,MA,135,61,SANTA RITA,Acumulo de areia ou detritos sobre o pavimento,Colisão com objeto,Sem Vítimas,Pleno dia,Crescente,Chuva,Dupla,Reta,Sim,1,0,0,0,1,0,0,1,"-3,06101506","-44,3210517",SPRF-MA,DEL01-MA,UOP02-DEL01-MA
587314,2024-03-15,sexta-feira,01:45:00,CE,116,13,FORTALEZA,Ingestão de álcool pelo condutor,Colisão lateral mesmo sentido,Com Vítimas Feridas,Plena Noite,Decrescente,Chuva,Simples,Reta,Sim,2,0,0,1,1,0,1,2,"-3,86088501","-38,49715296",SPRF-CE,DEL01-CE,UOP02-DEL01-CE
587317,2024-03-14,quinta-feira,13:20:00,PA,222,166,BOM JESUS DO TOCANTINS,Reação tardia ou ineficiente do condutor,Colisão traseira,Com Vítimas Feridas,Pleno dia,Decrescente,Céu Claro,Simples,Declive,Não,2,0,0,1,1,0,1,2,"-5,023616","-48,541481",SPRF-PA,DEL03-PA,UOP01-DEL03-PA
587318,2024-03-14,quinta-feira,23:40:00,MG,40,"696,2",BARBACENA,Avarias e/ou desgaste excessivo no pneu,Queda de ocupante de veículo,Com Vítimas Feridas,Plena Noite,Decrescente,Céu Claro,Simples,Reta,Não,4,0,3,0,0,1,3,4,"-21,17015972","-43,75641357",SPRF-MG,DEL05-MG,UOP02-DEL05-MG
587321,2024-03-15,sexta-feira,04:00:00,SE,101,"60,6",ROSARIO DO CATETE,Ultrapassagem Indevida,Colisão lateral sentido oposto,Com Vítimas Feridas,Plena Noite,Crescente,Céu Claro,Simples,Curva;Ponte;Em Obras,Não,3,0,0,2,1,0,2,2,"-10,67244825","-37,02887177",SPRF-SE,DEL02-SE,UOP02-DEL02-SE
587322,2024-03-15,sexta-feira,02:15:00,MG,116,634,DIVINO,Curva acentuada,Tombamento,Com Vítimas Feridas,Plena Noite,Crescente,Nublado,Simples,Declive;Curva,Não,1,0,1,0,0,0,1,1,"-20,61516","-42,217882",SPRF-MG,DEL07-MG,UOP02-DEL07-MG
587326,2024-03-14,quinta-feira,17:00:00,SP,116,"91,8",PINDAMONHANGABA,Ausência de reação do condutor,Colisão traseira,Com Vítimas Fatais,Pleno dia,Decrescente,Céu Claro,Dupla,Declive,Sim,2,1,0,0,1,0,0,2,"-22,94792286","-45,39587407",SPRF-SP,DEL08-SP,UOP01-DEL08-SP
587328,2024-03-14,quinta-feira,12:10:00,SP,116,223,GUARULHOS,Reação tardia ou ineficiente do condutor,Colisão lateral mesmo sentido,Com Vítimas Feridas,Pleno dia,Crescente,Sol,Múltipla,Reta,Sim,3,0,0,1,1,2,1,4,"-23,47559815","-46,5246609",SPRF-SP,DEL01-SP,UOP01-DEL01-SP
587329,2024-03-15,sexta-feira,06:45:00,SP,116,365,MIRACATU,Demais falhas mecânicas ou elétricas,Incêndio,Sem Vítimas,Pleno dia,Crescente,Céu Claro,Dupla,Reta,Não,2,0,0,0,1,1,0,2,"-24,14533813","-47,27537401",SPRF-SP,DEL04-SP,UOP02-DEL04-SP
587334,2024-03-15,sexta-feira,05:30:00,MG,381,"633,4",SANTO ANTONIO DO AMPARO,Ausência de reação do condutor,Colisão traseira,Com Vítimas Feridas,Amanhecer,Decrescente,Céu Claro,Dupla,Reta,Não,3,0,0,1,1,1,1,3,"-20,86933705","-44,84336892",SPRF-MG,DEL04-MG,UOP01-DEL04-MG